STRUCTURE,STRUCTURE_ID,STRUCTURE_NAME,freq,Time frequency,unit,Unit of measure,sex,Sex,hlth_hle,Health and life expectancy,geo,Geopolitical entity (reporting),TIME_PERIOD,Time,OBS_VALUE,Observation value,OBS_FLAG,Observation status (Flag) V2 structure,CONF_STATUS,Confidentiality status (flag)
dataflow,ESTAT:TPS00150(1.0),Healthy life years at birth by sex,A,Annual,YR,Year,T,Total,HLY_Y0,Healthy life years in absolute value at birth,AT,Austria,2013,,59.9,,,,,
dataflow,ESTAT:TPS00150(1.0),Healthy life years at birth by sex,A,Annual,YR,Year,T,Total,HLY_Y0,Healthy life years in absolute value at birth,AT,Austria,2014,,57.7,,,,,
dataflow,ESTAT:TPS00150(1.0),Healthy life years at birth by sex,A,Annual,YR,Year,T,Total,HLY_Y0,Healthy life years in absolute value at birth,AT,Austria,2015,,58.0,,,,,
dataflow,ESTAT:TPS00150(1.0),Healthy life years at birth by sex,A,Annual,YR,Year,T,Total,HLY_Y0,Healthy life years in absolute value at birth,AT,Austria,2016,,57.0,,,,,
dataflow,ESTAT:TPS00150(1.0),Healthy life years at birth by sex,A,Annual,YR,Year,T,Total,HLY_Y0,Healthy life years in absolute value at birth,AT,Austria,2017,,57.1,,,,,
dataflow,ESTAT:TPS00150(1.0),Healthy life years at birth by sex,A,Annual,YR,Year,T,Total,HLY_Y0,Healthy life years in absolute value at birth,AT,Austria,2018,,56.9,,,,,
dataflow,ESTAT:TPS00150(1.0),Healthy life years at birth by sex,A,Annual,YR,Year,T,Total,HLY_Y0,Healthy life years in absolute value at birth,AT,Austria,2019,,57.3,,,,,
dataflow,ESTAT:TPS00150(1.0),Healthy life years at birth by sex,A,Annual,YR,Year,T,Total,HLY_Y0,Healthy life years in absolute value at birth,AT,Austria,2020,,58.7,,,,,
dataflow,ESTAT:TPS00150(1.0),Healthy life years at birth by sex,A,Annual,YR,Year,T,Total,HLY_Y0,Healthy life years in absolute value at birth,AT,Austria,2021,,61.8,,,,,
dataflow,ESTAT:TPS00150(1.0),Healthy life years at birth by sex,A,Annual,YR,Year,T,Total,HLY_Y0,Healthy life years in absolute value at birth,AT,Austria,2022,,60.9,,,,,
dataflow,ESTAT:TPS00150(1.0),Healthy life years at birth by sex,A,Annual,YR,Year,T,Total,HLY_Y0,Healthy life years in absolute value at birth,AT,Austria,2023,,60.4,,,,,
dataflow,ESTAT:TPS00150(1.0),Healthy life years at birth by sex,A,Annual,YR,Year,T,Total,HLY_Y0,Healthy life years in absolute value at birth,AT,Austria,2024,,60.4,,,,,
dataflow,ESTAT:TPS00150(1.0),Healthy life years at birth by sex,A,Annual,YR,Year,T,Total,HLY_Y0,Healthy life years in absolute value at birth,BE,Belgium,2013,,63.9,,,,,
dataflow,ESTAT:TPS00150(1.0),Healthy life years at birth by sex,A,Annual,YR,Year,T,Total,HLY_Y0,Healthy life years in absolute value at birth,BE,Belgium,2014,,64.1,,,,,
dataflow,ESTAT:TPS00150(1.0),Healthy life years at birth by sex,A,Annual,YR,Year,T,Total,HLY_Y0,Healthy life years in absolute value at birth,BE,Belgium,2015,,64.2,,,,,
dataflow,ESTAT:TPS00150(1.0),Healthy life years at birth by sex,A,Annual,YR,Year,T,Total,HLY_Y0,Healthy life years in absolute value at birth,BE,Belgium,2016,,63.7,,,,,
dataflow,ESTAT:TPS00150(1.0),Healthy life years at birth by sex,A,Annual,YR,Year,T,Total,HLY_Y0,Healthy life years in absolute value at birth,BE,Belgium,2017,,63.7,,,,,
dataflow,ESTAT:TPS00150(1.0),Healthy life years at birth by sex,A,Annual,YR,Year,T,Total,HLY_Y0,Healthy life years in absolute value at birth,BE,Belgium,2018,,63.4,,,,,
dataflow,ESTAT:TPS00150(1.0),Healthy life years at birth by sex,A,Annual,YR,Year,T,Total,HLY_Y0,Healthy life years in absolute value at birth,BE,Belgium,2019,,62.4,,b,break in time series,,
dataflow,ESTAT:TPS00150(1.0),Healthy life years at birth by sex,A,Annual,YR,Year,T,Total,HLY_Y0,Healthy life years in absolute value at birth,BE,Belgium,2020,,63.8,,,,,
dataflow,ESTAT:TPS00150(1.0),Healthy life years at birth by sex,A,Annual,YR,Year,T,Total,HLY_Y0,Healthy life years in absolute value at birth,BE,Belgium,2021,,64.6,,,,,
dataflow,ESTAT:TPS00150(1.0),Healthy life years at birth by sex,A,Annual,YR,Year,T,Total,HLY_Y0,Healthy life years in absolute value at birth,BE,Belgium,2022,,63.7,,,,,
dataflow,ESTAT:TPS00150(1.0),Healthy life years at birth by sex,A,Annual,YR,Year,T,Total,HLY_Y0,Healthy life years in absolute value at birth,BE,Belgium,2023,,64.0,,,,,
dataflow,ESTAT:TPS00150(1.0),Healthy life years at birth by sex,A,Annual,YR,Year,T,Total,HLY_Y0,Healthy life years in absolute value at birth,BE,Belgium,2024,,63.9,,,,,
dataflow,ESTAT:TPS00150(1.0),Healthy life years at birth by sex,A,Annual,YR,Year,T,Total,HLY_Y0,Healthy life years in absolute value at birth,BG,Bulgaria,2013,,64.5,,,,,
dataflow,ESTAT:TPS00150(1.0),Healthy life years at birth by sex,A,Annual,YR,Year,T,Total,HLY_Y0,Healthy life years in absolute value at birth,BG,Bulgaria,2014,,64.0,,,,,
dataflow,ESTAT:TPS00150(1.0),Healthy life years at birth by sex,A,Annual,YR,Year,T,Total,HLY_Y0,Healthy life years in absolute value at birth,BG,Bulgaria,2015,,63.2,,,,,
dataflow,ESTAT:TPS00150(1.0),Healthy life years at birth by sex,A,Annual,YR,Year,T,Total,HLY_Y0,Healthy life years in absolute value at birth,BG,Bulgaria,2016,,65.7,,b,break in time series,,
dataflow,ESTAT:TPS00150(1.0),Healthy life years at birth by sex,A,Annual,YR,Year,T,Total,HLY_Y0,Healthy life years in absolute value at birth,BG,Bulgaria,2017,,64.5,,,,,
dataflow,ESTAT:TPS00150(1.0),Healthy life years at birth by sex,A,Annual,YR,Year,T,Total,HLY_Y0,Healthy life years in absolute value at birth,BG,Bulgaria,2018,,65.8,,,,,
dataflow,ESTAT:TPS00150(1.0),Healthy life years at birth by sex,A,Annual,YR,Year,T,Total,HLY_Y0,Healthy life years in absolute value at birth,BG,Bulgaria,2019,,66.3,,,,,
dataflow,ESTAT:TPS00150(1.0),Healthy life years at birth by sex,A,Annual,YR,Year,T,Total,HLY_Y0,Healthy life years in absolute value at birth,BG,Bulgaria,2020,,65.6,,,,,
dataflow,ESTAT:TPS00150(1.0),Healthy life years at birth by sex,A,Annual,YR,Year,T,Total,HLY_Y0,Healthy life years in absolute value at birth,BG,Bulgaria,2021,,63.3,,,,,
dataflow,ESTAT:TPS00150(1.0),Healthy life years at birth by sex,A,Annual,YR,Year,T,Total,HLY_Y0,Healthy life years in absolute value at birth,BG,Bulgaria,2022,,66.7,,b,break in time series,,
dataflow,ESTAT:TPS00150(1.0),Healthy life years at birth by sex,A,Annual,YR,Year,T,Total,HLY_Y0,Healthy life years in absolute value at birth,BG,Bulgaria,2023,,68.6,,,,,
dataflow,ESTAT:TPS00150(1.0),Healthy life years at birth by sex,A,Annual,YR,Year,T,Total,HLY_Y0,Healthy life years in absolute value at birth,BG,Bulgaria,2024,,69.1,,,,,
dataflow,ESTAT:TPS00150(1.0),Healthy life years at birth by sex,A,Annual,YR,Year,T,Total,HLY_Y0,Healthy life years in absolute value at birth,CH,Switzerland,2013,,60.0,,b,break in time series,,
dataflow,ESTAT:TPS00150(1.0),Healthy life years at birth by sex,A,Annual,YR,Year,T,Total,HLY_Y0,Healthy life years in absolute value at birth,CH,Switzerland,2014,,58.6,,,,,
dataflow,ESTAT:TPS00150(1.0),Healthy life years at birth by sex,A,Annual,YR,Year,T,Total,HLY_Y0,Healthy life years in absolute value at birth,CH,Switzerland,2015,,59.4,,,,,
dataflow,ESTAT:TPS00150(1.0),Healthy life years at birth by sex,A,Annual,YR,Year,T,Total,HLY_Y0,Healthy life years in absolute value at birth,CH,Switzerland,2016,,59.4,,,,,
dataflow,ESTAT:TPS00150(1.0),Healthy life years at birth by sex,A,Annual,YR,Year,T,Total,HLY_Y0,Healthy life years in absolute value at birth,CH,Switzerland,2017,,60.6,,,,,
dataflow,ESTAT:TPS00150(1.0),Healthy life years at birth by sex,A,Annual,YR,Year,T,Total,HLY_Y0,Healthy life years in absolute value at birth,CH,Switzerland,2018,,60.5,,,,,
dataflow,ESTAT:TPS00150(1.0),Healthy life years at birth by sex,A,Annual,YR,Year,T,Total,HLY_Y0,Healthy life years in absolute value at birth,CH,Switzerland,2019,,60.6,,,,,
dataflow,ESTAT:TPS00150(1.0),Healthy life years at birth by sex,A,Annual,YR,Year,T,Total,HLY_Y0,Healthy life years in absolute value at birth,CH,Switzerland,2020,,61.5,,,,,
dataflow,ESTAT:TPS00150(1.0),Healthy life years at birth by sex,A,Annual,YR,Year,T,Total,HLY_Y0,Healthy life years in absolute value at birth,CH,Switzerland,2021,,61.4,,,,,
dataflow,ESTAT:TPS00150(1.0),Healthy life years at birth by sex,A,Annual,YR,Year,T,Total,HLY_Y0,Healthy life years in absolute value at birth,CH,Switzerland,2022,,59.1,,,,,
dataflow,ESTAT:TPS00150(1.0),Healthy life years at birth by sex,A,Annual,YR,Year,T,Total,HLY_Y0,Healthy life years in absolute value at birth,CH,Switzerland,2023,,57.6,,,,,
dataflow,ESTAT:TPS00150(1.0),Healthy life years at birth by sex,A,Annual,YR,Year,T,Total,HLY_Y0,Healthy life years in absolute value at birth,CH,Switzerland,2024,,58.0,,,,,
dataflow,ESTAT:TPS00150(1.0),Healthy life years at birth by sex,A,Annual,YR,Year,T,Total,HLY_Y0,Healthy life years in absolute value at birth,CY,Cyprus,2013,,64.7,,,,,
dataflow,ESTAT:TPS00150(1.0),Healthy life years at birth by sex,A,Annual,YR,Year,T,Total,HLY_Y0,Healthy life years in absolute value at birth,CY,Cyprus,2014,,66.0,,,,,
dataflow,ESTAT:TPS00150(1.0),Healthy life years at birth by sex,A,Annual,YR,Year,T,Total,HLY_Y0,Healthy life years in absolute value at birth,CY,Cyprus,2015,,63.3,,,,,
dataflow,ESTAT:TPS00150(1.0),Healthy life years at birth by sex,A,Annual,YR,Year,T,Total,HLY_Y0,Healthy life years in absolute value at birth,CY,Cyprus,2016,,68.2,,,,,
dataflow,ESTAT:TPS00150(1.0),Healthy life years at birth by sex,A,Annual,YR,Year,T,Total,HLY_Y0,Healthy life years in absolute value at birth,CY,Cyprus,2017,,65.2,,,,,
dataflow,ESTAT:TPS00150(1.0),Healthy life years at birth by sex,A,Annual,YR,Year,T,Total,HLY_Y0,Healthy life years in absolute value at birth,CY,Cyprus,2018,,62.2,,,,,
dataflow,ESTAT:TPS00150(1.0),Healthy life years at birth by sex,A,Annual,YR,Year,T,Total,HLY_Y0,Healthy life years in absolute value at birth,CY,Cyprus,2019,,62.5,,,,,
dataflow,ESTAT:TPS00150(1.0),Healthy life years at birth by sex,A,Annual,YR,Year,T,Total,HLY_Y0,Healthy life years in absolute value at birth,CY,Cyprus,2020,,62.9,,,,,
dataflow,ESTAT:TPS00150(1.0),Healthy life years at birth by sex,A,Annual,YR,Year,T,Total,HLY_Y0,Healthy life years in absolute value at birth,CY,Cyprus,2021,,65.7,,,,,
dataflow,ESTAT:TPS00150(1.0),Healthy life years at birth by sex,A,Annual,YR,Year,T,Total,HLY_Y0,Healthy life years in absolute value at birth,CY,Cyprus,2022,,66.0,,,,,
dataflow,ESTAT:TPS00150(1.0),Healthy life years at birth by sex,A,Annual,YR,Year,T,Total,HLY_Y0,Healthy life years in absolute value at birth,CY,Cyprus,2023,,65.0,,,,,
dataflow,ESTAT:TPS00150(1.0),Healthy life years at birth by sex,A,Annual,YR,Year,T,Total,HLY_Y0,Healthy life years in absolute value at birth,CY,Cyprus,2024,,63.9,,,,,
dataflow,ESTAT:TPS00150(1.0),Healthy life years at birth by sex,A,Annual,YR,Year,T,Total,HLY_Y0,Healthy life years in absolute value at birth,CZ,Czechia,2013,,63.3,,,,,
dataflow,ESTAT:TPS00150(1.0),Healthy life years at birth by sex,A,Annual,YR,Year,T,Total,HLY_Y0,Healthy life years in absolute value at birth,CZ,Czechia,2014,,64.1,,,,,
dataflow,ESTAT:TPS00150(1.0),Healthy life years at birth by sex,A,Annual,YR,Year,T,Total,HLY_Y0,Healthy life years in absolute value at birth,CZ,Czechia,2015,,63.0,,,,,
dataflow,ESTAT:TPS00150(1.0),Healthy life years at birth by sex,A,Annual,YR,Year,T,Total,HLY_Y0,Healthy life years in absolute value at birth,CZ,Czechia,2016,,63.3,,,,,
dataflow,ESTAT:TPS00150(1.0),Healthy life years at birth by sex,A,Annual,YR,Year,T,Total,HLY_Y0,Healthy life years in absolute value at birth,CZ,Czechia,2017,,61.4,,,,,
dataflow,ESTAT:TPS00150(1.0),Healthy life years at birth by sex,A,Annual,YR,Year,T,Total,HLY_Y0,Healthy life years in absolute value at birth,CZ,Czechia,2018,,62.7,,,,,
dataflow,ESTAT:TPS00150(1.0),Healthy life years at birth by sex,A,Annual,YR,Year,T,Total,HLY_Y0,Healthy life years in absolute value at birth,CZ,Czechia,2019,,62.0,,,,,
dataflow,ESTAT:TPS00150(1.0),Healthy life years at birth by sex,A,Annual,YR,Year,T,Total,HLY_Y0,Healthy life years in absolute value at birth,CZ,Czechia,2020,,61.6,,,,,
dataflow,ESTAT:TPS00150(1.0),Healthy life years at birth by sex,A,Annual,YR,Year,T,Total,HLY_Y0,Healthy life years in absolute value at birth,CZ,Czechia,2021,,62,,,,,
dataflow,ESTAT:TPS00150(1.0),Healthy life years at birth by sex,A,Annual,YR,Year,T,Total,HLY_Y0,Healthy life years in absolute value at birth,CZ,Czechia,2022,,61.8,,,,,
dataflow,ESTAT:TPS00150(1.0),Healthy life years at birth by sex,A,Annual,YR,Year,T,Total,HLY_Y0,Healthy life years in absolute value at birth,CZ,Czechia,2023,,62.0,,,,,
dataflow,ESTAT:TPS00150(1.0),Healthy life years at birth by sex,A,Annual,YR,Year,T,Total,HLY_Y0,Healthy life years in absolute value at birth,CZ,Czechia,2024,,62.4,,,,,
dataflow,ESTAT:TPS00150(1.0),Healthy life years at birth by sex,A,Annual,YR,Year,T,Total,HLY_Y0,Healthy life years in absolute value at birth,DE,Germany,2013,,57.4,,,,,
dataflow,ESTAT:TPS00150(1.0),Healthy life years at birth by sex,A,Annual,YR,Year,T,Total,HLY_Y0,Healthy life years in absolute value at birth,DE,Germany,2014,,56.5,,,,,
dataflow,ESTAT:TPS00150(1.0),Healthy life years at birth by sex,A,Annual,YR,Year,T,Total,HLY_Y0,Healthy life years in absolute value at birth,DE,Germany,2015,,66.4,,b,break in time series,,
dataflow,ESTAT:TPS00150(1.0),Healthy life years at birth by sex,A,Annual,YR,Year,T,Total,HLY_Y0,Healthy life years in absolute value at birth,DE,Germany,2016,,66.4,,,,,
dataflow,ESTAT:TPS00150(1.0),Healthy life years at birth by sex,A,Annual,YR,Year,T,Total,HLY_Y0,Healthy life years in absolute value at birth,DE,Germany,2017,,66.0,,,,,
dataflow,ESTAT:TPS00150(1.0),Healthy life years at birth by sex,A,Annual,YR,Year,T,Total,HLY_Y0,Healthy life years in absolute value at birth,DE,Germany,2018,,65.8,,,,,
dataflow,ESTAT:TPS00150(1.0),Healthy life years at birth by sex,A,Annual,YR,Year,T,Total,HLY_Y0,Healthy life years in absolute value at birth,DE,Germany,2019,,66.3,,,,,
dataflow,ESTAT:TPS00150(1.0),Healthy life years at birth by sex,A,Annual,YR,Year,T,Total,HLY_Y0,Healthy life years in absolute value at birth,DE,Germany,2020,,65.7,,b,break in time series,,
dataflow,ESTAT:TPS00150(1.0),Healthy life years at birth by sex,A,Annual,YR,Year,T,Total,HLY_Y0,Healthy life years in absolute value at birth,DE,Germany,2021,,65.6,,,,,
dataflow,ESTAT:TPS00150(1.0),Healthy life years at birth by sex,A,Annual,YR,Year,T,Total,HLY_Y0,Healthy life years in absolute value at birth,DE,Germany,2022,,61.1,,bu,"break in time series, low reliability",,
dataflow,ESTAT:TPS00150(1.0),Healthy life years at birth by sex,A,Annual,YR,Year,T,Total,HLY_Y0,Healthy life years in absolute value at birth,DE,Germany,2023,,62.5,,b,break in time series,,
dataflow,ESTAT:TPS00150(1.0),Healthy life years at birth by sex,A,Annual,YR,Year,T,Total,HLY_Y0,Healthy life years in absolute value at birth,DE,Germany,2024,,62.4,,,,,
dataflow,ESTAT:TPS00150(1.0),Healthy life years at birth by sex,A,Annual,YR,Year,T,Total,HLY_Y0,Healthy life years in absolute value at birth,DK,Denmark,2013,,60.5,,,,,
dataflow,ESTAT:TPS00150(1.0),Healthy life years at birth by sex,A,Annual,YR,Year,T,Total,HLY_Y0,Healthy life years in absolute value at birth,DK,Denmark,2014,,60.9,,,,,
dataflow,ESTAT:TPS00150(1.0),Healthy life years at birth by sex,A,Annual,YR,Year,T,Total,HLY_Y0,Healthy life years in absolute value at birth,DK,Denmark,2015,,59.1,,,,,
dataflow,ESTAT:TPS00150(1.0),Healthy life years at birth by sex,A,Annual,YR,Year,T,Total,HLY_Y0,Healthy life years in absolute value at birth,DK,Denmark,2016,,60.3,,,,,
dataflow,ESTAT:TPS00150(1.0),Healthy life years at birth by sex,A,Annual,YR,Year,T,Total,HLY_Y0,Healthy life years in absolute value at birth,DK,Denmark,2017,,59.7,,,,,
dataflow,ESTAT:TPS00150(1.0),Healthy life years at birth by sex,A,Annual,YR,Year,T,Total,HLY_Y0,Healthy life years in absolute value at birth,DK,Denmark,2018,,60.9,,,,,
dataflow,ESTAT:TPS00150(1.0),Healthy life years at birth by sex,A,Annual,YR,Year,T,Total,HLY_Y0,Healthy life years in absolute value at birth,DK,Denmark,2019,,58.9,,,,,
dataflow,ESTAT:TPS00150(1.0),Healthy life years at birth by sex,A,Annual,YR,Year,T,Total,HLY_Y0,Healthy life years in absolute value at birth,DK,Denmark,2020,,58.0,,b,break in time series,,
dataflow,ESTAT:TPS00150(1.0),Healthy life years at birth by sex,A,Annual,YR,Year,T,Total,HLY_Y0,Healthy life years in absolute value at birth,DK,Denmark,2021,,56.6,,,,,
dataflow,ESTAT:TPS00150(1.0),Healthy life years at birth by sex,A,Annual,YR,Year,T,Total,HLY_Y0,Healthy life years in absolute value at birth,DK,Denmark,2022,,55.9,,,,,
dataflow,ESTAT:TPS00150(1.0),Healthy life years at birth by sex,A,Annual,YR,Year,T,Total,HLY_Y0,Healthy life years in absolute value at birth,DK,Denmark,2023,,56.3,,,,,
dataflow,ESTAT:TPS00150(1.0),Healthy life years at birth by sex,A,Annual,YR,Year,T,Total,HLY_Y0,Healthy life years in absolute value at birth,DK,Denmark,2024,,62.4,,b,break in time series,,
dataflow,ESTAT:TPS00150(1.0),Healthy life years at birth by sex,A,Annual,YR,Year,T,Total,HLY_Y0,Healthy life years in absolute value at birth,EE,Estonia,2013,,55.5,,,,,
dataflow,ESTAT:TPS00150(1.0),Healthy life years at birth by sex,A,Annual,YR,Year,T,Total,HLY_Y0,Healthy life years in absolute value at birth,EE,Estonia,2014,,55.2,,,,,
dataflow,ESTAT:TPS00150(1.0),Healthy life years at birth by sex,A,Annual,YR,Year,T,Total,HLY_Y0,Healthy life years in absolute value at birth,EE,Estonia,2015,,55.0,,,,,
dataflow,ESTAT:TPS00150(1.0),Healthy life years at birth by sex,A,Annual,YR,Year,T,Total,HLY_Y0,Healthy life years in absolute value at birth,EE,Estonia,2016,,56.8,,,,,
dataflow,ESTAT:TPS00150(1.0),Healthy life years at birth by sex,A,Annual,YR,Year,T,Total,HLY_Y0,Healthy life years in absolute value at birth,EE,Estonia,2017,,56.0,,,,,
dataflow,ESTAT:TPS00150(1.0),Healthy life years at birth by sex,A,Annual,YR,Year,T,Total,HLY_Y0,Healthy life years in absolute value at birth,EE,Estonia,2018,,53.9,,,,,
dataflow,ESTAT:TPS00150(1.0),Healthy life years at birth by sex,A,Annual,YR,Year,T,Total,HLY_Y0,Healthy life years in absolute value at birth,EE,Estonia,2019,,55.8,,,,,
dataflow,ESTAT:TPS00150(1.0),Healthy life years at birth by sex,A,Annual,YR,Year,T,Total,HLY_Y0,Healthy life years in absolute value at birth,EE,Estonia,2020,,57.6,,,,,
dataflow,ESTAT:TPS00150(1.0),Healthy life years at birth by sex,A,Annual,YR,Year,T,Total,HLY_Y0,Healthy life years in absolute value at birth,EE,Estonia,2021,,56.5,,,,,
dataflow,ESTAT:TPS00150(1.0),Healthy life years at birth by sex,A,Annual,YR,Year,T,Total,HLY_Y0,Healthy life years in absolute value at birth,EE,Estonia,2022,,59.3,,,,,
dataflow,ESTAT:TPS00150(1.0),Healthy life years at birth by sex,A,Annual,YR,Year,T,Total,HLY_Y0,Healthy life years in absolute value at birth,EE,Estonia,2023,,58.1,,,,,
dataflow,ESTAT:TPS00150(1.0),Healthy life years at birth by sex,A,Annual,YR,Year,T,Total,HLY_Y0,Healthy life years in absolute value at birth,EE,Estonia,2024,,58.6,,,,,
dataflow,ESTAT:TPS00150(1.0),Healthy life years at birth by sex,A,Annual,YR,Year,T,Total,HLY_Y0,Healthy life years in absolute value at birth,EL,Greece,2013,,64.9,,,,,
dataflow,ESTAT:TPS00150(1.0),Healthy life years at birth by sex,A,Annual,YR,Year,T,Total,HLY_Y0,Healthy life years in absolute value at birth,EL,Greece,2014,,64.5,,,,,
dataflow,ESTAT:TPS00150(1.0),Healthy life years at birth by sex,A,Annual,YR,Year,T,Total,HLY_Y0,Healthy life years in absolute value at birth,EL,Greece,2015,,64.0,,,,,
dataflow,ESTAT:TPS00150(1.0),Healthy life years at birth by sex,A,Annual,YR,Year,T,Total,HLY_Y0,Healthy life years in absolute value at birth,EL,Greece,2016,,64.3,,,,,
dataflow,ESTAT:TPS00150(1.0),Healthy life years at birth by sex,A,Annual,YR,Year,T,Total,HLY_Y0,Healthy life years in absolute value at birth,EL,Greece,2017,,64.8,,,,,
dataflow,ESTAT:TPS00150(1.0),Healthy life years at birth by sex,A,Annual,YR,Year,T,Total,HLY_Y0,Healthy life years in absolute value at birth,EL,Greece,2018,,65.4,,,,,
dataflow,ESTAT:TPS00150(1.0),Healthy life years at birth by sex,A,Annual,YR,Year,T,Total,HLY_Y0,Healthy life years in absolute value at birth,EL,Greece,2019,,66.0,,,,,
dataflow,ESTAT:TPS00150(1.0),Healthy life years at birth by sex,A,Annual,YR,Year,T,Total,HLY_Y0,Healthy life years in absolute value at birth,EL,Greece,2020,,65.9,,,,,
dataflow,ESTAT:TPS00150(1.0),Healthy life years at birth by sex,A,Annual,YR,Year,T,Total,HLY_Y0,Healthy life years in absolute value at birth,EL,Greece,2021,,65.6,,,,,
dataflow,ESTAT:TPS00150(1.0),Healthy life years at birth by sex,A,Annual,YR,Year,T,Total,HLY_Y0,Healthy life years in absolute value at birth,EL,Greece,2022,,67.0,,,,,
dataflow,ESTAT:TPS00150(1.0),Healthy life years at birth by sex,A,Annual,YR,Year,T,Total,HLY_Y0,Healthy life years in absolute value at birth,EL,Greece,2023,,66.6,,,,,
dataflow,ESTAT:TPS00150(1.0),Healthy life years at birth by sex,A,Annual,YR,Year,T,Total,HLY_Y0,Healthy life years in absolute value at birth,EL,Greece,2024,,69.9,,,,,
dataflow,ESTAT:TPS00150(1.0),Healthy life years at birth by sex,A,Annual,YR,Year,T,Total,HLY_Y0,Healthy life years in absolute value at birth,ES,Spain,2013,,64.3,,,,,
dataflow,ESTAT:TPS00150(1.0),Healthy life years at birth by sex,A,Annual,YR,Year,T,Total,HLY_Y0,Healthy life years in absolute value at birth,ES,Spain,2014,,65.0,,,,,
dataflow,ESTAT:TPS00150(1.0),Healthy life years at birth by sex,A,Annual,YR,Year,T,Total,HLY_Y0,Healthy life years in absolute value at birth,ES,Spain,2015,,64.0,,,,,
dataflow,ESTAT:TPS00150(1.0),Healthy life years at birth by sex,A,Annual,YR,Year,T,Total,HLY_Y0,Healthy life years in absolute value at birth,ES,Spain,2016,,66.2,,,,,
dataflow,ESTAT:TPS00150(1.0),Healthy life years at birth by sex,A,Annual,YR,Year,T,Total,HLY_Y0,Healthy life years in absolute value at birth,ES,Spain,2017,,69.4,,,,,
dataflow,ESTAT:TPS00150(1.0),Healthy life years at birth by sex,A,Annual,YR,Year,T,Total,HLY_Y0,Healthy life years in absolute value at birth,ES,Spain,2018,,68.0,,,,,
dataflow,ESTAT:TPS00150(1.0),Healthy life years at birth by sex,A,Annual,YR,Year,T,Total,HLY_Y0,Healthy life years in absolute value at birth,ES,Spain,2019,,69.9,,,,,
dataflow,ESTAT:TPS00150(1.0),Healthy life years at birth by sex,A,Annual,YR,Year,T,Total,HLY_Y0,Healthy life years in absolute value at birth,ES,Spain,2020,,66.3,,,,,
dataflow,ESTAT:TPS00150(1.0),Healthy life years at birth by sex,A,Annual,YR,Year,T,Total,HLY_Y0,Healthy life years in absolute value at birth,ES,Spain,2021,,62.8,,,,,
dataflow,ESTAT:TPS00150(1.0),Healthy life years at birth by sex,A,Annual,YR,Year,T,Total,HLY_Y0,Healthy life years in absolute value at birth,ES,Spain,2022,,61.2,,,,,
dataflow,ESTAT:TPS00150(1.0),Healthy life years at birth by sex,A,Annual,YR,Year,T,Total,HLY_Y0,Healthy life years in absolute value at birth,ES,Spain,2023,,62.1,,,,,
dataflow,ESTAT:TPS00150(1.0),Healthy life years at birth by sex,A,Annual,YR,Year,T,Total,HLY_Y0,Healthy life years in absolute value at birth,ES,Spain,2024,,68.6,,b,break in time series,,
dataflow,ESTAT:TPS00150(1.0),Healthy life years at birth by sex,A,Annual,YR,Year,T,Total,HLY_Y0,Healthy life years in absolute value at birth,EU27_2020,European Union - 27 countries (from 2020),2013,,61.0,,,,,
dataflow,ESTAT:TPS00150(1.0),Healthy life years at birth by sex,A,Annual,YR,Year,T,Total,HLY_Y0,Healthy life years in absolute value at birth,EU27_2020,European Union - 27 countries (from 2020),2014,,61.3,,,,,
dataflow,ESTAT:TPS00150(1.0),Healthy life years at birth by sex,A,Annual,YR,Year,T,Total,HLY_Y0,Healthy life years in absolute value at birth,EU27_2020,European Union - 27 countries (from 2020),2015,,62.8,,b,break in time series,,
dataflow,ESTAT:TPS00150(1.0),Healthy life years at birth by sex,A,Annual,YR,Year,T,Total,HLY_Y0,Healthy life years in absolute value at birth,EU27_2020,European Union - 27 countries (from 2020),2016,,64.0,,,,,
dataflow,ESTAT:TPS00150(1.0),Healthy life years at birth by sex,A,Annual,YR,Year,T,Total,HLY_Y0,Healthy life years in absolute value at birth,EU27_2020,European Union - 27 countries (from 2020),2017,,63.9,,,,,
dataflow,ESTAT:TPS00150(1.0),Healthy life years at birth by sex,A,Annual,YR,Year,T,Total,HLY_Y0,Healthy life years in absolute value at birth,EU27_2020,European Union - 27 countries (from 2020),2018,,64.0,,,,,
dataflow,ESTAT:TPS00150(1.0),Healthy life years at birth by sex,A,Annual,YR,Year,T,Total,HLY_Y0,Healthy life years in absolute value at birth,EU27_2020,European Union - 27 countries (from 2020),2019,,64.6,,,,,
dataflow,ESTAT:TPS00150(1.0),Healthy life years at birth by sex,A,Annual,YR,Year,T,Total,HLY_Y0,Healthy life years in absolute value at birth,EU27_2020,European Union - 27 countries (from 2020),2020,,64.0,,,,,
dataflow,ESTAT:TPS00150(1.0),Healthy life years at birth by sex,A,Annual,YR,Year,T,Total,HLY_Y0,Healthy life years in absolute value at birth,EU27_2020,European Union - 27 countries (from 2020),2021,,63.6,,,,,
dataflow,ESTAT:TPS00150(1.0),Healthy life years at birth by sex,A,Annual,YR,Year,T,Total,HLY_Y0,Healthy life years in absolute value at birth,EU27_2020,European Union - 27 countries (from 2020),2022,,62.6,,b,break in time series,,
dataflow,ESTAT:TPS00150(1.0),Healthy life years at birth by sex,A,Annual,YR,Year,T,Total,HLY_Y0,Healthy life years in absolute value at birth,EU27_2020,European Union - 27 countries (from 2020),2023,,63.1,,bep,"break in time series, estimated, provisional",,
dataflow,ESTAT:TPS00150(1.0),Healthy life years at birth by sex,A,Annual,YR,Year,T,Total,HLY_Y0,Healthy life years in absolute value at birth,EU27_2020,European Union - 27 countries (from 2020),2024,,65.2,,,,,
dataflow,ESTAT:TPS00150(1.0),Healthy life years at birth by sex,A,Annual,YR,Year,T,Total,HLY_Y0,Healthy life years in absolute value at birth,FI,Finland,2014,,58.2,,,,,
dataflow,ESTAT:TPS00150(1.0),Healthy life years at birth by sex,A,Annual,YR,Year,T,Total,HLY_Y0,Healthy life years in absolute value at birth,FI,Finland,2015,,57.8,,,,,
dataflow,ESTAT:TPS00150(1.0),Healthy life years at birth by sex,A,Annual,YR,Year,T,Total,HLY_Y0,Healthy life years in absolute value at birth,FI,Finland,2016,,58.1,,,,,
dataflow,ESTAT:TPS00150(1.0),Healthy life years at birth by sex,A,Annual,YR,Year,T,Total,HLY_Y0,Healthy life years in absolute value at birth,FI,Finland,2017,,57.4,,,,,
dataflow,ESTAT:TPS00150(1.0),Healthy life years at birth by sex,A,Annual,YR,Year,T,Total,HLY_Y0,Healthy life years in absolute value at birth,FI,Finland,2018,,57.4,,,,,
dataflow,ESTAT:TPS00150(1.0),Healthy life years at birth by sex,A,Annual,YR,Year,T,Total,HLY_Y0,Healthy life years in absolute value at birth,FI,Finland,2019,,56.4,,,,,
dataflow,ESTAT:TPS00150(1.0),Healthy life years at birth by sex,A,Annual,YR,Year,T,Total,HLY_Y0,Healthy life years in absolute value at birth,FI,Finland,2020,,56.9,,,,,
dataflow,ESTAT:TPS00150(1.0),Healthy life years at birth by sex,A,Annual,YR,Year,T,Total,HLY_Y0,Healthy life years in absolute value at birth,FI,Finland,2021,,61.7,,,,,
dataflow,ESTAT:TPS00150(1.0),Healthy life years at birth by sex,A,Annual,YR,Year,T,Total,HLY_Y0,Healthy life years in absolute value at birth,FI,Finland,2022,,57.9,,,,,
dataflow,ESTAT:TPS00150(1.0),Healthy life years at birth by sex,A,Annual,YR,Year,T,Total,HLY_Y0,Healthy life years in absolute value at birth,FI,Finland,2023,,57.1,,,,,
dataflow,ESTAT:TPS00150(1.0),Healthy life years at birth by sex,A,Annual,YR,Year,T,Total,HLY_Y0,Healthy life years in absolute value at birth,FI,Finland,2024,,57.3,,,,,
dataflow,ESTAT:TPS00150(1.0),Healthy life years at birth by sex,A,Annual,YR,Year,T,Total,HLY_Y0,Healthy life years in absolute value at birth,FR,France,2013,,63.6,,,,,
dataflow,ESTAT:TPS00150(1.0),Healthy life years at birth by sex,A,Annual,YR,Year,T,Total,HLY_Y0,Healthy life years in absolute value at birth,FR,France,2014,,63.8,,,,,
dataflow,ESTAT:TPS00150(1.0),Healthy life years at birth by sex,A,Annual,YR,Year,T,Total,HLY_Y0,Healthy life years in absolute value at birth,FR,France,2015,,63.6,,,,,
dataflow,ESTAT:TPS00150(1.0),Healthy life years at birth by sex,A,Annual,YR,Year,T,Total,HLY_Y0,Healthy life years in absolute value at birth,FR,France,2016,,63.4,,,,,
dataflow,ESTAT:TPS00150(1.0),Healthy life years at birth by sex,A,Annual,YR,Year,T,Total,HLY_Y0,Healthy life years in absolute value at birth,FR,France,2017,,63.7,,,,,
dataflow,ESTAT:TPS00150(1.0),Healthy life years at birth by sex,A,Annual,YR,Year,T,Total,HLY_Y0,Healthy life years in absolute value at birth,FR,France,2018,,63.9,,,,,
dataflow,ESTAT:TPS00150(1.0),Healthy life years at birth by sex,A,Annual,YR,Year,T,Total,HLY_Y0,Healthy life years in absolute value at birth,FR,France,2019,,64.1,,,,,
dataflow,ESTAT:TPS00150(1.0),Healthy life years at birth by sex,A,Annual,YR,Year,T,Total,HLY_Y0,Healthy life years in absolute value at birth,FR,France,2020,,64.6,,b,break in time series,,
dataflow,ESTAT:TPS00150(1.0),Healthy life years at birth by sex,A,Annual,YR,Year,T,Total,HLY_Y0,Healthy life years in absolute value at birth,FR,France,2021,,66.2,,,,,
dataflow,ESTAT:TPS00150(1.0),Healthy life years at birth by sex,A,Annual,YR,Year,T,Total,HLY_Y0,Healthy life years in absolute value at birth,FR,France,2022,,64.4,,bp,"break in time series, provisional",,
dataflow,ESTAT:TPS00150(1.0),Healthy life years at birth by sex,A,Annual,YR,Year,T,Total,HLY_Y0,Healthy life years in absolute value at birth,FR,France,2023,,63.8,,p,provisional,,
dataflow,ESTAT:TPS00150(1.0),Healthy life years at birth by sex,A,Annual,YR,Year,T,Total,HLY_Y0,Healthy life years in absolute value at birth,FR,France,2024,,63.6,,p,provisional,,
dataflow,ESTAT:TPS00150(1.0),Healthy life years at birth by sex,A,Annual,YR,Year,T,Total,HLY_Y0,Healthy life years in absolute value at birth,HR,Croatia,2013,,59.0,,b,break in time series,,
dataflow,ESTAT:TPS00150(1.0),Healthy life years at birth by sex,A,Annual,YR,Year,T,Total,HLY_Y0,Healthy life years in absolute value at birth,HR,Croatia,2014,,59.3,,,,,
dataflow,ESTAT:TPS00150(1.0),Healthy life years at birth by sex,A,Annual,YR,Year,T,Total,HLY_Y0,Healthy life years in absolute value at birth,HR,Croatia,2015,,56.1,,,,,
dataflow,ESTAT:TPS00150(1.0),Healthy life years at birth by sex,A,Annual,YR,Year,T,Total,HLY_Y0,Healthy life years in absolute value at birth,HR,Croatia,2016,,57.9,,,,,
dataflow,ESTAT:TPS00150(1.0),Healthy life years at birth by sex,A,Annual,YR,Year,T,Total,HLY_Y0,Healthy life years in absolute value at birth,HR,Croatia,2017,,57.6,,,,,
dataflow,ESTAT:TPS00150(1.0),Healthy life years at birth by sex,A,Annual,YR,Year,T,Total,HLY_Y0,Healthy life years in absolute value at birth,HR,Croatia,2018,,57.5,,,,,
dataflow,ESTAT:TPS00150(1.0),Healthy life years at birth by sex,A,Annual,YR,Year,T,Total,HLY_Y0,Healthy life years in absolute value at birth,HR,Croatia,2019,,57.4,,,,,
dataflow,ESTAT:TPS00150(1.0),Healthy life years at birth by sex,A,Annual,YR,Year,T,Total,HLY_Y0,Healthy life years in absolute value at birth,HR,Croatia,2020,,58.5,,,,,
dataflow,ESTAT:TPS00150(1.0),Healthy life years at birth by sex,A,Annual,YR,Year,T,Total,HLY_Y0,Healthy life years in absolute value at birth,HR,Croatia,2021,,58.6,,,,,
dataflow,ESTAT:TPS00150(1.0),Healthy life years at birth by sex,A,Annual,YR,Year,T,Total,HLY_Y0,Healthy life years in absolute value at birth,HR,Croatia,2022,,60.3,,b,break in time series,,
dataflow,ESTAT:TPS00150(1.0),Healthy life years at birth by sex,A,Annual,YR,Year,T,Total,HLY_Y0,Healthy life years in absolute value at birth,HR,Croatia,2023,,61.4,,b,break in time series,,
dataflow,ESTAT:TPS00150(1.0),Healthy life years at birth by sex,A,Annual,YR,Year,T,Total,HLY_Y0,Healthy life years in absolute value at birth,HR,Croatia,2024,,63.1,,,,,
dataflow,ESTAT:TPS00150(1.0),Healthy life years at birth by sex,A,Annual,YR,Year,T,Total,HLY_Y0,Healthy life years in absolute value at birth,HU,Hungary,2013,,59.5,,,,,
dataflow,ESTAT:TPS00150(1.0),Healthy life years at birth by sex,A,Annual,YR,Year,T,Total,HLY_Y0,Healthy life years in absolute value at birth,HU,Hungary,2014,,59.9,,,,,
dataflow,ESTAT:TPS00150(1.0),Healthy life years at birth by sex,A,Annual,YR,Year,T,Total,HLY_Y0,Healthy life years in absolute value at birth,HU,Hungary,2015,,59.1,,,,,
dataflow,ESTAT:TPS00150(1.0),Healthy life years at birth by sex,A,Annual,YR,Year,T,Total,HLY_Y0,Healthy life years in absolute value at birth,HU,Hungary,2016,,59.8,,,,,
dataflow,ESTAT:TPS00150(1.0),Healthy life years at birth by sex,A,Annual,YR,Year,T,Total,HLY_Y0,Healthy life years in absolute value at birth,HU,Hungary,2017,,60.2,,,,,
dataflow,ESTAT:TPS00150(1.0),Healthy life years at birth by sex,A,Annual,YR,Year,T,Total,HLY_Y0,Healthy life years in absolute value at birth,HU,Hungary,2018,,61.1,,,,,
dataflow,ESTAT:TPS00150(1.0),Healthy life years at birth by sex,A,Annual,YR,Year,T,Total,HLY_Y0,Healthy life years in absolute value at birth,HU,Hungary,2019,,61.7,,,,,
dataflow,ESTAT:TPS00150(1.0),Healthy life years at birth by sex,A,Annual,YR,Year,T,Total,HLY_Y0,Healthy life years in absolute value at birth,HU,Hungary,2020,,62.5,,,,,
dataflow,ESTAT:TPS00150(1.0),Healthy life years at birth by sex,A,Annual,YR,Year,T,Total,HLY_Y0,Healthy life years in absolute value at birth,HU,Hungary,2021,,62.5,,,,,
dataflow,ESTAT:TPS00150(1.0),Healthy life years at birth by sex,A,Annual,YR,Year,T,Total,HLY_Y0,Healthy life years in absolute value at birth,HU,Hungary,2022,,62.6,,b,break in time series,,
dataflow,ESTAT:TPS00150(1.0),Healthy life years at birth by sex,A,Annual,YR,Year,T,Total,HLY_Y0,Healthy life years in absolute value at birth,HU,Hungary,2023,,63.6,,,,,
dataflow,ESTAT:TPS00150(1.0),Healthy life years at birth by sex,A,Annual,YR,Year,T,Total,HLY_Y0,Healthy life years in absolute value at birth,HU,Hungary,2024,,63.3,,,,,
dataflow,ESTAT:TPS00150(1.0),Healthy life years at birth by sex,A,Annual,YR,Year,T,Total,HLY_Y0,Healthy life years in absolute value at birth,IE,Ireland,2013,,66.9,,,,,
dataflow,ESTAT:TPS00150(1.0),Healthy life years at birth by sex,A,Annual,YR,Year,T,Total,HLY_Y0,Healthy life years in absolute value at birth,IE,Ireland,2014,,66.9,,,,,
dataflow,ESTAT:TPS00150(1.0),Healthy life years at birth by sex,A,Annual,YR,Year,T,Total,HLY_Y0,Healthy life years in absolute value at birth,IE,Ireland,2015,,67.2,,,,,
dataflow,ESTAT:TPS00150(1.0),Healthy life years at birth by sex,A,Annual,YR,Year,T,Total,HLY_Y0,Healthy life years in absolute value at birth,IE,Ireland,2016,,68.5,,,,,
dataflow,ESTAT:TPS00150(1.0),Healthy life years at birth by sex,A,Annual,YR,Year,T,Total,HLY_Y0,Healthy life years in absolute value at birth,IE,Ireland,2017,,68.6,,,,,
dataflow,ESTAT:TPS00150(1.0),Healthy life years at birth by sex,A,Annual,YR,Year,T,Total,HLY_Y0,Healthy life years in absolute value at birth,IE,Ireland,2018,,69.4,,,,,
dataflow,ESTAT:TPS00150(1.0),Healthy life years at birth by sex,A,Annual,YR,Year,T,Total,HLY_Y0,Healthy life years in absolute value at birth,IE,Ireland,2019,,69.6,,,,,
dataflow,ESTAT:TPS00150(1.0),Healthy life years at birth by sex,A,Annual,YR,Year,T,Total,HLY_Y0,Healthy life years in absolute value at birth,IE,Ireland,2020,,66.2,,b,break in time series,,
dataflow,ESTAT:TPS00150(1.0),Healthy life years at birth by sex,A,Annual,YR,Year,T,Total,HLY_Y0,Healthy life years in absolute value at birth,IE,Ireland,2021,,67.2,,,,,
dataflow,ESTAT:TPS00150(1.0),Healthy life years at birth by sex,A,Annual,YR,Year,T,Total,HLY_Y0,Healthy life years in absolute value at birth,IE,Ireland,2022,,66.0,,,,,
dataflow,ESTAT:TPS00150(1.0),Healthy life years at birth by sex,A,Annual,YR,Year,T,Total,HLY_Y0,Healthy life years in absolute value at birth,IE,Ireland,2023,,66.1,,,,,
dataflow,ESTAT:TPS00150(1.0),Healthy life years at birth by sex,A,Annual,YR,Year,T,Total,HLY_Y0,Healthy life years in absolute value at birth,IE,Ireland,2024,,66.9,,,,,
dataflow,ESTAT:TPS00150(1.0),Healthy life years at birth by sex,A,Annual,YR,Year,T,Total,HLY_Y0,Healthy life years in absolute value at birth,IS,Iceland,2013,,69.3,,,,,
dataflow,ESTAT:TPS00150(1.0),Healthy life years at birth by sex,A,Annual,YR,Year,T,Total,HLY_Y0,Healthy life years in absolute value at birth,IS,Iceland,2014,,68.8,,,,,
dataflow,ESTAT:TPS00150(1.0),Healthy life years at birth by sex,A,Annual,YR,Year,T,Total,HLY_Y0,Healthy life years in absolute value at birth,IS,Iceland,2015,,68.9,,,,,
dataflow,ESTAT:TPS00150(1.0),Healthy life years at birth by sex,A,Annual,YR,Year,T,Total,HLY_Y0,Healthy life years in absolute value at birth,IS,Iceland,2016,,66.7,,,,,
dataflow,ESTAT:TPS00150(1.0),Healthy life years at birth by sex,A,Annual,YR,Year,T,Total,HLY_Y0,Healthy life years in absolute value at birth,IS,Iceland,2017,,63.1,,,,,
dataflow,ESTAT:TPS00150(1.0),Healthy life years at birth by sex,A,Annual,YR,Year,T,Total,HLY_Y0,Healthy life years in absolute value at birth,IS,Iceland,2018,,62.4,,,,,
dataflow,ESTAT:TPS00150(1.0),Healthy life years at birth by sex,A,Annual,YR,Year,T,Total,HLY_Y0,Healthy life years in absolute value at birth,IT,Italy,2013,,61.6,,,,,
dataflow,ESTAT:TPS00150(1.0),Healthy life years at birth by sex,A,Annual,YR,Year,T,Total,HLY_Y0,Healthy life years in absolute value at birth,IT,Italy,2014,,62.4,,,,,
dataflow,ESTAT:TPS00150(1.0),Healthy life years at birth by sex,A,Annual,YR,Year,T,Total,HLY_Y0,Healthy life years in absolute value at birth,IT,Italy,2015,,62.6,,,,,
dataflow,ESTAT:TPS00150(1.0),Healthy life years at birth by sex,A,Annual,YR,Year,T,Total,HLY_Y0,Healthy life years in absolute value at birth,IT,Italy,2016,,67.4,,b,break in time series,,
dataflow,ESTAT:TPS00150(1.0),Healthy life years at birth by sex,A,Annual,YR,Year,T,Total,HLY_Y0,Healthy life years in absolute value at birth,IT,Italy,2017,,66.3,,,,,
dataflow,ESTAT:TPS00150(1.0),Healthy life years at birth by sex,A,Annual,YR,Year,T,Total,HLY_Y0,Healthy life years in absolute value at birth,IT,Italy,2018,,66.8,,,,,
dataflow,ESTAT:TPS00150(1.0),Healthy life years at birth by sex,A,Annual,YR,Year,T,Total,HLY_Y0,Healthy life years in absolute value at birth,IT,Italy,2019,,68.3,,,,,
dataflow,ESTAT:TPS00150(1.0),Healthy life years at birth by sex,A,Annual,YR,Year,T,Total,HLY_Y0,Healthy life years in absolute value at birth,IT,Italy,2020,,68.0,,,,,
dataflow,ESTAT:TPS00150(1.0),Healthy life years at birth by sex,A,Annual,YR,Year,T,Total,HLY_Y0,Healthy life years in absolute value at birth,IT,Italy,2021,,68.1,,,,,
dataflow,ESTAT:TPS00150(1.0),Healthy life years at birth by sex,A,Annual,YR,Year,T,Total,HLY_Y0,Healthy life years in absolute value at birth,IT,Italy,2022,,67.4,,,,,
dataflow,ESTAT:TPS00150(1.0),Healthy life years at birth by sex,A,Annual,YR,Year,T,Total,HLY_Y0,Healthy life years in absolute value at birth,IT,Italy,2023,,69.1,,,,,
dataflow,ESTAT:TPS00150(1.0),Healthy life years at birth by sex,A,Annual,YR,Year,T,Total,HLY_Y0,Healthy life years in absolute value at birth,IT,Italy,2024,,73.4,,b,break in time series,,
dataflow,ESTAT:TPS00150(1.0),Healthy life years at birth by sex,A,Annual,YR,Year,T,Total,HLY_Y0,Healthy life years in absolute value at birth,LT,Lithuania,2013,,59.2,,,,,
dataflow,ESTAT:TPS00150(1.0),Healthy life years at birth by sex,A,Annual,YR,Year,T,Total,HLY_Y0,Healthy life years in absolute value at birth,LT,Lithuania,2014,,59.7,,,,,
dataflow,ESTAT:TPS00150(1.0),Healthy life years at birth by sex,A,Annual,YR,Year,T,Total,HLY_Y0,Healthy life years in absolute value at birth,LT,Lithuania,2015,,56.5,,,,,
dataflow,ESTAT:TPS00150(1.0),Healthy life years at birth by sex,A,Annual,YR,Year,T,Total,HLY_Y0,Healthy life years in absolute value at birth,LT,Lithuania,2016,,57.8,,,,,
dataflow,ESTAT:TPS00150(1.0),Healthy life years at birth by sex,A,Annual,YR,Year,T,Total,HLY_Y0,Healthy life years in absolute value at birth,LT,Lithuania,2017,,58.1,,,,,
dataflow,ESTAT:TPS00150(1.0),Healthy life years at birth by sex,A,Annual,YR,Year,T,Total,HLY_Y0,Healthy life years in absolute value at birth,LT,Lithuania,2018,,57.7,,,,,
dataflow,ESTAT:TPS00150(1.0),Healthy life years at birth by sex,A,Annual,YR,Year,T,Total,HLY_Y0,Healthy life years in absolute value at birth,LT,Lithuania,2019,,57.5,,,,,
dataflow,ESTAT:TPS00150(1.0),Healthy life years at birth by sex,A,Annual,YR,Year,T,Total,HLY_Y0,Healthy life years in absolute value at birth,LT,Lithuania,2020,,56.8,,,,,
dataflow,ESTAT:TPS00150(1.0),Healthy life years at birth by sex,A,Annual,YR,Year,T,Total,HLY_Y0,Healthy life years in absolute value at birth,LT,Lithuania,2021,,57.6,,,,,
dataflow,ESTAT:TPS00150(1.0),Healthy life years at birth by sex,A,Annual,YR,Year,T,Total,HLY_Y0,Healthy life years in absolute value at birth,LT,Lithuania,2022,,60.3,,,,,
dataflow,ESTAT:TPS00150(1.0),Healthy life years at birth by sex,A,Annual,YR,Year,T,Total,HLY_Y0,Healthy life years in absolute value at birth,LT,Lithuania,2023,,60.9,,,,,
dataflow,ESTAT:TPS00150(1.0),Healthy life years at birth by sex,A,Annual,YR,Year,T,Total,HLY_Y0,Healthy life years in absolute value at birth,LT,Lithuania,2024,,64.3,,p,provisional,,
dataflow,ESTAT:TPS00150(1.0),Healthy life years at birth by sex,A,Annual,YR,Year,T,Total,HLY_Y0,Healthy life years in absolute value at birth,LU,Luxembourg,2013,,63.3,,,,,
dataflow,ESTAT:TPS00150(1.0),Healthy life years at birth by sex,A,Annual,YR,Year,T,Total,HLY_Y0,Healthy life years in absolute value at birth,LU,Luxembourg,2014,,63.8,,,,,
dataflow,ESTAT:TPS00150(1.0),Healthy life years at birth by sex,A,Annual,YR,Year,T,Total,HLY_Y0,Healthy life years in absolute value at birth,LU,Luxembourg,2015,,62.2,,,,,
dataflow,ESTAT:TPS00150(1.0),Healthy life years at birth by sex,A,Annual,YR,Year,T,Total,HLY_Y0,Healthy life years in absolute value at birth,LU,Luxembourg,2016,,60.2,,b,break in time series,,
dataflow,ESTAT:TPS00150(1.0),Healthy life years at birth by sex,A,Annual,YR,Year,T,Total,HLY_Y0,Healthy life years in absolute value at birth,LU,Luxembourg,2017,,59.2,,,,,
dataflow,ESTAT:TPS00150(1.0),Healthy life years at birth by sex,A,Annual,YR,Year,T,Total,HLY_Y0,Healthy life years in absolute value at birth,LU,Luxembourg,2018,,60.7,,,,,
dataflow,ESTAT:TPS00150(1.0),Healthy life years at birth by sex,A,Annual,YR,Year,T,Total,HLY_Y0,Healthy life years in absolute value at birth,LU,Luxembourg,2019,,62.6,,,,,
dataflow,ESTAT:TPS00150(1.0),Healthy life years at birth by sex,A,Annual,YR,Year,T,Total,HLY_Y0,Healthy life years in absolute value at birth,LU,Luxembourg,2020,,63.3,,b,break in time series,,
dataflow,ESTAT:TPS00150(1.0),Healthy life years at birth by sex,A,Annual,YR,Year,T,Total,HLY_Y0,Healthy life years in absolute value at birth,LU,Luxembourg,2021,,62.0,,b,break in time series,,
dataflow,ESTAT:TPS00150(1.0),Healthy life years at birth by sex,A,Annual,YR,Year,T,Total,HLY_Y0,Healthy life years in absolute value at birth,LU,Luxembourg,2022,,60.2,,b,break in time series,,
dataflow,ESTAT:TPS00150(1.0),Healthy life years at birth by sex,A,Annual,YR,Year,T,Total,HLY_Y0,Healthy life years in absolute value at birth,LV,Latvia,2013,,53.0,,b,break in time series,,
dataflow,ESTAT:TPS00150(1.0),Healthy life years at birth by sex,A,Annual,YR,Year,T,Total,HLY_Y0,Healthy life years in absolute value at birth,LV,Latvia,2014,,53.4,,,,,
dataflow,ESTAT:TPS00150(1.0),Healthy life years at birth by sex,A,Annual,YR,Year,T,Total,HLY_Y0,Healthy life years in absolute value at birth,LV,Latvia,2015,,53.0,,,,,
dataflow,ESTAT:TPS00150(1.0),Healthy life years at birth by sex,A,Annual,YR,Year,T,Total,HLY_Y0,Healthy life years in absolute value at birth,LV,Latvia,2016,,53.6,,,,,
dataflow,ESTAT:TPS00150(1.0),Healthy life years at birth by sex,A,Annual,YR,Year,T,Total,HLY_Y0,Healthy life years in absolute value at birth,LV,Latvia,2017,,51.4,,,,,
dataflow,ESTAT:TPS00150(1.0),Healthy life years at birth by sex,A,Annual,YR,Year,T,Total,HLY_Y0,Healthy life years in absolute value at birth,LV,Latvia,2018,,52.3,,,,,
dataflow,ESTAT:TPS00150(1.0),Healthy life years at birth by sex,A,Annual,YR,Year,T,Total,HLY_Y0,Healthy life years in absolute value at birth,LV,Latvia,2019,,53.1,,,,,
dataflow,ESTAT:TPS00150(1.0),Healthy life years at birth by sex,A,Annual,YR,Year,T,Total,HLY_Y0,Healthy life years in absolute value at birth,LV,Latvia,2020,,53.4,,,,,
dataflow,ESTAT:TPS00150(1.0),Healthy life years at birth by sex,A,Annual,YR,Year,T,Total,HLY_Y0,Healthy life years in absolute value at birth,LV,Latvia,2021,,53.8,,,,,
dataflow,ESTAT:TPS00150(1.0),Healthy life years at birth by sex,A,Annual,YR,Year,T,Total,HLY_Y0,Healthy life years in absolute value at birth,LV,Latvia,2022,,54.2,,,,,
dataflow,ESTAT:TPS00150(1.0),Healthy life years at birth by sex,A,Annual,YR,Year,T,Total,HLY_Y0,Healthy life years in absolute value at birth,LV,Latvia,2023,,52.7,,,,,
dataflow,ESTAT:TPS00150(1.0),Healthy life years at birth by sex,A,Annual,YR,Year,T,Total,HLY_Y0,Healthy life years in absolute value at birth,LV,Latvia,2024,,52.5,,,,,
dataflow,ESTAT:TPS00150(1.0),Healthy life years at birth by sex,A,Annual,YR,Year,T,Total,HLY_Y0,Healthy life years in absolute value at birth,MT,Malta,2013,,72.1,,,,,
dataflow,ESTAT:TPS00150(1.0),Healthy life years at birth by sex,A,Annual,YR,Year,T,Total,HLY_Y0,Healthy life years in absolute value at birth,MT,Malta,2014,,73.4,,,,,
dataflow,ESTAT:TPS00150(1.0),Healthy life years at birth by sex,A,Annual,YR,Year,T,Total,HLY_Y0,Healthy life years in absolute value at birth,MT,Malta,2015,,73.6,,,,,
dataflow,ESTAT:TPS00150(1.0),Healthy life years at birth by sex,A,Annual,YR,Year,T,Total,HLY_Y0,Healthy life years in absolute value at birth,MT,Malta,2016,,71.7,,,,,
dataflow,ESTAT:TPS00150(1.0),Healthy life years at birth by sex,A,Annual,YR,Year,T,Total,HLY_Y0,Healthy life years in absolute value at birth,MT,Malta,2017,,72.7,,,,,
dataflow,ESTAT:TPS00150(1.0),Healthy life years at birth by sex,A,Annual,YR,Year,T,Total,HLY_Y0,Healthy life years in absolute value at birth,MT,Malta,2018,,72.7,,,,,
dataflow,ESTAT:TPS00150(1.0),Healthy life years at birth by sex,A,Annual,YR,Year,T,Total,HLY_Y0,Healthy life years in absolute value at birth,MT,Malta,2019,,73.2,,,,,
dataflow,ESTAT:TPS00150(1.0),Healthy life years at birth by sex,A,Annual,YR,Year,T,Total,HLY_Y0,Healthy life years in absolute value at birth,MT,Malta,2020,,70.5,,,,,
dataflow,ESTAT:TPS00150(1.0),Healthy life years at birth by sex,A,Annual,YR,Year,T,Total,HLY_Y0,Healthy life years in absolute value at birth,MT,Malta,2021,,68.7,,,,,
dataflow,ESTAT:TPS00150(1.0),Healthy life years at birth by sex,A,Annual,YR,Year,T,Total,HLY_Y0,Healthy life years in absolute value at birth,MT,Malta,2022,,70.2,,p,provisional,,
dataflow,ESTAT:TPS00150(1.0),Healthy life years at birth by sex,A,Annual,YR,Year,T,Total,HLY_Y0,Healthy life years in absolute value at birth,MT,Malta,2023,,71.4,,,,,
dataflow,ESTAT:TPS00150(1.0),Healthy life years at birth by sex,A,Annual,YR,Year,T,Total,HLY_Y0,Healthy life years in absolute value at birth,MT,Malta,2024,,70.6,,,,,
dataflow,ESTAT:TPS00150(1.0),Healthy life years at birth by sex,A,Annual,YR,Year,T,Total,HLY_Y0,Healthy life years in absolute value at birth,NL,Netherlands,2013,,59.5,,,,,
dataflow,ESTAT:TPS00150(1.0),Healthy life years at birth by sex,A,Annual,YR,Year,T,Total,HLY_Y0,Healthy life years in absolute value at birth,NL,Netherlands,2014,,61.2,,,,,
dataflow,ESTAT:TPS00150(1.0),Healthy life years at birth by sex,A,Annual,YR,Year,T,Total,HLY_Y0,Healthy life years in absolute value at birth,NL,Netherlands,2015,,59.1,,,,,
dataflow,ESTAT:TPS00150(1.0),Healthy life years at birth by sex,A,Annual,YR,Year,T,Total,HLY_Y0,Healthy life years in absolute value at birth,NL,Netherlands,2016,,60.3,,b,break in time series,,
dataflow,ESTAT:TPS00150(1.0),Healthy life years at birth by sex,A,Annual,YR,Year,T,Total,HLY_Y0,Healthy life years in absolute value at birth,NL,Netherlands,2017,,60.0,,,,,
dataflow,ESTAT:TPS00150(1.0),Healthy life years at birth by sex,A,Annual,YR,Year,T,Total,HLY_Y0,Healthy life years in absolute value at birth,NL,Netherlands,2018,,59.2,,,,,
dataflow,ESTAT:TPS00150(1.0),Healthy life years at birth by sex,A,Annual,YR,Year,T,Total,HLY_Y0,Healthy life years in absolute value at birth,NL,Netherlands,2019,,61.0,,,,,
dataflow,ESTAT:TPS00150(1.0),Healthy life years at birth by sex,A,Annual,YR,Year,T,Total,HLY_Y0,Healthy life years in absolute value at birth,NL,Netherlands,2020,,61.1,,,,,
dataflow,ESTAT:TPS00150(1.0),Healthy life years at birth by sex,A,Annual,YR,Year,T,Total,HLY_Y0,Healthy life years in absolute value at birth,NL,Netherlands,2021,,60.3,,,,,
dataflow,ESTAT:TPS00150(1.0),Healthy life years at birth by sex,A,Annual,YR,Year,T,Total,HLY_Y0,Healthy life years in absolute value at birth,NL,Netherlands,2022,,58.5,,,,,
dataflow,ESTAT:TPS00150(1.0),Healthy life years at birth by sex,A,Annual,YR,Year,T,Total,HLY_Y0,Healthy life years in absolute value at birth,NL,Netherlands,2023,,59.0,,,,,
dataflow,ESTAT:TPS00150(1.0),Healthy life years at birth by sex,A,Annual,YR,Year,T,Total,HLY_Y0,Healthy life years in absolute value at birth,NL,Netherlands,2024,,59.5,,,,,
dataflow,ESTAT:TPS00150(1.0),Healthy life years at birth by sex,A,Annual,YR,Year,T,Total,HLY_Y0,Healthy life years in absolute value at birth,NO,Norway,2013,,70.0,,,,,
dataflow,ESTAT:TPS00150(1.0),Healthy life years at birth by sex,A,Annual,YR,Year,T,Total,HLY_Y0,Healthy life years in absolute value at birth,NO,Norway,2014,,71.1,,,,,
dataflow,ESTAT:TPS00150(1.0),Healthy life years at birth by sex,A,Annual,YR,Year,T,Total,HLY_Y0,Healthy life years in absolute value at birth,NO,Norway,2015,,70.4,,,,,
dataflow,ESTAT:TPS00150(1.0),Healthy life years at birth by sex,A,Annual,YR,Year,T,Total,HLY_Y0,Healthy life years in absolute value at birth,NO,Norway,2016,,69.9,,,,,
dataflow,ESTAT:TPS00150(1.0),Healthy life years at birth by sex,A,Annual,YR,Year,T,Total,HLY_Y0,Healthy life years in absolute value at birth,NO,Norway,2017,,70.9,,,,,
dataflow,ESTAT:TPS00150(1.0),Healthy life years at birth by sex,A,Annual,YR,Year,T,Total,HLY_Y0,Healthy life years in absolute value at birth,NO,Norway,2018,,70.4,,,,,
dataflow,ESTAT:TPS00150(1.0),Healthy life years at birth by sex,A,Annual,YR,Year,T,Total,HLY_Y0,Healthy life years in absolute value at birth,NO,Norway,2019,,69.8,,,,,
dataflow,ESTAT:TPS00150(1.0),Healthy life years at birth by sex,A,Annual,YR,Year,T,Total,HLY_Y0,Healthy life years in absolute value at birth,NO,Norway,2020,,68.6,,,,,
dataflow,ESTAT:TPS00150(1.0),Healthy life years at birth by sex,A,Annual,YR,Year,T,Total,HLY_Y0,Healthy life years in absolute value at birth,NO,Norway,2022,,67.4,,,,,
dataflow,ESTAT:TPS00150(1.0),Healthy life years at birth by sex,A,Annual,YR,Year,T,Total,HLY_Y0,Healthy life years in absolute value at birth,NO,Norway,2023,,65.0,,b,break in time series,,
dataflow,ESTAT:TPS00150(1.0),Healthy life years at birth by sex,A,Annual,YR,Year,T,Total,HLY_Y0,Healthy life years in absolute value at birth,NO,Norway,2024,,64.8,,,,,
dataflow,ESTAT:TPS00150(1.0),Healthy life years at birth by sex,A,Annual,YR,Year,T,Total,HLY_Y0,Healthy life years in absolute value at birth,PL,Poland,2013,,61.0,,,,,
dataflow,ESTAT:TPS00150(1.0),Healthy life years at birth by sex,A,Annual,YR,Year,T,Total,HLY_Y0,Healthy life years in absolute value at birth,PL,Poland,2014,,61.3,,,,,
dataflow,ESTAT:TPS00150(1.0),Healthy life years at birth by sex,A,Annual,YR,Year,T,Total,HLY_Y0,Healthy life years in absolute value at birth,PL,Poland,2015,,61.6,,,,,
dataflow,ESTAT:TPS00150(1.0),Healthy life years at birth by sex,A,Annual,YR,Year,T,Total,HLY_Y0,Healthy life years in absolute value at birth,PL,Poland,2016,,62.9,,,,,
dataflow,ESTAT:TPS00150(1.0),Healthy life years at birth by sex,A,Annual,YR,Year,T,Total,HLY_Y0,Healthy life years in absolute value at birth,PL,Poland,2017,,62.0,,,,,
dataflow,ESTAT:TPS00150(1.0),Healthy life years at birth by sex,A,Annual,YR,Year,T,Total,HLY_Y0,Healthy life years in absolute value at birth,PL,Poland,2018,,62.4,,,,,
dataflow,ESTAT:TPS00150(1.0),Healthy life years at birth by sex,A,Annual,YR,Year,T,Total,HLY_Y0,Healthy life years in absolute value at birth,PL,Poland,2019,,62.5,,,,,
dataflow,ESTAT:TPS00150(1.0),Healthy life years at birth by sex,A,Annual,YR,Year,T,Total,HLY_Y0,Healthy life years in absolute value at birth,PL,Poland,2020,,62.3,,,,,
dataflow,ESTAT:TPS00150(1.0),Healthy life years at birth by sex,A,Annual,YR,Year,T,Total,HLY_Y0,Healthy life years in absolute value at birth,PL,Poland,2021,,62.6,,,,,
dataflow,ESTAT:TPS00150(1.0),Healthy life years at birth by sex,A,Annual,YR,Year,T,Total,HLY_Y0,Healthy life years in absolute value at birth,PL,Poland,2022,,62.4,,b,break in time series,,
dataflow,ESTAT:TPS00150(1.0),Healthy life years at birth by sex,A,Annual,YR,Year,T,Total,HLY_Y0,Healthy life years in absolute value at birth,PL,Poland,2023,,63.1,,ep,"estimated, provisional",,
dataflow,ESTAT:TPS00150(1.0),Healthy life years at birth by sex,A,Annual,YR,Year,T,Total,HLY_Y0,Healthy life years in absolute value at birth,PL,Poland,2024,,64.7,,,,,
dataflow,ESTAT:TPS00150(1.0),Healthy life years at birth by sex,A,Annual,YR,Year,T,Total,HLY_Y0,Healthy life years in absolute value at birth,PT,Portugal,2013,,63.0,,,,,
dataflow,ESTAT:TPS00150(1.0),Healthy life years at birth by sex,A,Annual,YR,Year,T,Total,HLY_Y0,Healthy life years in absolute value at birth,PT,Portugal,2014,,56.9,,b,break in time series,,
dataflow,ESTAT:TPS00150(1.0),Healthy life years at birth by sex,A,Annual,YR,Year,T,Total,HLY_Y0,Healthy life years in absolute value at birth,PT,Portugal,2015,,56.5,,,,,
dataflow,ESTAT:TPS00150(1.0),Healthy life years at birth by sex,A,Annual,YR,Year,T,Total,HLY_Y0,Healthy life years in absolute value at birth,PT,Portugal,2016,,58.6,,,,,
dataflow,ESTAT:TPS00150(1.0),Healthy life years at birth by sex,A,Annual,YR,Year,T,Total,HLY_Y0,Healthy life years in absolute value at birth,PT,Portugal,2017,,58.5,,,,,
dataflow,ESTAT:TPS00150(1.0),Healthy life years at birth by sex,A,Annual,YR,Year,T,Total,HLY_Y0,Healthy life years in absolute value at birth,PT,Portugal,2018,,58.6,,,,,
dataflow,ESTAT:TPS00150(1.0),Healthy life years at birth by sex,A,Annual,YR,Year,T,Total,HLY_Y0,Healthy life years in absolute value at birth,PT,Portugal,2019,,59.2,,,,,
dataflow,ESTAT:TPS00150(1.0),Healthy life years at birth by sex,A,Annual,YR,Year,T,Total,HLY_Y0,Healthy life years in absolute value at birth,PT,Portugal,2020,,59.7,,,,,
dataflow,ESTAT:TPS00150(1.0),Healthy life years at birth by sex,A,Annual,YR,Year,T,Total,HLY_Y0,Healthy life years in absolute value at birth,PT,Portugal,2021,,58.3,,,,,
dataflow,ESTAT:TPS00150(1.0),Healthy life years at birth by sex,A,Annual,YR,Year,T,Total,HLY_Y0,Healthy life years in absolute value at birth,PT,Portugal,2022,,59.1,,bp,"break in time series, provisional",,
dataflow,ESTAT:TPS00150(1.0),Healthy life years at birth by sex,A,Annual,YR,Year,T,Total,HLY_Y0,Healthy life years in absolute value at birth,PT,Portugal,2023,,59.6,,,,,
dataflow,ESTAT:TPS00150(1.0),Healthy life years at birth by sex,A,Annual,YR,Year,T,Total,HLY_Y0,Healthy life years in absolute value at birth,PT,Portugal,2024,,64.8,,b,break in time series,,
dataflow,ESTAT:TPS00150(1.0),Healthy life years at birth by sex,A,Annual,YR,Year,T,Total,HLY_Y0,Healthy life years in absolute value at birth,RO,Romania,2013,,58.4,,,,,
dataflow,ESTAT:TPS00150(1.0),Healthy life years at birth by sex,A,Annual,YR,Year,T,Total,HLY_Y0,Healthy life years in absolute value at birth,RO,Romania,2014,,59.0,,,,,
dataflow,ESTAT:TPS00150(1.0),Healthy life years at birth by sex,A,Annual,YR,Year,T,Total,HLY_Y0,Healthy life years in absolute value at birth,RO,Romania,2015,,59.2,,,,,
dataflow,ESTAT:TPS00150(1.0),Healthy life years at birth by sex,A,Annual,YR,Year,T,Total,HLY_Y0,Healthy life years in absolute value at birth,RO,Romania,2016,,59.4,,,,,
dataflow,ESTAT:TPS00150(1.0),Healthy life years at birth by sex,A,Annual,YR,Year,T,Total,HLY_Y0,Healthy life years in absolute value at birth,RO,Romania,2017,,58.7,,,,,
dataflow,ESTAT:TPS00150(1.0),Healthy life years at birth by sex,A,Annual,YR,Year,T,Total,HLY_Y0,Healthy life years in absolute value at birth,RO,Romania,2018,,59.4,,,,,
dataflow,ESTAT:TPS00150(1.0),Healthy life years at birth by sex,A,Annual,YR,Year,T,Total,HLY_Y0,Healthy life years in absolute value at birth,RO,Romania,2019,,60.2,,,,,
dataflow,ESTAT:TPS00150(1.0),Healthy life years at birth by sex,A,Annual,YR,Year,T,Total,HLY_Y0,Healthy life years in absolute value at birth,RO,Romania,2020,,59.9,,,,,
dataflow,ESTAT:TPS00150(1.0),Healthy life years at birth by sex,A,Annual,YR,Year,T,Total,HLY_Y0,Healthy life years in absolute value at birth,RO,Romania,2021,,57.8,,,,,
dataflow,ESTAT:TPS00150(1.0),Healthy life years at birth by sex,A,Annual,YR,Year,T,Total,HLY_Y0,Healthy life years in absolute value at birth,RO,Romania,2022,,59.0,,e,estimated,,
dataflow,ESTAT:TPS00150(1.0),Healthy life years at birth by sex,A,Annual,YR,Year,T,Total,HLY_Y0,Healthy life years in absolute value at birth,RO,Romania,2023,,59.2,,e,estimated,,
dataflow,ESTAT:TPS00150(1.0),Healthy life years at birth by sex,A,Annual,YR,Year,T,Total,HLY_Y0,Healthy life years in absolute value at birth,RO,Romania,2024,,65.0,,be,"break in time series, estimated",,
dataflow,ESTAT:TPS00150(1.0),Healthy life years at birth by sex,A,Annual,YR,Year,T,Total,HLY_Y0,Healthy life years in absolute value at birth,SE,Sweden,2013,,65.8,,,,,
dataflow,ESTAT:TPS00150(1.0),Healthy life years at birth by sex,A,Annual,YR,Year,T,Total,HLY_Y0,Healthy life years in absolute value at birth,SE,Sweden,2014,,72.9,,b,break in time series,,
dataflow,ESTAT:TPS00150(1.0),Healthy life years at birth by sex,A,Annual,YR,Year,T,Total,HLY_Y0,Healthy life years in absolute value at birth,SE,Sweden,2015,,72.7,,,,,
dataflow,ESTAT:TPS00150(1.0),Healthy life years at birth by sex,A,Annual,YR,Year,T,Total,HLY_Y0,Healthy life years in absolute value at birth,SE,Sweden,2016,,73.2,,,,,
dataflow,ESTAT:TPS00150(1.0),Healthy life years at birth by sex,A,Annual,YR,Year,T,Total,HLY_Y0,Healthy life years in absolute value at birth,SE,Sweden,2017,,72.6,,,,,
dataflow,ESTAT:TPS00150(1.0),Healthy life years at birth by sex,A,Annual,YR,Year,T,Total,HLY_Y0,Healthy life years in absolute value at birth,SE,Sweden,2018,,72.8,,,,,
dataflow,ESTAT:TPS00150(1.0),Healthy life years at birth by sex,A,Annual,YR,Year,T,Total,HLY_Y0,Healthy life years in absolute value at birth,SE,Sweden,2019,,73.3,,,,,
dataflow,ESTAT:TPS00150(1.0),Healthy life years at birth by sex,A,Annual,YR,Year,T,Total,HLY_Y0,Healthy life years in absolute value at birth,SE,Sweden,2020,,72.7,,,,,
dataflow,ESTAT:TPS00150(1.0),Healthy life years at birth by sex,A,Annual,YR,Year,T,Total,HLY_Y0,Healthy life years in absolute value at birth,SE,Sweden,2021,,68.4,,b,break in time series,,
dataflow,ESTAT:TPS00150(1.0),Healthy life years at birth by sex,A,Annual,YR,Year,T,Total,HLY_Y0,Healthy life years in absolute value at birth,SE,Sweden,2022,,66.5,,,,,
dataflow,ESTAT:TPS00150(1.0),Healthy life years at birth by sex,A,Annual,YR,Year,T,Total,HLY_Y0,Healthy life years in absolute value at birth,SE,Sweden,2023,,66.2,,,,,
dataflow,ESTAT:TPS00150(1.0),Healthy life years at birth by sex,A,Annual,YR,Year,T,Total,HLY_Y0,Healthy life years in absolute value at birth,SE,Sweden,2024,,67.5,,,,,
dataflow,ESTAT:TPS00150(1.0),Healthy life years at birth by sex,A,Annual,YR,Year,T,Total,HLY_Y0,Healthy life years in absolute value at birth,SI,Slovenia,2013,,58.5,,,,,
dataflow,ESTAT:TPS00150(1.0),Healthy life years at birth by sex,A,Annual,YR,Year,T,Total,HLY_Y0,Healthy life years in absolute value at birth,SI,Slovenia,2014,,58.7,,,,,
dataflow,ESTAT:TPS00150(1.0),Healthy life years at birth by sex,A,Annual,YR,Year,T,Total,HLY_Y0,Healthy life years in absolute value at birth,SI,Slovenia,2015,,58.1,,,,,
dataflow,ESTAT:TPS00150(1.0),Healthy life years at birth by sex,A,Annual,YR,Year,T,Total,HLY_Y0,Healthy life years in absolute value at birth,SI,Slovenia,2016,,58.3,,,,,
dataflow,ESTAT:TPS00150(1.0),Healthy life years at birth by sex,A,Annual,YR,Year,T,Total,HLY_Y0,Healthy life years in absolute value at birth,SI,Slovenia,2017,,55.0,,,,,
dataflow,ESTAT:TPS00150(1.0),Healthy life years at birth by sex,A,Annual,YR,Year,T,Total,HLY_Y0,Healthy life years in absolute value at birth,SI,Slovenia,2018,,55.5,,,,,
dataflow,ESTAT:TPS00150(1.0),Healthy life years at birth by sex,A,Annual,YR,Year,T,Total,HLY_Y0,Healthy life years in absolute value at birth,SI,Slovenia,2019,,60.9,,,,,
dataflow,ESTAT:TPS00150(1.0),Healthy life years at birth by sex,A,Annual,YR,Year,T,Total,HLY_Y0,Healthy life years in absolute value at birth,SI,Slovenia,2020,,65.1,,,,,
dataflow,ESTAT:TPS00150(1.0),Healthy life years at birth by sex,A,Annual,YR,Year,T,Total,HLY_Y0,Healthy life years in absolute value at birth,SI,Slovenia,2021,,65.4,,,,,
dataflow,ESTAT:TPS00150(1.0),Healthy life years at birth by sex,A,Annual,YR,Year,T,Total,HLY_Y0,Healthy life years in absolute value at birth,SI,Slovenia,2022,,66.7,,,,,
dataflow,ESTAT:TPS00150(1.0),Healthy life years at birth by sex,A,Annual,YR,Year,T,Total,HLY_Y0,Healthy life years in absolute value at birth,SI,Slovenia,2023,,66.6,,,,,
dataflow,ESTAT:TPS00150(1.0),Healthy life years at birth by sex,A,Annual,YR,Year,T,Total,HLY_Y0,Healthy life years in absolute value at birth,SI,Slovenia,2024,,67.5,,,,,
dataflow,ESTAT:TPS00150(1.0),Healthy life years at birth by sex,A,Annual,YR,Year,T,Total,HLY_Y0,Healthy life years in absolute value at birth,SK,Slovakia,2013,,54.4,,,,,
dataflow,ESTAT:TPS00150(1.0),Healthy life years at birth by sex,A,Annual,YR,Year,T,Total,HLY_Y0,Healthy life years in absolute value at birth,SK,Slovakia,2014,,55.1,,,,,
dataflow,ESTAT:TPS00150(1.0),Healthy life years at birth by sex,A,Annual,YR,Year,T,Total,HLY_Y0,Healthy life years in absolute value at birth,SK,Slovakia,2015,,54.9,,,,,
dataflow,ESTAT:TPS00150(1.0),Healthy life years at birth by sex,A,Annual,YR,Year,T,Total,HLY_Y0,Healthy life years in absolute value at birth,SK,Slovakia,2016,,56.7,,,,,
dataflow,ESTAT:TPS00150(1.0),Healthy life years at birth by sex,A,Annual,YR,Year,T,Total,HLY_Y0,Healthy life years in absolute value at birth,SK,Slovakia,2017,,55.6,,,,,
dataflow,ESTAT:TPS00150(1.0),Healthy life years at birth by sex,A,Annual,YR,Year,T,Total,HLY_Y0,Healthy life years in absolute value at birth,SK,Slovakia,2018,,56.1,,,,,
dataflow,ESTAT:TPS00150(1.0),Healthy life years at birth by sex,A,Annual,YR,Year,T,Total,HLY_Y0,Healthy life years in absolute value at birth,SK,Slovakia,2019,,56.2,,,,,
dataflow,ESTAT:TPS00150(1.0),Healthy life years at birth by sex,A,Annual,YR,Year,T,Total,HLY_Y0,Healthy life years in absolute value at birth,SK,Slovakia,2020,,56.7,,,,,
dataflow,ESTAT:TPS00150(1.0),Healthy life years at birth by sex,A,Annual,YR,Year,T,Total,HLY_Y0,Healthy life years in absolute value at birth,SK,Slovakia,2021,,56.8,,,,,
dataflow,ESTAT:TPS00150(1.0),Healthy life years at birth by sex,A,Annual,YR,Year,T,Total,HLY_Y0,Healthy life years in absolute value at birth,SK,Slovakia,2022,,57.3,,,,,
dataflow,ESTAT:TPS00150(1.0),Healthy life years at birth by sex,A,Annual,YR,Year,T,Total,HLY_Y0,Healthy life years in absolute value at birth,SK,Slovakia,2023,,57.5,,,,,
dataflow,ESTAT:TPS00150(1.0),Healthy life years at birth by sex,A,Annual,YR,Year,T,Total,HLY_Y0,Healthy life years in absolute value at birth,SK,Slovakia,2024,,57.1,,,,,
dataflow,ESTAT:TPS00150(1.0),Healthy life years at birth by sex,A,Annual,YR,Year,T,Total,HLY_Y0,Healthy life years in absolute value at birth,UK,United Kingdom,2013,,64.6,,,,,
dataflow,ESTAT:TPS00150(1.0),Healthy life years at birth by sex,A,Annual,YR,Year,T,Total,HLY_Y0,Healthy life years in absolute value at birth,UK,United Kingdom,2014,,63.8,,,,,
dataflow,ESTAT:TPS00150(1.0),Healthy life years at birth by sex,A,Annual,YR,Year,T,Total,HLY_Y0,Healthy life years in absolute value at birth,UK,United Kingdom,2015,,63.5,,,,,
dataflow,ESTAT:TPS00150(1.0),Healthy life years at birth by sex,A,Annual,YR,Year,T,Total,HLY_Y0,Healthy life years in absolute value at birth,UK,United Kingdom,2016,,63.1,,,,,
dataflow,ESTAT:TPS00150(1.0),Healthy life years at birth by sex,A,Annual,YR,Year,T,Total,HLY_Y0,Healthy life years in absolute value at birth,UK,United Kingdom,2017,,62.7,,,,,
dataflow,ESTAT:TPS00150(1.0),Healthy life years at birth by sex,A,Annual,YR,Year,T,Total,HLY_Y0,Healthy life years in absolute value at birth,UK,United Kingdom,2018,,61.2,,,,,
