STRUCTURE,STRUCTURE_ID,STRUCTURE_NAME,freq,Time frequency,unit,Unit of measure,rskpovth,Risk of poverty threshold,age,Age class,sex,Sex,geo,Geopolitical entity (reporting),TIME_PERIOD,Time,OBS_VALUE,Observation value,OBS_FLAG,Observation status (Flag) V2 structure,CONF_STATUS,Confidentiality status (flag)
dataflow,ESTAT:TESPM140(1.0),Housing cost overburden rate,A,Annual,PC,Percentage,TOTAL,Total,TOTAL,Total,T,Total,AL,Albania,2017,,9.2,,,,,
dataflow,ESTAT:TESPM140(1.0),Housing cost overburden rate,A,Annual,PC,Percentage,TOTAL,Total,TOTAL,Total,T,Total,AL,Albania,2018,,6.0,,,,,
dataflow,ESTAT:TESPM140(1.0),Housing cost overburden rate,A,Annual,PC,Percentage,TOTAL,Total,TOTAL,Total,T,Total,AL,Albania,2019,,5.5,,,,,
dataflow,ESTAT:TESPM140(1.0),Housing cost overburden rate,A,Annual,PC,Percentage,TOTAL,Total,TOTAL,Total,T,Total,AL,Albania,2020,,3.8,,,,,
dataflow,ESTAT:TESPM140(1.0),Housing cost overburden rate,A,Annual,PC,Percentage,TOTAL,Total,TOTAL,Total,T,Total,AL,Albania,2021,,3.3,,,,,
dataflow,ESTAT:TESPM140(1.0),Housing cost overburden rate,A,Annual,PC,Percentage,TOTAL,Total,TOTAL,Total,T,Total,AL,Albania,2022,,2.8,,,,,
dataflow,ESTAT:TESPM140(1.0),Housing cost overburden rate,A,Annual,PC,Percentage,TOTAL,Total,TOTAL,Total,T,Total,AL,Albania,2023,,2.1,,,,,
dataflow,ESTAT:TESPM140(1.0),Housing cost overburden rate,A,Annual,PC,Percentage,TOTAL,Total,TOTAL,Total,T,Total,AT,Austria,2014,,6.6,,,,,
dataflow,ESTAT:TESPM140(1.0),Housing cost overburden rate,A,Annual,PC,Percentage,TOTAL,Total,TOTAL,Total,T,Total,AT,Austria,2015,,6.4,,,,,
dataflow,ESTAT:TESPM140(1.0),Housing cost overburden rate,A,Annual,PC,Percentage,TOTAL,Total,TOTAL,Total,T,Total,AT,Austria,2016,,7.2,,,,,
dataflow,ESTAT:TESPM140(1.0),Housing cost overburden rate,A,Annual,PC,Percentage,TOTAL,Total,TOTAL,Total,T,Total,AT,Austria,2017,,7.1,,,,,
dataflow,ESTAT:TESPM140(1.0),Housing cost overburden rate,A,Annual,PC,Percentage,TOTAL,Total,TOTAL,Total,T,Total,AT,Austria,2018,,6.8,,,,,
dataflow,ESTAT:TESPM140(1.0),Housing cost overburden rate,A,Annual,PC,Percentage,TOTAL,Total,TOTAL,Total,T,Total,AT,Austria,2019,,7.0,,,,,
dataflow,ESTAT:TESPM140(1.0),Housing cost overburden rate,A,Annual,PC,Percentage,TOTAL,Total,TOTAL,Total,T,Total,AT,Austria,2020,,6.3,,,,,
dataflow,ESTAT:TESPM140(1.0),Housing cost overburden rate,A,Annual,PC,Percentage,TOTAL,Total,TOTAL,Total,T,Total,AT,Austria,2021,,6.1,,,,,
dataflow,ESTAT:TESPM140(1.0),Housing cost overburden rate,A,Annual,PC,Percentage,TOTAL,Total,TOTAL,Total,T,Total,AT,Austria,2022,,7.4,,,,,
dataflow,ESTAT:TESPM140(1.0),Housing cost overburden rate,A,Annual,PC,Percentage,TOTAL,Total,TOTAL,Total,T,Total,AT,Austria,2023,,6.0,,,,,
dataflow,ESTAT:TESPM140(1.0),Housing cost overburden rate,A,Annual,PC,Percentage,TOTAL,Total,TOTAL,Total,T,Total,AT,Austria,2024,,6.3,,,,,
dataflow,ESTAT:TESPM140(1.0),Housing cost overburden rate,A,Annual,PC,Percentage,TOTAL,Total,TOTAL,Total,T,Total,AT,Austria,2025,,6.1,,,,,
dataflow,ESTAT:TESPM140(1.0),Housing cost overburden rate,A,Annual,PC,Percentage,TOTAL,Total,TOTAL,Total,T,Total,BE,Belgium,2014,,10.4,,,,,
dataflow,ESTAT:TESPM140(1.0),Housing cost overburden rate,A,Annual,PC,Percentage,TOTAL,Total,TOTAL,Total,T,Total,BE,Belgium,2015,,9.4,,,,,
dataflow,ESTAT:TESPM140(1.0),Housing cost overburden rate,A,Annual,PC,Percentage,TOTAL,Total,TOTAL,Total,T,Total,BE,Belgium,2016,,9.8,,,,,
dataflow,ESTAT:TESPM140(1.0),Housing cost overburden rate,A,Annual,PC,Percentage,TOTAL,Total,TOTAL,Total,T,Total,BE,Belgium,2017,,9.4,,,,,
dataflow,ESTAT:TESPM140(1.0),Housing cost overburden rate,A,Annual,PC,Percentage,TOTAL,Total,TOTAL,Total,T,Total,BE,Belgium,2018,,8.9,,,,,
dataflow,ESTAT:TESPM140(1.0),Housing cost overburden rate,A,Annual,PC,Percentage,TOTAL,Total,TOTAL,Total,T,Total,BE,Belgium,2019,,8.4,,b,break in time series,,
dataflow,ESTAT:TESPM140(1.0),Housing cost overburden rate,A,Annual,PC,Percentage,TOTAL,Total,TOTAL,Total,T,Total,BE,Belgium,2020,,7.7,,,,,
dataflow,ESTAT:TESPM140(1.0),Housing cost overburden rate,A,Annual,PC,Percentage,TOTAL,Total,TOTAL,Total,T,Total,BE,Belgium,2021,,7.6,,,,,
dataflow,ESTAT:TESPM140(1.0),Housing cost overburden rate,A,Annual,PC,Percentage,TOTAL,Total,TOTAL,Total,T,Total,BE,Belgium,2022,,7.5,,,,,
dataflow,ESTAT:TESPM140(1.0),Housing cost overburden rate,A,Annual,PC,Percentage,TOTAL,Total,TOTAL,Total,T,Total,BE,Belgium,2023,,7.8,,,,,
dataflow,ESTAT:TESPM140(1.0),Housing cost overburden rate,A,Annual,PC,Percentage,TOTAL,Total,TOTAL,Total,T,Total,BE,Belgium,2024,,6.7,,,,,
dataflow,ESTAT:TESPM140(1.0),Housing cost overburden rate,A,Annual,PC,Percentage,TOTAL,Total,TOTAL,Total,T,Total,BE,Belgium,2025,,6.7,,,,,
dataflow,ESTAT:TESPM140(1.0),Housing cost overburden rate,A,Annual,PC,Percentage,TOTAL,Total,TOTAL,Total,T,Total,BG,Bulgaria,2014,,12.9,,,,,
dataflow,ESTAT:TESPM140(1.0),Housing cost overburden rate,A,Annual,PC,Percentage,TOTAL,Total,TOTAL,Total,T,Total,BG,Bulgaria,2015,,14.8,,,,,
dataflow,ESTAT:TESPM140(1.0),Housing cost overburden rate,A,Annual,PC,Percentage,TOTAL,Total,TOTAL,Total,T,Total,BG,Bulgaria,2016,,20.7,,b,break in time series,,
dataflow,ESTAT:TESPM140(1.0),Housing cost overburden rate,A,Annual,PC,Percentage,TOTAL,Total,TOTAL,Total,T,Total,BG,Bulgaria,2017,,18.9,,,,,
dataflow,ESTAT:TESPM140(1.0),Housing cost overburden rate,A,Annual,PC,Percentage,TOTAL,Total,TOTAL,Total,T,Total,BG,Bulgaria,2018,,17.9,,,,,
dataflow,ESTAT:TESPM140(1.0),Housing cost overburden rate,A,Annual,PC,Percentage,TOTAL,Total,TOTAL,Total,T,Total,BG,Bulgaria,2019,,16.0,,,,,
dataflow,ESTAT:TESPM140(1.0),Housing cost overburden rate,A,Annual,PC,Percentage,TOTAL,Total,TOTAL,Total,T,Total,BG,Bulgaria,2020,,14.4,,,,,
dataflow,ESTAT:TESPM140(1.0),Housing cost overburden rate,A,Annual,PC,Percentage,TOTAL,Total,TOTAL,Total,T,Total,BG,Bulgaria,2021,,11.6,,,,,
dataflow,ESTAT:TESPM140(1.0),Housing cost overburden rate,A,Annual,PC,Percentage,TOTAL,Total,TOTAL,Total,T,Total,BG,Bulgaria,2022,,15.1,,,,,
dataflow,ESTAT:TESPM140(1.0),Housing cost overburden rate,A,Annual,PC,Percentage,TOTAL,Total,TOTAL,Total,T,Total,BG,Bulgaria,2023,,11.1,,,,,
dataflow,ESTAT:TESPM140(1.0),Housing cost overburden rate,A,Annual,PC,Percentage,TOTAL,Total,TOTAL,Total,T,Total,BG,Bulgaria,2024,,8.0,,,,,
dataflow,ESTAT:TESPM140(1.0),Housing cost overburden rate,A,Annual,PC,Percentage,TOTAL,Total,TOTAL,Total,T,Total,BG,Bulgaria,2025,,6.9,,,,,
dataflow,ESTAT:TESPM140(1.0),Housing cost overburden rate,A,Annual,PC,Percentage,TOTAL,Total,TOTAL,Total,T,Total,CH,Switzerland,2014,,11.7,,b,break in time series,,
dataflow,ESTAT:TESPM140(1.0),Housing cost overburden rate,A,Annual,PC,Percentage,TOTAL,Total,TOTAL,Total,T,Total,CH,Switzerland,2015,,11.7,,,,,
dataflow,ESTAT:TESPM140(1.0),Housing cost overburden rate,A,Annual,PC,Percentage,TOTAL,Total,TOTAL,Total,T,Total,CH,Switzerland,2016,,12.0,,,,,
dataflow,ESTAT:TESPM140(1.0),Housing cost overburden rate,A,Annual,PC,Percentage,TOTAL,Total,TOTAL,Total,T,Total,CH,Switzerland,2017,,12.7,,,,,
dataflow,ESTAT:TESPM140(1.0),Housing cost overburden rate,A,Annual,PC,Percentage,TOTAL,Total,TOTAL,Total,T,Total,CH,Switzerland,2018,,12.8,,,,,
dataflow,ESTAT:TESPM140(1.0),Housing cost overburden rate,A,Annual,PC,Percentage,TOTAL,Total,TOTAL,Total,T,Total,CH,Switzerland,2019,,14.2,,,,,
dataflow,ESTAT:TESPM140(1.0),Housing cost overburden rate,A,Annual,PC,Percentage,TOTAL,Total,TOTAL,Total,T,Total,CH,Switzerland,2020,,13.6,,,,,
dataflow,ESTAT:TESPM140(1.0),Housing cost overburden rate,A,Annual,PC,Percentage,TOTAL,Total,TOTAL,Total,T,Total,CH,Switzerland,2021,,14.8,,,,,
dataflow,ESTAT:TESPM140(1.0),Housing cost overburden rate,A,Annual,PC,Percentage,TOTAL,Total,TOTAL,Total,T,Total,CH,Switzerland,2022,,13.4,,,,,
dataflow,ESTAT:TESPM140(1.0),Housing cost overburden rate,A,Annual,PC,Percentage,TOTAL,Total,TOTAL,Total,T,Total,CH,Switzerland,2023,,14.2,,,,,
dataflow,ESTAT:TESPM140(1.0),Housing cost overburden rate,A,Annual,PC,Percentage,TOTAL,Total,TOTAL,Total,T,Total,CH,Switzerland,2024,,15.3,,,,,
dataflow,ESTAT:TESPM140(1.0),Housing cost overburden rate,A,Annual,PC,Percentage,TOTAL,Total,TOTAL,Total,T,Total,CY,Cyprus,2014,,4.0,,,,,
dataflow,ESTAT:TESPM140(1.0),Housing cost overburden rate,A,Annual,PC,Percentage,TOTAL,Total,TOTAL,Total,T,Total,CY,Cyprus,2015,,3.9,,,,,
dataflow,ESTAT:TESPM140(1.0),Housing cost overburden rate,A,Annual,PC,Percentage,TOTAL,Total,TOTAL,Total,T,Total,CY,Cyprus,2016,,3.1,,,,,
dataflow,ESTAT:TESPM140(1.0),Housing cost overburden rate,A,Annual,PC,Percentage,TOTAL,Total,TOTAL,Total,T,Total,CY,Cyprus,2017,,2.8,,,,,
dataflow,ESTAT:TESPM140(1.0),Housing cost overburden rate,A,Annual,PC,Percentage,TOTAL,Total,TOTAL,Total,T,Total,CY,Cyprus,2018,,2.0,,,,,
dataflow,ESTAT:TESPM140(1.0),Housing cost overburden rate,A,Annual,PC,Percentage,TOTAL,Total,TOTAL,Total,T,Total,CY,Cyprus,2019,,2.2,,,,,
dataflow,ESTAT:TESPM140(1.0),Housing cost overburden rate,A,Annual,PC,Percentage,TOTAL,Total,TOTAL,Total,T,Total,CY,Cyprus,2020,,1.9,,,,,
dataflow,ESTAT:TESPM140(1.0),Housing cost overburden rate,A,Annual,PC,Percentage,TOTAL,Total,TOTAL,Total,T,Total,CY,Cyprus,2021,,2.4,,,,,
dataflow,ESTAT:TESPM140(1.0),Housing cost overburden rate,A,Annual,PC,Percentage,TOTAL,Total,TOTAL,Total,T,Total,CY,Cyprus,2022,,2.6,,,,,
dataflow,ESTAT:TESPM140(1.0),Housing cost overburden rate,A,Annual,PC,Percentage,TOTAL,Total,TOTAL,Total,T,Total,CY,Cyprus,2023,,2.6,,,,,
dataflow,ESTAT:TESPM140(1.0),Housing cost overburden rate,A,Annual,PC,Percentage,TOTAL,Total,TOTAL,Total,T,Total,CY,Cyprus,2024,,2.4,,,,,
dataflow,ESTAT:TESPM140(1.0),Housing cost overburden rate,A,Annual,PC,Percentage,TOTAL,Total,TOTAL,Total,T,Total,CY,Cyprus,2025,,2.4,,,,,
dataflow,ESTAT:TESPM140(1.0),Housing cost overburden rate,A,Annual,PC,Percentage,TOTAL,Total,TOTAL,Total,T,Total,CZ,Czechia,2014,,10.5,,,,,
dataflow,ESTAT:TESPM140(1.0),Housing cost overburden rate,A,Annual,PC,Percentage,TOTAL,Total,TOTAL,Total,T,Total,CZ,Czechia,2015,,10.4,,,,,
dataflow,ESTAT:TESPM140(1.0),Housing cost overburden rate,A,Annual,PC,Percentage,TOTAL,Total,TOTAL,Total,T,Total,CZ,Czechia,2016,,9.5,,,,,
dataflow,ESTAT:TESPM140(1.0),Housing cost overburden rate,A,Annual,PC,Percentage,TOTAL,Total,TOTAL,Total,T,Total,CZ,Czechia,2017,,8.7,,,,,
dataflow,ESTAT:TESPM140(1.0),Housing cost overburden rate,A,Annual,PC,Percentage,TOTAL,Total,TOTAL,Total,T,Total,CZ,Czechia,2018,,7.8,,,,,
dataflow,ESTAT:TESPM140(1.0),Housing cost overburden rate,A,Annual,PC,Percentage,TOTAL,Total,TOTAL,Total,T,Total,CZ,Czechia,2019,,6.9,,,,,
dataflow,ESTAT:TESPM140(1.0),Housing cost overburden rate,A,Annual,PC,Percentage,TOTAL,Total,TOTAL,Total,T,Total,CZ,Czechia,2020,,6.5,,,,,
dataflow,ESTAT:TESPM140(1.0),Housing cost overburden rate,A,Annual,PC,Percentage,TOTAL,Total,TOTAL,Total,T,Total,CZ,Czechia,2021,,6.2,,,,,
dataflow,ESTAT:TESPM140(1.0),Housing cost overburden rate,A,Annual,PC,Percentage,TOTAL,Total,TOTAL,Total,T,Total,CZ,Czechia,2022,,6.9,,,,,
dataflow,ESTAT:TESPM140(1.0),Housing cost overburden rate,A,Annual,PC,Percentage,TOTAL,Total,TOTAL,Total,T,Total,CZ,Czechia,2023,,9.1,,,,,
dataflow,ESTAT:TESPM140(1.0),Housing cost overburden rate,A,Annual,PC,Percentage,TOTAL,Total,TOTAL,Total,T,Total,CZ,Czechia,2024,,9.2,,,,,
dataflow,ESTAT:TESPM140(1.0),Housing cost overburden rate,A,Annual,PC,Percentage,TOTAL,Total,TOTAL,Total,T,Total,CZ,Czechia,2025,,8.2,,,,,
dataflow,ESTAT:TESPM140(1.0),Housing cost overburden rate,A,Annual,PC,Percentage,TOTAL,Total,TOTAL,Total,T,Total,DE,Germany,2014,,15.9,,,,,
dataflow,ESTAT:TESPM140(1.0),Housing cost overburden rate,A,Annual,PC,Percentage,TOTAL,Total,TOTAL,Total,T,Total,DE,Germany,2015,,15.6,,,,,
dataflow,ESTAT:TESPM140(1.0),Housing cost overburden rate,A,Annual,PC,Percentage,TOTAL,Total,TOTAL,Total,T,Total,DE,Germany,2016,,15.8,,,,,
dataflow,ESTAT:TESPM140(1.0),Housing cost overburden rate,A,Annual,PC,Percentage,TOTAL,Total,TOTAL,Total,T,Total,DE,Germany,2017,,14.5,,,,,
dataflow,ESTAT:TESPM140(1.0),Housing cost overburden rate,A,Annual,PC,Percentage,TOTAL,Total,TOTAL,Total,T,Total,DE,Germany,2018,,14.2,,,,,
dataflow,ESTAT:TESPM140(1.0),Housing cost overburden rate,A,Annual,PC,Percentage,TOTAL,Total,TOTAL,Total,T,Total,DE,Germany,2019,,13.9,,,,,
dataflow,ESTAT:TESPM140(1.0),Housing cost overburden rate,A,Annual,PC,Percentage,TOTAL,Total,TOTAL,Total,T,Total,DE,Germany,2020,,9.0,,b,break in time series,,
dataflow,ESTAT:TESPM140(1.0),Housing cost overburden rate,A,Annual,PC,Percentage,TOTAL,Total,TOTAL,Total,T,Total,DE,Germany,2021,,11.0,,,,,
dataflow,ESTAT:TESPM140(1.0),Housing cost overburden rate,A,Annual,PC,Percentage,TOTAL,Total,TOTAL,Total,T,Total,DE,Germany,2022,,11.9,,,,,
dataflow,ESTAT:TESPM140(1.0),Housing cost overburden rate,A,Annual,PC,Percentage,TOTAL,Total,TOTAL,Total,T,Total,DE,Germany,2023,,13.0,,b,break in time series,,
dataflow,ESTAT:TESPM140(1.0),Housing cost overburden rate,A,Annual,PC,Percentage,TOTAL,Total,TOTAL,Total,T,Total,DE,Germany,2024,,12.0,,,,,
dataflow,ESTAT:TESPM140(1.0),Housing cost overburden rate,A,Annual,PC,Percentage,TOTAL,Total,TOTAL,Total,T,Total,DE,Germany,2025,,11.2,,,,,
dataflow,ESTAT:TESPM140(1.0),Housing cost overburden rate,A,Annual,PC,Percentage,TOTAL,Total,TOTAL,Total,T,Total,DK,Denmark,2014,,15.6,,,,,
dataflow,ESTAT:TESPM140(1.0),Housing cost overburden rate,A,Annual,PC,Percentage,TOTAL,Total,TOTAL,Total,T,Total,DK,Denmark,2015,,15.1,,,,,
dataflow,ESTAT:TESPM140(1.0),Housing cost overburden rate,A,Annual,PC,Percentage,TOTAL,Total,TOTAL,Total,T,Total,DK,Denmark,2016,,15.1,,,,,
dataflow,ESTAT:TESPM140(1.0),Housing cost overburden rate,A,Annual,PC,Percentage,TOTAL,Total,TOTAL,Total,T,Total,DK,Denmark,2017,,15.7,,,,,
dataflow,ESTAT:TESPM140(1.0),Housing cost overburden rate,A,Annual,PC,Percentage,TOTAL,Total,TOTAL,Total,T,Total,DK,Denmark,2018,,14.7,,,,,
dataflow,ESTAT:TESPM140(1.0),Housing cost overburden rate,A,Annual,PC,Percentage,TOTAL,Total,TOTAL,Total,T,Total,DK,Denmark,2019,,15.6,,,,,
dataflow,ESTAT:TESPM140(1.0),Housing cost overburden rate,A,Annual,PC,Percentage,TOTAL,Total,TOTAL,Total,T,Total,DK,Denmark,2020,,14.1,,b,break in time series,,
dataflow,ESTAT:TESPM140(1.0),Housing cost overburden rate,A,Annual,PC,Percentage,TOTAL,Total,TOTAL,Total,T,Total,DK,Denmark,2021,,15.5,,,,,
dataflow,ESTAT:TESPM140(1.0),Housing cost overburden rate,A,Annual,PC,Percentage,TOTAL,Total,TOTAL,Total,T,Total,DK,Denmark,2022,,14.7,,,,,
dataflow,ESTAT:TESPM140(1.0),Housing cost overburden rate,A,Annual,PC,Percentage,TOTAL,Total,TOTAL,Total,T,Total,DK,Denmark,2023,,15.4,,,,,
dataflow,ESTAT:TESPM140(1.0),Housing cost overburden rate,A,Annual,PC,Percentage,TOTAL,Total,TOTAL,Total,T,Total,DK,Denmark,2024,,14.6,,,,,
dataflow,ESTAT:TESPM140(1.0),Housing cost overburden rate,A,Annual,PC,Percentage,TOTAL,Total,TOTAL,Total,T,Total,DK,Denmark,2025,,23.4,,b,break in time series,,
dataflow,ESTAT:TESPM140(1.0),Housing cost overburden rate,A,Annual,PC,Percentage,TOTAL,Total,TOTAL,Total,T,Total,EA,"Euro area (EA11-1999, EA12-2001, EA13-2007, EA15-2008, EA16-2009, EA17-2011, EA18-2014, EA19-2015, EA20-2023, EA21-2026)",2014,,11.5,,e,estimated,,
dataflow,ESTAT:TESPM140(1.0),Housing cost overburden rate,A,Annual,PC,Percentage,TOTAL,Total,TOTAL,Total,T,Total,EA,"Euro area (EA11-1999, EA12-2001, EA13-2007, EA15-2008, EA16-2009, EA17-2011, EA18-2014, EA19-2015, EA20-2023, EA21-2026)",2015,,11.3,,e,estimated,,
dataflow,ESTAT:TESPM140(1.0),Housing cost overburden rate,A,Annual,PC,Percentage,TOTAL,Total,TOTAL,Total,T,Total,EA,"Euro area (EA11-1999, EA12-2001, EA13-2007, EA15-2008, EA16-2009, EA17-2011, EA18-2014, EA19-2015, EA20-2023, EA21-2026)",2016,,11.0,,e,estimated,,
dataflow,ESTAT:TESPM140(1.0),Housing cost overburden rate,A,Annual,PC,Percentage,TOTAL,Total,TOTAL,Total,T,Total,EA,"Euro area (EA11-1999, EA12-2001, EA13-2007, EA15-2008, EA16-2009, EA17-2011, EA18-2014, EA19-2015, EA20-2023, EA21-2026)",2017,,10.2,,e,estimated,,
dataflow,ESTAT:TESPM140(1.0),Housing cost overburden rate,A,Annual,PC,Percentage,TOTAL,Total,TOTAL,Total,T,Total,EA,"Euro area (EA11-1999, EA12-2001, EA13-2007, EA15-2008, EA16-2009, EA17-2011, EA18-2014, EA19-2015, EA20-2023, EA21-2026)",2018,,9.8,,e,estimated,,
dataflow,ESTAT:TESPM140(1.0),Housing cost overburden rate,A,Annual,PC,Percentage,TOTAL,Total,TOTAL,Total,T,Total,EA,"Euro area (EA11-1999, EA12-2001, EA13-2007, EA15-2008, EA16-2009, EA17-2011, EA18-2014, EA19-2015, EA20-2023, EA21-2026)",2019,,9.8,,,,,
dataflow,ESTAT:TESPM140(1.0),Housing cost overburden rate,A,Annual,PC,Percentage,TOTAL,Total,TOTAL,Total,T,Total,EA,"Euro area (EA11-1999, EA12-2001, EA13-2007, EA15-2008, EA16-2009, EA17-2011, EA18-2014, EA19-2015, EA20-2023, EA21-2026)",2020,,8.0,,,,,
dataflow,ESTAT:TESPM140(1.0),Housing cost overburden rate,A,Annual,PC,Percentage,TOTAL,Total,TOTAL,Total,T,Total,EA18,Euro area - 18 countries (2014),2014,,11.5,,,,,
dataflow,ESTAT:TESPM140(1.0),Housing cost overburden rate,A,Annual,PC,Percentage,TOTAL,Total,TOTAL,Total,T,Total,EA18,Euro area - 18 countries (2014),2015,,11.3,,,,,
dataflow,ESTAT:TESPM140(1.0),Housing cost overburden rate,A,Annual,PC,Percentage,TOTAL,Total,TOTAL,Total,T,Total,EA18,Euro area - 18 countries (2014),2016,,11.0,,,,,
dataflow,ESTAT:TESPM140(1.0),Housing cost overburden rate,A,Annual,PC,Percentage,TOTAL,Total,TOTAL,Total,T,Total,EA18,Euro area - 18 countries (2014),2017,,10.2,,,,,
dataflow,ESTAT:TESPM140(1.0),Housing cost overburden rate,A,Annual,PC,Percentage,TOTAL,Total,TOTAL,Total,T,Total,EA18,Euro area - 18 countries (2014),2018,,9.8,,,,,
dataflow,ESTAT:TESPM140(1.0),Housing cost overburden rate,A,Annual,PC,Percentage,TOTAL,Total,TOTAL,Total,T,Total,EA18,Euro area - 18 countries (2014),2019,,9.9,,,,,
dataflow,ESTAT:TESPM140(1.0),Housing cost overburden rate,A,Annual,PC,Percentage,TOTAL,Total,TOTAL,Total,T,Total,EA18,Euro area - 18 countries (2014),2020,,8.1,,,,,
dataflow,ESTAT:TESPM140(1.0),Housing cost overburden rate,A,Annual,PC,Percentage,TOTAL,Total,TOTAL,Total,T,Total,EA19,Euro area - 19 countries  (2015-2022),2014,,11.4,,,,,
dataflow,ESTAT:TESPM140(1.0),Housing cost overburden rate,A,Annual,PC,Percentage,TOTAL,Total,TOTAL,Total,T,Total,EA19,Euro area - 19 countries  (2015-2022),2015,,11.3,,,,,
dataflow,ESTAT:TESPM140(1.0),Housing cost overburden rate,A,Annual,PC,Percentage,TOTAL,Total,TOTAL,Total,T,Total,EA19,Euro area - 19 countries  (2015-2022),2016,,11.0,,,,,
dataflow,ESTAT:TESPM140(1.0),Housing cost overburden rate,A,Annual,PC,Percentage,TOTAL,Total,TOTAL,Total,T,Total,EA19,Euro area - 19 countries  (2015-2022),2017,,10.2,,,,,
dataflow,ESTAT:TESPM140(1.0),Housing cost overburden rate,A,Annual,PC,Percentage,TOTAL,Total,TOTAL,Total,T,Total,EA19,Euro area - 19 countries  (2015-2022),2018,,9.8,,,,,
dataflow,ESTAT:TESPM140(1.0),Housing cost overburden rate,A,Annual,PC,Percentage,TOTAL,Total,TOTAL,Total,T,Total,EA19,Euro area - 19 countries  (2015-2022),2019,,9.8,,,,,
dataflow,ESTAT:TESPM140(1.0),Housing cost overburden rate,A,Annual,PC,Percentage,TOTAL,Total,TOTAL,Total,T,Total,EA19,Euro area - 19 countries  (2015-2022),2020,,8.0,,,,,
dataflow,ESTAT:TESPM140(1.0),Housing cost overburden rate,A,Annual,PC,Percentage,TOTAL,Total,TOTAL,Total,T,Total,EA19,Euro area - 19 countries  (2015-2022),2021,,8.7,,e,estimated,,
dataflow,ESTAT:TESPM140(1.0),Housing cost overburden rate,A,Annual,PC,Percentage,TOTAL,Total,TOTAL,Total,T,Total,EA20,Euro area – 20 countries (2023-2025),2014,,11.4,,,,,
dataflow,ESTAT:TESPM140(1.0),Housing cost overburden rate,A,Annual,PC,Percentage,TOTAL,Total,TOTAL,Total,T,Total,EA20,Euro area – 20 countries (2023-2025),2015,,11.3,,,,,
dataflow,ESTAT:TESPM140(1.0),Housing cost overburden rate,A,Annual,PC,Percentage,TOTAL,Total,TOTAL,Total,T,Total,EA20,Euro area – 20 countries (2023-2025),2016,,10.9,,,,,
dataflow,ESTAT:TESPM140(1.0),Housing cost overburden rate,A,Annual,PC,Percentage,TOTAL,Total,TOTAL,Total,T,Total,EA20,Euro area – 20 countries (2023-2025),2017,,10.1,,,,,
dataflow,ESTAT:TESPM140(1.0),Housing cost overburden rate,A,Annual,PC,Percentage,TOTAL,Total,TOTAL,Total,T,Total,EA20,Euro area – 20 countries (2023-2025),2018,,9.7,,,,,
dataflow,ESTAT:TESPM140(1.0),Housing cost overburden rate,A,Annual,PC,Percentage,TOTAL,Total,TOTAL,Total,T,Total,EA20,Euro area – 20 countries (2023-2025),2019,,9.8,,,,,
dataflow,ESTAT:TESPM140(1.0),Housing cost overburden rate,A,Annual,PC,Percentage,TOTAL,Total,TOTAL,Total,T,Total,EA20,Euro area – 20 countries (2023-2025),2020,,8.0,,,,,
dataflow,ESTAT:TESPM140(1.0),Housing cost overburden rate,A,Annual,PC,Percentage,TOTAL,Total,TOTAL,Total,T,Total,EA20,Euro area – 20 countries (2023-2025),2021,,9.3,,,,,
dataflow,ESTAT:TESPM140(1.0),Housing cost overburden rate,A,Annual,PC,Percentage,TOTAL,Total,TOTAL,Total,T,Total,EA20,Euro area – 20 countries (2023-2025),2022,,8.8,,,,,
dataflow,ESTAT:TESPM140(1.0),Housing cost overburden rate,A,Annual,PC,Percentage,TOTAL,Total,TOTAL,Total,T,Total,EA20,Euro area – 20 countries (2023-2025),2023,,8.9,,,,,
dataflow,ESTAT:TESPM140(1.0),Housing cost overburden rate,A,Annual,PC,Percentage,TOTAL,Total,TOTAL,Total,T,Total,EA20,Euro area – 20 countries (2023-2025),2024,,8.5,,,,,
dataflow,ESTAT:TESPM140(1.0),Housing cost overburden rate,A,Annual,PC,Percentage,TOTAL,Total,TOTAL,Total,T,Total,EA20,Euro area – 20 countries (2023-2025),2025,,7.9,,,,,
dataflow,ESTAT:TESPM140(1.0),Housing cost overburden rate,A,Annual,PC,Percentage,TOTAL,Total,TOTAL,Total,T,Total,EA21,Euro area – 21 countries (from 2026),2014,,11.4,,,,,
dataflow,ESTAT:TESPM140(1.0),Housing cost overburden rate,A,Annual,PC,Percentage,TOTAL,Total,TOTAL,Total,T,Total,EA21,Euro area – 21 countries (from 2026),2015,,11.3,,,,,
dataflow,ESTAT:TESPM140(1.0),Housing cost overburden rate,A,Annual,PC,Percentage,TOTAL,Total,TOTAL,Total,T,Total,EA21,Euro area – 21 countries (from 2026),2016,,11.1,,,,,
dataflow,ESTAT:TESPM140(1.0),Housing cost overburden rate,A,Annual,PC,Percentage,TOTAL,Total,TOTAL,Total,T,Total,EA21,Euro area – 21 countries (from 2026),2017,,10.3,,,,,
dataflow,ESTAT:TESPM140(1.0),Housing cost overburden rate,A,Annual,PC,Percentage,TOTAL,Total,TOTAL,Total,T,Total,EA21,Euro area – 21 countries (from 2026),2018,,9.9,,,,,
dataflow,ESTAT:TESPM140(1.0),Housing cost overburden rate,A,Annual,PC,Percentage,TOTAL,Total,TOTAL,Total,T,Total,EA21,Euro area – 21 countries (from 2026),2019,,9.9,,,,,
dataflow,ESTAT:TESPM140(1.0),Housing cost overburden rate,A,Annual,PC,Percentage,TOTAL,Total,TOTAL,Total,T,Total,EA21,Euro area – 21 countries (from 2026),2020,,8.1,,,,,
dataflow,ESTAT:TESPM140(1.0),Housing cost overburden rate,A,Annual,PC,Percentage,TOTAL,Total,TOTAL,Total,T,Total,EA21,Euro area – 21 countries (from 2026),2021,,9.3,,,,,
dataflow,ESTAT:TESPM140(1.0),Housing cost overburden rate,A,Annual,PC,Percentage,TOTAL,Total,TOTAL,Total,T,Total,EA21,Euro area – 21 countries (from 2026),2022,,8.9,,,,,
dataflow,ESTAT:TESPM140(1.0),Housing cost overburden rate,A,Annual,PC,Percentage,TOTAL,Total,TOTAL,Total,T,Total,EA21,Euro area – 21 countries (from 2026),2023,,8.9,,,,,
dataflow,ESTAT:TESPM140(1.0),Housing cost overburden rate,A,Annual,PC,Percentage,TOTAL,Total,TOTAL,Total,T,Total,EA21,Euro area – 21 countries (from 2026),2024,,8.5,,,,,
dataflow,ESTAT:TESPM140(1.0),Housing cost overburden rate,A,Annual,PC,Percentage,TOTAL,Total,TOTAL,Total,T,Total,EA21,Euro area – 21 countries (from 2026),2025,,7.8,,,,,
dataflow,ESTAT:TESPM140(1.0),Housing cost overburden rate,A,Annual,PC,Percentage,TOTAL,Total,TOTAL,Total,T,Total,EE,Estonia,2014,,8.3,,b,break in time series,,
dataflow,ESTAT:TESPM140(1.0),Housing cost overburden rate,A,Annual,PC,Percentage,TOTAL,Total,TOTAL,Total,T,Total,EE,Estonia,2015,,6.8,,,,,
dataflow,ESTAT:TESPM140(1.0),Housing cost overburden rate,A,Annual,PC,Percentage,TOTAL,Total,TOTAL,Total,T,Total,EE,Estonia,2016,,4.9,,,,,
dataflow,ESTAT:TESPM140(1.0),Housing cost overburden rate,A,Annual,PC,Percentage,TOTAL,Total,TOTAL,Total,T,Total,EE,Estonia,2017,,4.8,,,,,
dataflow,ESTAT:TESPM140(1.0),Housing cost overburden rate,A,Annual,PC,Percentage,TOTAL,Total,TOTAL,Total,T,Total,EE,Estonia,2018,,4.0,,,,,
dataflow,ESTAT:TESPM140(1.0),Housing cost overburden rate,A,Annual,PC,Percentage,TOTAL,Total,TOTAL,Total,T,Total,EE,Estonia,2019,,4.4,,,,,
dataflow,ESTAT:TESPM140(1.0),Housing cost overburden rate,A,Annual,PC,Percentage,TOTAL,Total,TOTAL,Total,T,Total,EE,Estonia,2020,,4.4,,,,,
dataflow,ESTAT:TESPM140(1.0),Housing cost overburden rate,A,Annual,PC,Percentage,TOTAL,Total,TOTAL,Total,T,Total,EE,Estonia,2021,,4.4,,,,,
dataflow,ESTAT:TESPM140(1.0),Housing cost overburden rate,A,Annual,PC,Percentage,TOTAL,Total,TOTAL,Total,T,Total,EE,Estonia,2022,,4.9,,,,,
dataflow,ESTAT:TESPM140(1.0),Housing cost overburden rate,A,Annual,PC,Percentage,TOTAL,Total,TOTAL,Total,T,Total,EE,Estonia,2023,,7.6,,,,,
dataflow,ESTAT:TESPM140(1.0),Housing cost overburden rate,A,Annual,PC,Percentage,TOTAL,Total,TOTAL,Total,T,Total,EE,Estonia,2024,,8.6,,,,,
dataflow,ESTAT:TESPM140(1.0),Housing cost overburden rate,A,Annual,PC,Percentage,TOTAL,Total,TOTAL,Total,T,Total,EE,Estonia,2025,,8.8,,,,,
dataflow,ESTAT:TESPM140(1.0),Housing cost overburden rate,A,Annual,PC,Percentage,TOTAL,Total,TOTAL,Total,T,Total,EL,Greece,2014,,44.9,,,,,
dataflow,ESTAT:TESPM140(1.0),Housing cost overburden rate,A,Annual,PC,Percentage,TOTAL,Total,TOTAL,Total,T,Total,EL,Greece,2015,,45.5,,,,,
dataflow,ESTAT:TESPM140(1.0),Housing cost overburden rate,A,Annual,PC,Percentage,TOTAL,Total,TOTAL,Total,T,Total,EL,Greece,2016,,40.5,,,,,
dataflow,ESTAT:TESPM140(1.0),Housing cost overburden rate,A,Annual,PC,Percentage,TOTAL,Total,TOTAL,Total,T,Total,EL,Greece,2017,,39.6,,,,,
dataflow,ESTAT:TESPM140(1.0),Housing cost overburden rate,A,Annual,PC,Percentage,TOTAL,Total,TOTAL,Total,T,Total,EL,Greece,2018,,39.5,,,,,
dataflow,ESTAT:TESPM140(1.0),Housing cost overburden rate,A,Annual,PC,Percentage,TOTAL,Total,TOTAL,Total,T,Total,EL,Greece,2019,,36.2,,,,,
dataflow,ESTAT:TESPM140(1.0),Housing cost overburden rate,A,Annual,PC,Percentage,TOTAL,Total,TOTAL,Total,T,Total,EL,Greece,2020,,33.3,,,,,
dataflow,ESTAT:TESPM140(1.0),Housing cost overburden rate,A,Annual,PC,Percentage,TOTAL,Total,TOTAL,Total,T,Total,EL,Greece,2021,,28.8,,,,,
dataflow,ESTAT:TESPM140(1.0),Housing cost overburden rate,A,Annual,PC,Percentage,TOTAL,Total,TOTAL,Total,T,Total,EL,Greece,2022,,26.7,,,,,
dataflow,ESTAT:TESPM140(1.0),Housing cost overburden rate,A,Annual,PC,Percentage,TOTAL,Total,TOTAL,Total,T,Total,EL,Greece,2023,,28.5,,,,,
dataflow,ESTAT:TESPM140(1.0),Housing cost overburden rate,A,Annual,PC,Percentage,TOTAL,Total,TOTAL,Total,T,Total,EL,Greece,2024,,28.9,,,,,
dataflow,ESTAT:TESPM140(1.0),Housing cost overburden rate,A,Annual,PC,Percentage,TOTAL,Total,TOTAL,Total,T,Total,EL,Greece,2025,,26.4,,,,,
dataflow,ESTAT:TESPM140(1.0),Housing cost overburden rate,A,Annual,PC,Percentage,TOTAL,Total,TOTAL,Total,T,Total,ES,Spain,2014,,10.9,,,,,
dataflow,ESTAT:TESPM140(1.0),Housing cost overburden rate,A,Annual,PC,Percentage,TOTAL,Total,TOTAL,Total,T,Total,ES,Spain,2015,,10.3,,,,,
dataflow,ESTAT:TESPM140(1.0),Housing cost overburden rate,A,Annual,PC,Percentage,TOTAL,Total,TOTAL,Total,T,Total,ES,Spain,2016,,10.2,,,,,
dataflow,ESTAT:TESPM140(1.0),Housing cost overburden rate,A,Annual,PC,Percentage,TOTAL,Total,TOTAL,Total,T,Total,ES,Spain,2017,,9.8,,,,,
dataflow,ESTAT:TESPM140(1.0),Housing cost overburden rate,A,Annual,PC,Percentage,TOTAL,Total,TOTAL,Total,T,Total,ES,Spain,2018,,8.9,,,,,
dataflow,ESTAT:TESPM140(1.0),Housing cost overburden rate,A,Annual,PC,Percentage,TOTAL,Total,TOTAL,Total,T,Total,ES,Spain,2019,,8.5,,,,,
dataflow,ESTAT:TESPM140(1.0),Housing cost overburden rate,A,Annual,PC,Percentage,TOTAL,Total,TOTAL,Total,T,Total,ES,Spain,2020,,8.2,,,,,
dataflow,ESTAT:TESPM140(1.0),Housing cost overburden rate,A,Annual,PC,Percentage,TOTAL,Total,TOTAL,Total,T,Total,ES,Spain,2021,,9.9,,,,,
dataflow,ESTAT:TESPM140(1.0),Housing cost overburden rate,A,Annual,PC,Percentage,TOTAL,Total,TOTAL,Total,T,Total,ES,Spain,2022,,9.2,,,,,
dataflow,ESTAT:TESPM140(1.0),Housing cost overburden rate,A,Annual,PC,Percentage,TOTAL,Total,TOTAL,Total,T,Total,ES,Spain,2023,,8.2,,,,,
dataflow,ESTAT:TESPM140(1.0),Housing cost overburden rate,A,Annual,PC,Percentage,TOTAL,Total,TOTAL,Total,T,Total,ES,Spain,2024,,7.8,,,,,
dataflow,ESTAT:TESPM140(1.0),Housing cost overburden rate,A,Annual,PC,Percentage,TOTAL,Total,TOTAL,Total,T,Total,ES,Spain,2025,,7.2,,,,,
dataflow,ESTAT:TESPM140(1.0),Housing cost overburden rate,A,Annual,PC,Percentage,TOTAL,Total,TOTAL,Total,T,Total,EU,"European Union (EU6-1958, EU9-1973, EU10-1981, EU12-1986, EU15-1995, EU25-2004, EU27-2007, EU28-2013, EU27-2020)",2014,,11.6,,e,estimated,,
dataflow,ESTAT:TESPM140(1.0),Housing cost overburden rate,A,Annual,PC,Percentage,TOTAL,Total,TOTAL,Total,T,Total,EU,"European Union (EU6-1958, EU9-1973, EU10-1981, EU12-1986, EU15-1995, EU25-2004, EU27-2007, EU28-2013, EU27-2020)",2015,,11.4,,e,estimated,,
dataflow,ESTAT:TESPM140(1.0),Housing cost overburden rate,A,Annual,PC,Percentage,TOTAL,Total,TOTAL,Total,T,Total,EU,"European Union (EU6-1958, EU9-1973, EU10-1981, EU12-1986, EU15-1995, EU25-2004, EU27-2007, EU28-2013, EU27-2020)",2016,,11.1,,e,estimated,,
dataflow,ESTAT:TESPM140(1.0),Housing cost overburden rate,A,Annual,PC,Percentage,TOTAL,Total,TOTAL,Total,T,Total,EU,"European Union (EU6-1958, EU9-1973, EU10-1981, EU12-1986, EU15-1995, EU25-2004, EU27-2007, EU28-2013, EU27-2020)",2017,,10.4,,e,estimated,,
dataflow,ESTAT:TESPM140(1.0),Housing cost overburden rate,A,Annual,PC,Percentage,TOTAL,Total,TOTAL,Total,T,Total,EU,"European Union (EU6-1958, EU9-1973, EU10-1981, EU12-1986, EU15-1995, EU25-2004, EU27-2007, EU28-2013, EU27-2020)",2018,,10.3,,e,estimated,,
dataflow,ESTAT:TESPM140(1.0),Housing cost overburden rate,A,Annual,PC,Percentage,TOTAL,Total,TOTAL,Total,T,Total,EU,"European Union (EU6-1958, EU9-1973, EU10-1981, EU12-1986, EU15-1995, EU25-2004, EU27-2007, EU28-2013, EU27-2020)",2019,,10.1,,e,estimated,,
dataflow,ESTAT:TESPM140(1.0),Housing cost overburden rate,A,Annual,PC,Percentage,TOTAL,Total,TOTAL,Total,T,Total,EU27_2007,European Union - 27 countries (2007-2013),2014,,11.7,,,,,
dataflow,ESTAT:TESPM140(1.0),Housing cost overburden rate,A,Annual,PC,Percentage,TOTAL,Total,TOTAL,Total,T,Total,EU27_2007,European Union - 27 countries (2007-2013),2015,,11.4,,,,,
dataflow,ESTAT:TESPM140(1.0),Housing cost overburden rate,A,Annual,PC,Percentage,TOTAL,Total,TOTAL,Total,T,Total,EU27_2007,European Union - 27 countries (2007-2013),2016,,11.1,,,,,
dataflow,ESTAT:TESPM140(1.0),Housing cost overburden rate,A,Annual,PC,Percentage,TOTAL,Total,TOTAL,Total,T,Total,EU27_2007,European Union - 27 countries (2007-2013),2017,,10.5,,,,,
dataflow,ESTAT:TESPM140(1.0),Housing cost overburden rate,A,Annual,PC,Percentage,TOTAL,Total,TOTAL,Total,T,Total,EU27_2007,European Union - 27 countries (2007-2013),2018,,10.3,,,,,
dataflow,ESTAT:TESPM140(1.0),Housing cost overburden rate,A,Annual,PC,Percentage,TOTAL,Total,TOTAL,Total,T,Total,EU27_2007,European Union - 27 countries (2007-2013),2019,,10.2,,e,estimated,,
dataflow,ESTAT:TESPM140(1.0),Housing cost overburden rate,A,Annual,PC,Percentage,TOTAL,Total,TOTAL,Total,T,Total,EU27_2020,European Union - 27 countries (from 2020),2014,,11.5,,e,estimated,,
dataflow,ESTAT:TESPM140(1.0),Housing cost overburden rate,A,Annual,PC,Percentage,TOTAL,Total,TOTAL,Total,T,Total,EU27_2020,European Union - 27 countries (from 2020),2015,,11.2,,e,estimated,,
dataflow,ESTAT:TESPM140(1.0),Housing cost overburden rate,A,Annual,PC,Percentage,TOTAL,Total,TOTAL,Total,T,Total,EU27_2020,European Union - 27 countries (from 2020),2016,,10.9,,e,estimated,,
dataflow,ESTAT:TESPM140(1.0),Housing cost overburden rate,A,Annual,PC,Percentage,TOTAL,Total,TOTAL,Total,T,Total,EU27_2020,European Union - 27 countries (from 2020),2017,,10.1,,e,estimated,,
dataflow,ESTAT:TESPM140(1.0),Housing cost overburden rate,A,Annual,PC,Percentage,TOTAL,Total,TOTAL,Total,T,Total,EU27_2020,European Union - 27 countries (from 2020),2018,,9.6,,e,estimated,,
dataflow,ESTAT:TESPM140(1.0),Housing cost overburden rate,A,Annual,PC,Percentage,TOTAL,Total,TOTAL,Total,T,Total,EU27_2020,European Union - 27 countries (from 2020),2019,,9.4,,,,,
dataflow,ESTAT:TESPM140(1.0),Housing cost overburden rate,A,Annual,PC,Percentage,TOTAL,Total,TOTAL,Total,T,Total,EU27_2020,European Union - 27 countries (from 2020),2020,,7.8,,,,,
dataflow,ESTAT:TESPM140(1.0),Housing cost overburden rate,A,Annual,PC,Percentage,TOTAL,Total,TOTAL,Total,T,Total,EU27_2020,European Union - 27 countries (from 2020),2021,,8.7,,,,,
dataflow,ESTAT:TESPM140(1.0),Housing cost overburden rate,A,Annual,PC,Percentage,TOTAL,Total,TOTAL,Total,T,Total,EU27_2020,European Union - 27 countries (from 2020),2022,,8.7,,,,,
dataflow,ESTAT:TESPM140(1.0),Housing cost overburden rate,A,Annual,PC,Percentage,TOTAL,Total,TOTAL,Total,T,Total,EU27_2020,European Union - 27 countries (from 2020),2023,,8.8,,,,,
dataflow,ESTAT:TESPM140(1.0),Housing cost overburden rate,A,Annual,PC,Percentage,TOTAL,Total,TOTAL,Total,T,Total,EU27_2020,European Union - 27 countries (from 2020),2024,,8.2,,,,,
dataflow,ESTAT:TESPM140(1.0),Housing cost overburden rate,A,Annual,PC,Percentage,TOTAL,Total,TOTAL,Total,T,Total,EU27_2020,European Union - 27 countries (from 2020),2025,,7.7,,,,,
dataflow,ESTAT:TESPM140(1.0),Housing cost overburden rate,A,Annual,PC,Percentage,TOTAL,Total,TOTAL,Total,T,Total,EU28,European Union - 28 countries (2013-2020),2014,,11.6,,,,,
dataflow,ESTAT:TESPM140(1.0),Housing cost overburden rate,A,Annual,PC,Percentage,TOTAL,Total,TOTAL,Total,T,Total,EU28,European Union - 28 countries (2013-2020),2015,,11.4,,,,,
dataflow,ESTAT:TESPM140(1.0),Housing cost overburden rate,A,Annual,PC,Percentage,TOTAL,Total,TOTAL,Total,T,Total,EU28,European Union - 28 countries (2013-2020),2016,,11.1,,,,,
dataflow,ESTAT:TESPM140(1.0),Housing cost overburden rate,A,Annual,PC,Percentage,TOTAL,Total,TOTAL,Total,T,Total,EU28,European Union - 28 countries (2013-2020),2017,,10.4,,,,,
dataflow,ESTAT:TESPM140(1.0),Housing cost overburden rate,A,Annual,PC,Percentage,TOTAL,Total,TOTAL,Total,T,Total,EU28,European Union - 28 countries (2013-2020),2018,,10.3,,,,,
dataflow,ESTAT:TESPM140(1.0),Housing cost overburden rate,A,Annual,PC,Percentage,TOTAL,Total,TOTAL,Total,T,Total,EU28,European Union - 28 countries (2013-2020),2019,,10.1,,e,estimated,,
dataflow,ESTAT:TESPM140(1.0),Housing cost overburden rate,A,Annual,PC,Percentage,TOTAL,Total,TOTAL,Total,T,Total,FI,Finland,2014,,5.1,,,,,
dataflow,ESTAT:TESPM140(1.0),Housing cost overburden rate,A,Annual,PC,Percentage,TOTAL,Total,TOTAL,Total,T,Total,FI,Finland,2015,,4.9,,,,,
dataflow,ESTAT:TESPM140(1.0),Housing cost overburden rate,A,Annual,PC,Percentage,TOTAL,Total,TOTAL,Total,T,Total,FI,Finland,2016,,4.4,,,,,
dataflow,ESTAT:TESPM140(1.0),Housing cost overburden rate,A,Annual,PC,Percentage,TOTAL,Total,TOTAL,Total,T,Total,FI,Finland,2017,,4.3,,,,,
dataflow,ESTAT:TESPM140(1.0),Housing cost overburden rate,A,Annual,PC,Percentage,TOTAL,Total,TOTAL,Total,T,Total,FI,Finland,2018,,4.3,,,,,
dataflow,ESTAT:TESPM140(1.0),Housing cost overburden rate,A,Annual,PC,Percentage,TOTAL,Total,TOTAL,Total,T,Total,FI,Finland,2019,,4.0,,,,,
dataflow,ESTAT:TESPM140(1.0),Housing cost overburden rate,A,Annual,PC,Percentage,TOTAL,Total,TOTAL,Total,T,Total,FI,Finland,2020,,4.1,,,,,
dataflow,ESTAT:TESPM140(1.0),Housing cost overburden rate,A,Annual,PC,Percentage,TOTAL,Total,TOTAL,Total,T,Total,FI,Finland,2021,,4.3,,,,,
dataflow,ESTAT:TESPM140(1.0),Housing cost overburden rate,A,Annual,PC,Percentage,TOTAL,Total,TOTAL,Total,T,Total,FI,Finland,2022,,5.4,,,,,
dataflow,ESTAT:TESPM140(1.0),Housing cost overburden rate,A,Annual,PC,Percentage,TOTAL,Total,TOTAL,Total,T,Total,FI,Finland,2023,,5.5,,,,,
dataflow,ESTAT:TESPM140(1.0),Housing cost overburden rate,A,Annual,PC,Percentage,TOTAL,Total,TOTAL,Total,T,Total,FI,Finland,2024,,5.4,,,,,
dataflow,ESTAT:TESPM140(1.0),Housing cost overburden rate,A,Annual,PC,Percentage,TOTAL,Total,TOTAL,Total,T,Total,FI,Finland,2025,,4.7,,,,,
dataflow,ESTAT:TESPM140(1.0),Housing cost overburden rate,A,Annual,PC,Percentage,TOTAL,Total,TOTAL,Total,T,Total,FR,France,2014,,5.1,,,,,
dataflow,ESTAT:TESPM140(1.0),Housing cost overburden rate,A,Annual,PC,Percentage,TOTAL,Total,TOTAL,Total,T,Total,FR,France,2015,,5.7,,,,,
dataflow,ESTAT:TESPM140(1.0),Housing cost overburden rate,A,Annual,PC,Percentage,TOTAL,Total,TOTAL,Total,T,Total,FR,France,2016,,5.2,,,,,
dataflow,ESTAT:TESPM140(1.0),Housing cost overburden rate,A,Annual,PC,Percentage,TOTAL,Total,TOTAL,Total,T,Total,FR,France,2017,,5.0,,,,,
dataflow,ESTAT:TESPM140(1.0),Housing cost overburden rate,A,Annual,PC,Percentage,TOTAL,Total,TOTAL,Total,T,Total,FR,France,2018,,4.7,,,,,
dataflow,ESTAT:TESPM140(1.0),Housing cost overburden rate,A,Annual,PC,Percentage,TOTAL,Total,TOTAL,Total,T,Total,FR,France,2019,,5.5,,,,,
dataflow,ESTAT:TESPM140(1.0),Housing cost overburden rate,A,Annual,PC,Percentage,TOTAL,Total,TOTAL,Total,T,Total,FR,France,2020,,5.6,,b,break in time series,,
dataflow,ESTAT:TESPM140(1.0),Housing cost overburden rate,A,Annual,PC,Percentage,TOTAL,Total,TOTAL,Total,T,Total,FR,France,2022,,6.5,,b,break in time series,,
dataflow,ESTAT:TESPM140(1.0),Housing cost overburden rate,A,Annual,PC,Percentage,TOTAL,Total,TOTAL,Total,T,Total,FR,France,2023,,6.5,,,,,
dataflow,ESTAT:TESPM140(1.0),Housing cost overburden rate,A,Annual,PC,Percentage,TOTAL,Total,TOTAL,Total,T,Total,FR,France,2024,,7.0,,,,,
dataflow,ESTAT:TESPM140(1.0),Housing cost overburden rate,A,Annual,PC,Percentage,TOTAL,Total,TOTAL,Total,T,Total,FR,France,2025,,6.4,,,,,
dataflow,ESTAT:TESPM140(1.0),Housing cost overburden rate,A,Annual,PC,Percentage,TOTAL,Total,TOTAL,Total,T,Total,HR,Croatia,2014,,7.5,,,,,
dataflow,ESTAT:TESPM140(1.0),Housing cost overburden rate,A,Annual,PC,Percentage,TOTAL,Total,TOTAL,Total,T,Total,HR,Croatia,2015,,7.2,,,,,
dataflow,ESTAT:TESPM140(1.0),Housing cost overburden rate,A,Annual,PC,Percentage,TOTAL,Total,TOTAL,Total,T,Total,HR,Croatia,2016,,6.4,,,,,
dataflow,ESTAT:TESPM140(1.0),Housing cost overburden rate,A,Annual,PC,Percentage,TOTAL,Total,TOTAL,Total,T,Total,HR,Croatia,2017,,5.8,,,,,
dataflow,ESTAT:TESPM140(1.0),Housing cost overburden rate,A,Annual,PC,Percentage,TOTAL,Total,TOTAL,Total,T,Total,HR,Croatia,2018,,5.1,,,,,
dataflow,ESTAT:TESPM140(1.0),Housing cost overburden rate,A,Annual,PC,Percentage,TOTAL,Total,TOTAL,Total,T,Total,HR,Croatia,2019,,4.7,,,,,
dataflow,ESTAT:TESPM140(1.0),Housing cost overburden rate,A,Annual,PC,Percentage,TOTAL,Total,TOTAL,Total,T,Total,HR,Croatia,2020,,4.2,,,,,
dataflow,ESTAT:TESPM140(1.0),Housing cost overburden rate,A,Annual,PC,Percentage,TOTAL,Total,TOTAL,Total,T,Total,HR,Croatia,2021,,4.5,,,,,
dataflow,ESTAT:TESPM140(1.0),Housing cost overburden rate,A,Annual,PC,Percentage,TOTAL,Total,TOTAL,Total,T,Total,HR,Croatia,2022,,3.8,,,,,
dataflow,ESTAT:TESPM140(1.0),Housing cost overburden rate,A,Annual,PC,Percentage,TOTAL,Total,TOTAL,Total,T,Total,HR,Croatia,2023,,4.0,,,,,
dataflow,ESTAT:TESPM140(1.0),Housing cost overburden rate,A,Annual,PC,Percentage,TOTAL,Total,TOTAL,Total,T,Total,HR,Croatia,2024,,3.7,,,,,
dataflow,ESTAT:TESPM140(1.0),Housing cost overburden rate,A,Annual,PC,Percentage,TOTAL,Total,TOTAL,Total,T,Total,HR,Croatia,2025,,3.2,,,,,
dataflow,ESTAT:TESPM140(1.0),Housing cost overburden rate,A,Annual,PC,Percentage,TOTAL,Total,TOTAL,Total,T,Total,HU,Hungary,2014,,12.8,,,,,
dataflow,ESTAT:TESPM140(1.0),Housing cost overburden rate,A,Annual,PC,Percentage,TOTAL,Total,TOTAL,Total,T,Total,HU,Hungary,2015,,8.5,,,,,
dataflow,ESTAT:TESPM140(1.0),Housing cost overburden rate,A,Annual,PC,Percentage,TOTAL,Total,TOTAL,Total,T,Total,HU,Hungary,2016,,8.8,,,,,
dataflow,ESTAT:TESPM140(1.0),Housing cost overburden rate,A,Annual,PC,Percentage,TOTAL,Total,TOTAL,Total,T,Total,HU,Hungary,2017,,10.7,,,,,
dataflow,ESTAT:TESPM140(1.0),Housing cost overburden rate,A,Annual,PC,Percentage,TOTAL,Total,TOTAL,Total,T,Total,HU,Hungary,2018,,9.6,,,,,
dataflow,ESTAT:TESPM140(1.0),Housing cost overburden rate,A,Annual,PC,Percentage,TOTAL,Total,TOTAL,Total,T,Total,HU,Hungary,2019,,3.9,,b,break in time series,,
dataflow,ESTAT:TESPM140(1.0),Housing cost overburden rate,A,Annual,PC,Percentage,TOTAL,Total,TOTAL,Total,T,Total,HU,Hungary,2020,,3.7,,,,,
dataflow,ESTAT:TESPM140(1.0),Housing cost overburden rate,A,Annual,PC,Percentage,TOTAL,Total,TOTAL,Total,T,Total,HU,Hungary,2021,,2.7,,,,,
dataflow,ESTAT:TESPM140(1.0),Housing cost overburden rate,A,Annual,PC,Percentage,TOTAL,Total,TOTAL,Total,T,Total,HU,Hungary,2022,,8.1,,,,,
dataflow,ESTAT:TESPM140(1.0),Housing cost overburden rate,A,Annual,PC,Percentage,TOTAL,Total,TOTAL,Total,T,Total,HU,Hungary,2023,,7.3,,,,,
dataflow,ESTAT:TESPM140(1.0),Housing cost overburden rate,A,Annual,PC,Percentage,TOTAL,Total,TOTAL,Total,T,Total,HU,Hungary,2024,,9.0,,,,,
dataflow,ESTAT:TESPM140(1.0),Housing cost overburden rate,A,Annual,PC,Percentage,TOTAL,Total,TOTAL,Total,T,Total,HU,Hungary,2025,,5.3,,,,,
dataflow,ESTAT:TESPM140(1.0),Housing cost overburden rate,A,Annual,PC,Percentage,TOTAL,Total,TOTAL,Total,T,Total,IE,Ireland,2014,,6.4,,,,,
dataflow,ESTAT:TESPM140(1.0),Housing cost overburden rate,A,Annual,PC,Percentage,TOTAL,Total,TOTAL,Total,T,Total,IE,Ireland,2015,,4.7,,,,,
dataflow,ESTAT:TESPM140(1.0),Housing cost overburden rate,A,Annual,PC,Percentage,TOTAL,Total,TOTAL,Total,T,Total,IE,Ireland,2016,,4.6,,,,,
dataflow,ESTAT:TESPM140(1.0),Housing cost overburden rate,A,Annual,PC,Percentage,TOTAL,Total,TOTAL,Total,T,Total,IE,Ireland,2017,,4.5,,,,,
dataflow,ESTAT:TESPM140(1.0),Housing cost overburden rate,A,Annual,PC,Percentage,TOTAL,Total,TOTAL,Total,T,Total,IE,Ireland,2018,,3.4,,,,,
dataflow,ESTAT:TESPM140(1.0),Housing cost overburden rate,A,Annual,PC,Percentage,TOTAL,Total,TOTAL,Total,T,Total,IE,Ireland,2019,,5.2,,b,break in time series,,
dataflow,ESTAT:TESPM140(1.0),Housing cost overburden rate,A,Annual,PC,Percentage,TOTAL,Total,TOTAL,Total,T,Total,IE,Ireland,2020,,4.2,,b,break in time series,,
dataflow,ESTAT:TESPM140(1.0),Housing cost overburden rate,A,Annual,PC,Percentage,TOTAL,Total,TOTAL,Total,T,Total,IE,Ireland,2021,,2.6,,,,,
dataflow,ESTAT:TESPM140(1.0),Housing cost overburden rate,A,Annual,PC,Percentage,TOTAL,Total,TOTAL,Total,T,Total,IE,Ireland,2022,,3.7,,,,,
dataflow,ESTAT:TESPM140(1.0),Housing cost overburden rate,A,Annual,PC,Percentage,TOTAL,Total,TOTAL,Total,T,Total,IE,Ireland,2023,,4.7,,,,,
dataflow,ESTAT:TESPM140(1.0),Housing cost overburden rate,A,Annual,PC,Percentage,TOTAL,Total,TOTAL,Total,T,Total,IE,Ireland,2024,,4.5,,,,,
dataflow,ESTAT:TESPM140(1.0),Housing cost overburden rate,A,Annual,PC,Percentage,TOTAL,Total,TOTAL,Total,T,Total,IE,Ireland,2025,,5.3,,,,,
dataflow,ESTAT:TESPM140(1.0),Housing cost overburden rate,A,Annual,PC,Percentage,TOTAL,Total,TOTAL,Total,T,Total,IS,Iceland,2014,,8.1,,,,,
dataflow,ESTAT:TESPM140(1.0),Housing cost overburden rate,A,Annual,PC,Percentage,TOTAL,Total,TOTAL,Total,T,Total,IS,Iceland,2015,,8.2,,,,,
dataflow,ESTAT:TESPM140(1.0),Housing cost overburden rate,A,Annual,PC,Percentage,TOTAL,Total,TOTAL,Total,T,Total,IS,Iceland,2016,,6.3,,,,,
dataflow,ESTAT:TESPM140(1.0),Housing cost overburden rate,A,Annual,PC,Percentage,TOTAL,Total,TOTAL,Total,T,Total,IS,Iceland,2017,,8.4,,,,,
dataflow,ESTAT:TESPM140(1.0),Housing cost overburden rate,A,Annual,PC,Percentage,TOTAL,Total,TOTAL,Total,T,Total,IS,Iceland,2018,,8.9,,,,,
dataflow,ESTAT:TESPM140(1.0),Housing cost overburden rate,A,Annual,PC,Percentage,TOTAL,Total,TOTAL,Total,T,Total,IS,Iceland,2019,,12.6,,,,,
dataflow,ESTAT:TESPM140(1.0),Housing cost overburden rate,A,Annual,PC,Percentage,TOTAL,Total,TOTAL,Total,T,Total,IS,Iceland,2020,,13.1,,,,,
dataflow,ESTAT:TESPM140(1.0),Housing cost overburden rate,A,Annual,PC,Percentage,TOTAL,Total,TOTAL,Total,T,Total,IT,Italy,2014,,8.5,,,,,
dataflow,ESTAT:TESPM140(1.0),Housing cost overburden rate,A,Annual,PC,Percentage,TOTAL,Total,TOTAL,Total,T,Total,IT,Italy,2015,,8.6,,,,,
dataflow,ESTAT:TESPM140(1.0),Housing cost overburden rate,A,Annual,PC,Percentage,TOTAL,Total,TOTAL,Total,T,Total,IT,Italy,2016,,9.6,,,,,
dataflow,ESTAT:TESPM140(1.0),Housing cost overburden rate,A,Annual,PC,Percentage,TOTAL,Total,TOTAL,Total,T,Total,IT,Italy,2017,,8.2,,,,,
dataflow,ESTAT:TESPM140(1.0),Housing cost overburden rate,A,Annual,PC,Percentage,TOTAL,Total,TOTAL,Total,T,Total,IT,Italy,2018,,8.2,,,,,
dataflow,ESTAT:TESPM140(1.0),Housing cost overburden rate,A,Annual,PC,Percentage,TOTAL,Total,TOTAL,Total,T,Total,IT,Italy,2019,,8.7,,,,,
dataflow,ESTAT:TESPM140(1.0),Housing cost overburden rate,A,Annual,PC,Percentage,TOTAL,Total,TOTAL,Total,T,Total,IT,Italy,2020,,7.2,,,,,
dataflow,ESTAT:TESPM140(1.0),Housing cost overburden rate,A,Annual,PC,Percentage,TOTAL,Total,TOTAL,Total,T,Total,IT,Italy,2021,,7.2,,,,,
dataflow,ESTAT:TESPM140(1.0),Housing cost overburden rate,A,Annual,PC,Percentage,TOTAL,Total,TOTAL,Total,T,Total,IT,Italy,2022,,6.6,,,,,
dataflow,ESTAT:TESPM140(1.0),Housing cost overburden rate,A,Annual,PC,Percentage,TOTAL,Total,TOTAL,Total,T,Total,IT,Italy,2023,,5.7,,,,,
dataflow,ESTAT:TESPM140(1.0),Housing cost overburden rate,A,Annual,PC,Percentage,TOTAL,Total,TOTAL,Total,T,Total,IT,Italy,2024,,5.1,,,,,
dataflow,ESTAT:TESPM140(1.0),Housing cost overburden rate,A,Annual,PC,Percentage,TOTAL,Total,TOTAL,Total,T,Total,IT,Italy,2025,,5.0,,,,,
dataflow,ESTAT:TESPM140(1.0),Housing cost overburden rate,A,Annual,PC,Percentage,TOTAL,Total,TOTAL,Total,T,Total,LT,Lithuania,2014,,7.1,,,,,
dataflow,ESTAT:TESPM140(1.0),Housing cost overburden rate,A,Annual,PC,Percentage,TOTAL,Total,TOTAL,Total,T,Total,LT,Lithuania,2015,,9.1,,,,,
dataflow,ESTAT:TESPM140(1.0),Housing cost overburden rate,A,Annual,PC,Percentage,TOTAL,Total,TOTAL,Total,T,Total,LT,Lithuania,2016,,7.8,,,,,
dataflow,ESTAT:TESPM140(1.0),Housing cost overburden rate,A,Annual,PC,Percentage,TOTAL,Total,TOTAL,Total,T,Total,LT,Lithuania,2017,,7.2,,,,,
dataflow,ESTAT:TESPM140(1.0),Housing cost overburden rate,A,Annual,PC,Percentage,TOTAL,Total,TOTAL,Total,T,Total,LT,Lithuania,2018,,5.6,,,,,
dataflow,ESTAT:TESPM140(1.0),Housing cost overburden rate,A,Annual,PC,Percentage,TOTAL,Total,TOTAL,Total,T,Total,LT,Lithuania,2019,,4.8,,,,,
dataflow,ESTAT:TESPM140(1.0),Housing cost overburden rate,A,Annual,PC,Percentage,TOTAL,Total,TOTAL,Total,T,Total,LT,Lithuania,2020,,2.7,,,,,
dataflow,ESTAT:TESPM140(1.0),Housing cost overburden rate,A,Annual,PC,Percentage,TOTAL,Total,TOTAL,Total,T,Total,LT,Lithuania,2021,,2.7,,,,,
dataflow,ESTAT:TESPM140(1.0),Housing cost overburden rate,A,Annual,PC,Percentage,TOTAL,Total,TOTAL,Total,T,Total,LT,Lithuania,2022,,3.5,,,,,
dataflow,ESTAT:TESPM140(1.0),Housing cost overburden rate,A,Annual,PC,Percentage,TOTAL,Total,TOTAL,Total,T,Total,LT,Lithuania,2023,,5.2,,,,,
dataflow,ESTAT:TESPM140(1.0),Housing cost overburden rate,A,Annual,PC,Percentage,TOTAL,Total,TOTAL,Total,T,Total,LT,Lithuania,2024,,6.2,,p,provisional,,
dataflow,ESTAT:TESPM140(1.0),Housing cost overburden rate,A,Annual,PC,Percentage,TOTAL,Total,TOTAL,Total,T,Total,LT,Lithuania,2025,,5.7,,p,provisional,,
dataflow,ESTAT:TESPM140(1.0),Housing cost overburden rate,A,Annual,PC,Percentage,TOTAL,Total,TOTAL,Total,T,Total,LU,Luxembourg,2014,,6.8,,,,,
dataflow,ESTAT:TESPM140(1.0),Housing cost overburden rate,A,Annual,PC,Percentage,TOTAL,Total,TOTAL,Total,T,Total,LU,Luxembourg,2015,,6.0,,,,,
dataflow,ESTAT:TESPM140(1.0),Housing cost overburden rate,A,Annual,PC,Percentage,TOTAL,Total,TOTAL,Total,T,Total,LU,Luxembourg,2016,,7.0,,b,break in time series,,
dataflow,ESTAT:TESPM140(1.0),Housing cost overburden rate,A,Annual,PC,Percentage,TOTAL,Total,TOTAL,Total,T,Total,LU,Luxembourg,2017,,7.1,,,,,
dataflow,ESTAT:TESPM140(1.0),Housing cost overburden rate,A,Annual,PC,Percentage,TOTAL,Total,TOTAL,Total,T,Total,LU,Luxembourg,2018,,9.3,,,,,
dataflow,ESTAT:TESPM140(1.0),Housing cost overburden rate,A,Annual,PC,Percentage,TOTAL,Total,TOTAL,Total,T,Total,LU,Luxembourg,2019,,10.1,,,,,
dataflow,ESTAT:TESPM140(1.0),Housing cost overburden rate,A,Annual,PC,Percentage,TOTAL,Total,TOTAL,Total,T,Total,LU,Luxembourg,2020,,8.5,,b,break in time series,,
dataflow,ESTAT:TESPM140(1.0),Housing cost overburden rate,A,Annual,PC,Percentage,TOTAL,Total,TOTAL,Total,T,Total,LU,Luxembourg,2021,,5.1,,b,break in time series,,
dataflow,ESTAT:TESPM140(1.0),Housing cost overburden rate,A,Annual,PC,Percentage,TOTAL,Total,TOTAL,Total,T,Total,LU,Luxembourg,2022,,9.0,,b,break in time series,,
dataflow,ESTAT:TESPM140(1.0),Housing cost overburden rate,A,Annual,PC,Percentage,TOTAL,Total,TOTAL,Total,T,Total,LU,Luxembourg,2023,,11.5,,b,break in time series,,
dataflow,ESTAT:TESPM140(1.0),Housing cost overburden rate,A,Annual,PC,Percentage,TOTAL,Total,TOTAL,Total,T,Total,LU,Luxembourg,2024,,8.0,,,,,
dataflow,ESTAT:TESPM140(1.0),Housing cost overburden rate,A,Annual,PC,Percentage,TOTAL,Total,TOTAL,Total,T,Total,LU,Luxembourg,2025,,8.1,,b,break in time series,,
dataflow,ESTAT:TESPM140(1.0),Housing cost overburden rate,A,Annual,PC,Percentage,TOTAL,Total,TOTAL,Total,T,Total,LV,Latvia,2014,,9.6,,,,,
dataflow,ESTAT:TESPM140(1.0),Housing cost overburden rate,A,Annual,PC,Percentage,TOTAL,Total,TOTAL,Total,T,Total,LV,Latvia,2015,,8.1,,,,,
dataflow,ESTAT:TESPM140(1.0),Housing cost overburden rate,A,Annual,PC,Percentage,TOTAL,Total,TOTAL,Total,T,Total,LV,Latvia,2016,,7.0,,,,,
dataflow,ESTAT:TESPM140(1.0),Housing cost overburden rate,A,Annual,PC,Percentage,TOTAL,Total,TOTAL,Total,T,Total,LV,Latvia,2017,,6.9,,,,,
dataflow,ESTAT:TESPM140(1.0),Housing cost overburden rate,A,Annual,PC,Percentage,TOTAL,Total,TOTAL,Total,T,Total,LV,Latvia,2018,,6.7,,,,,
dataflow,ESTAT:TESPM140(1.0),Housing cost overburden rate,A,Annual,PC,Percentage,TOTAL,Total,TOTAL,Total,T,Total,LV,Latvia,2019,,5.4,,,,,
dataflow,ESTAT:TESPM140(1.0),Housing cost overburden rate,A,Annual,PC,Percentage,TOTAL,Total,TOTAL,Total,T,Total,LV,Latvia,2020,,4.8,,,,,
dataflow,ESTAT:TESPM140(1.0),Housing cost overburden rate,A,Annual,PC,Percentage,TOTAL,Total,TOTAL,Total,T,Total,LV,Latvia,2021,,4.9,,,,,
dataflow,ESTAT:TESPM140(1.0),Housing cost overburden rate,A,Annual,PC,Percentage,TOTAL,Total,TOTAL,Total,T,Total,LV,Latvia,2022,,5.4,,,,,
dataflow,ESTAT:TESPM140(1.0),Housing cost overburden rate,A,Annual,PC,Percentage,TOTAL,Total,TOTAL,Total,T,Total,LV,Latvia,2023,,7.2,,,,,
dataflow,ESTAT:TESPM140(1.0),Housing cost overburden rate,A,Annual,PC,Percentage,TOTAL,Total,TOTAL,Total,T,Total,LV,Latvia,2024,,6.7,,,,,
dataflow,ESTAT:TESPM140(1.0),Housing cost overburden rate,A,Annual,PC,Percentage,TOTAL,Total,TOTAL,Total,T,Total,LV,Latvia,2025,,5.7,,,,,
dataflow,ESTAT:TESPM140(1.0),Housing cost overburden rate,A,Annual,PC,Percentage,TOTAL,Total,TOTAL,Total,T,Total,ME,Montenegro,2014,,16.9,,,,,
dataflow,ESTAT:TESPM140(1.0),Housing cost overburden rate,A,Annual,PC,Percentage,TOTAL,Total,TOTAL,Total,T,Total,ME,Montenegro,2015,,16.8,,,,,
dataflow,ESTAT:TESPM140(1.0),Housing cost overburden rate,A,Annual,PC,Percentage,TOTAL,Total,TOTAL,Total,T,Total,ME,Montenegro,2016,,16.5,,,,,
dataflow,ESTAT:TESPM140(1.0),Housing cost overburden rate,A,Annual,PC,Percentage,TOTAL,Total,TOTAL,Total,T,Total,ME,Montenegro,2017,,15.1,,,,,
dataflow,ESTAT:TESPM140(1.0),Housing cost overburden rate,A,Annual,PC,Percentage,TOTAL,Total,TOTAL,Total,T,Total,ME,Montenegro,2018,,14.7,,,,,
dataflow,ESTAT:TESPM140(1.0),Housing cost overburden rate,A,Annual,PC,Percentage,TOTAL,Total,TOTAL,Total,T,Total,ME,Montenegro,2019,,11.7,,,,,
dataflow,ESTAT:TESPM140(1.0),Housing cost overburden rate,A,Annual,PC,Percentage,TOTAL,Total,TOTAL,Total,T,Total,ME,Montenegro,2020,,9.4,,,,,
dataflow,ESTAT:TESPM140(1.0),Housing cost overburden rate,A,Annual,PC,Percentage,TOTAL,Total,TOTAL,Total,T,Total,ME,Montenegro,2021,,8.0,,,,,
dataflow,ESTAT:TESPM140(1.0),Housing cost overburden rate,A,Annual,PC,Percentage,TOTAL,Total,TOTAL,Total,T,Total,ME,Montenegro,2022,,5.8,,,,,
dataflow,ESTAT:TESPM140(1.0),Housing cost overburden rate,A,Annual,PC,Percentage,TOTAL,Total,TOTAL,Total,T,Total,ME,Montenegro,2023,,6.1,,,,,
dataflow,ESTAT:TESPM140(1.0),Housing cost overburden rate,A,Annual,PC,Percentage,TOTAL,Total,TOTAL,Total,T,Total,MK,North Macedonia,2014,,15.6,,,,,
dataflow,ESTAT:TESPM140(1.0),Housing cost overburden rate,A,Annual,PC,Percentage,TOTAL,Total,TOTAL,Total,T,Total,MK,North Macedonia,2015,,12.3,,,,,
dataflow,ESTAT:TESPM140(1.0),Housing cost overburden rate,A,Annual,PC,Percentage,TOTAL,Total,TOTAL,Total,T,Total,MK,North Macedonia,2016,,12.5,,,,,
dataflow,ESTAT:TESPM140(1.0),Housing cost overburden rate,A,Annual,PC,Percentage,TOTAL,Total,TOTAL,Total,T,Total,MK,North Macedonia,2017,,11.7,,,,,
dataflow,ESTAT:TESPM140(1.0),Housing cost overburden rate,A,Annual,PC,Percentage,TOTAL,Total,TOTAL,Total,T,Total,MK,North Macedonia,2018,,10.2,,,,,
dataflow,ESTAT:TESPM140(1.0),Housing cost overburden rate,A,Annual,PC,Percentage,TOTAL,Total,TOTAL,Total,T,Total,MK,North Macedonia,2019,,9.9,,,,,
dataflow,ESTAT:TESPM140(1.0),Housing cost overburden rate,A,Annual,PC,Percentage,TOTAL,Total,TOTAL,Total,T,Total,MK,North Macedonia,2020,,8.5,,,,,
dataflow,ESTAT:TESPM140(1.0),Housing cost overburden rate,A,Annual,PC,Percentage,TOTAL,Total,TOTAL,Total,T,Total,MK,North Macedonia,2021,,7.8,,b,break in time series,,
dataflow,ESTAT:TESPM140(1.0),Housing cost overburden rate,A,Annual,PC,Percentage,TOTAL,Total,TOTAL,Total,T,Total,MK,North Macedonia,2022,,8.9,,,,,
dataflow,ESTAT:TESPM140(1.0),Housing cost overburden rate,A,Annual,PC,Percentage,TOTAL,Total,TOTAL,Total,T,Total,MK,North Macedonia,2023,,8.5,,,,,
dataflow,ESTAT:TESPM140(1.0),Housing cost overburden rate,A,Annual,PC,Percentage,TOTAL,Total,TOTAL,Total,T,Total,MK,North Macedonia,2024,,5.6,,,,,
dataflow,ESTAT:TESPM140(1.0),Housing cost overburden rate,A,Annual,PC,Percentage,TOTAL,Total,TOTAL,Total,T,Total,MT,Malta,2014,,1.6,,,,,
dataflow,ESTAT:TESPM140(1.0),Housing cost overburden rate,A,Annual,PC,Percentage,TOTAL,Total,TOTAL,Total,T,Total,MT,Malta,2015,,1.1,,,,,
dataflow,ESTAT:TESPM140(1.0),Housing cost overburden rate,A,Annual,PC,Percentage,TOTAL,Total,TOTAL,Total,T,Total,MT,Malta,2016,,1.4,,,,,
dataflow,ESTAT:TESPM140(1.0),Housing cost overburden rate,A,Annual,PC,Percentage,TOTAL,Total,TOTAL,Total,T,Total,MT,Malta,2017,,1.4,,,,,
dataflow,ESTAT:TESPM140(1.0),Housing cost overburden rate,A,Annual,PC,Percentage,TOTAL,Total,TOTAL,Total,T,Total,MT,Malta,2018,,1.7,,,,,
dataflow,ESTAT:TESPM140(1.0),Housing cost overburden rate,A,Annual,PC,Percentage,TOTAL,Total,TOTAL,Total,T,Total,MT,Malta,2019,,2.6,,,,,
dataflow,ESTAT:TESPM140(1.0),Housing cost overburden rate,A,Annual,PC,Percentage,TOTAL,Total,TOTAL,Total,T,Total,MT,Malta,2020,,2.8,,,,,
dataflow,ESTAT:TESPM140(1.0),Housing cost overburden rate,A,Annual,PC,Percentage,TOTAL,Total,TOTAL,Total,T,Total,MT,Malta,2021,,2.7,,,,,
dataflow,ESTAT:TESPM140(1.0),Housing cost overburden rate,A,Annual,PC,Percentage,TOTAL,Total,TOTAL,Total,T,Total,MT,Malta,2022,,2.9,,,,,
dataflow,ESTAT:TESPM140(1.0),Housing cost overburden rate,A,Annual,PC,Percentage,TOTAL,Total,TOTAL,Total,T,Total,MT,Malta,2023,,6.0,,b,break in time series,,
dataflow,ESTAT:TESPM140(1.0),Housing cost overburden rate,A,Annual,PC,Percentage,TOTAL,Total,TOTAL,Total,T,Total,MT,Malta,2024,,5.9,,,,,
dataflow,ESTAT:TESPM140(1.0),Housing cost overburden rate,A,Annual,PC,Percentage,TOTAL,Total,TOTAL,Total,T,Total,MT,Malta,2025,,6.0,,,,,
dataflow,ESTAT:TESPM140(1.0),Housing cost overburden rate,A,Annual,PC,Percentage,TOTAL,Total,TOTAL,Total,T,Total,NL,Netherlands,2014,,15.4,,,,,
dataflow,ESTAT:TESPM140(1.0),Housing cost overburden rate,A,Annual,PC,Percentage,TOTAL,Total,TOTAL,Total,T,Total,NL,Netherlands,2015,,14.9,,,,,
dataflow,ESTAT:TESPM140(1.0),Housing cost overburden rate,A,Annual,PC,Percentage,TOTAL,Total,TOTAL,Total,T,Total,NL,Netherlands,2016,,10.7,,b,break in time series,,
dataflow,ESTAT:TESPM140(1.0),Housing cost overburden rate,A,Annual,PC,Percentage,TOTAL,Total,TOTAL,Total,T,Total,NL,Netherlands,2017,,9.4,,,,,
dataflow,ESTAT:TESPM140(1.0),Housing cost overburden rate,A,Annual,PC,Percentage,TOTAL,Total,TOTAL,Total,T,Total,NL,Netherlands,2018,,9.4,,,,,
dataflow,ESTAT:TESPM140(1.0),Housing cost overburden rate,A,Annual,PC,Percentage,TOTAL,Total,TOTAL,Total,T,Total,NL,Netherlands,2019,,9.9,,,,,
dataflow,ESTAT:TESPM140(1.0),Housing cost overburden rate,A,Annual,PC,Percentage,TOTAL,Total,TOTAL,Total,T,Total,NL,Netherlands,2020,,8.3,,,,,
dataflow,ESTAT:TESPM140(1.0),Housing cost overburden rate,A,Annual,PC,Percentage,TOTAL,Total,TOTAL,Total,T,Total,NL,Netherlands,2021,,8.3,,,,,
dataflow,ESTAT:TESPM140(1.0),Housing cost overburden rate,A,Annual,PC,Percentage,TOTAL,Total,TOTAL,Total,T,Total,NL,Netherlands,2022,,10.0,,,,,
dataflow,ESTAT:TESPM140(1.0),Housing cost overburden rate,A,Annual,PC,Percentage,TOTAL,Total,TOTAL,Total,T,Total,NL,Netherlands,2023,,9.3,,,,,
dataflow,ESTAT:TESPM140(1.0),Housing cost overburden rate,A,Annual,PC,Percentage,TOTAL,Total,TOTAL,Total,T,Total,NL,Netherlands,2024,,6.9,,,,,
dataflow,ESTAT:TESPM140(1.0),Housing cost overburden rate,A,Annual,PC,Percentage,TOTAL,Total,TOTAL,Total,T,Total,NL,Netherlands,2025,,6.5,,,,,
dataflow,ESTAT:TESPM140(1.0),Housing cost overburden rate,A,Annual,PC,Percentage,TOTAL,Total,TOTAL,Total,T,Total,NO,Norway,2014,,8.2,,,,,
dataflow,ESTAT:TESPM140(1.0),Housing cost overburden rate,A,Annual,PC,Percentage,TOTAL,Total,TOTAL,Total,T,Total,NO,Norway,2015,,9.4,,,,,
dataflow,ESTAT:TESPM140(1.0),Housing cost overburden rate,A,Annual,PC,Percentage,TOTAL,Total,TOTAL,Total,T,Total,NO,Norway,2016,,9.7,,,,,
dataflow,ESTAT:TESPM140(1.0),Housing cost overburden rate,A,Annual,PC,Percentage,TOTAL,Total,TOTAL,Total,T,Total,NO,Norway,2017,,9.3,,,,,
dataflow,ESTAT:TESPM140(1.0),Housing cost overburden rate,A,Annual,PC,Percentage,TOTAL,Total,TOTAL,Total,T,Total,NO,Norway,2018,,10.6,,,,,
dataflow,ESTAT:TESPM140(1.0),Housing cost overburden rate,A,Annual,PC,Percentage,TOTAL,Total,TOTAL,Total,T,Total,NO,Norway,2019,,10.5,,,,,
dataflow,ESTAT:TESPM140(1.0),Housing cost overburden rate,A,Annual,PC,Percentage,TOTAL,Total,TOTAL,Total,T,Total,NO,Norway,2020,,9.4,,,,,
dataflow,ESTAT:TESPM140(1.0),Housing cost overburden rate,A,Annual,PC,Percentage,TOTAL,Total,TOTAL,Total,T,Total,NO,Norway,2021,,10.9,,b,break in time series,,
dataflow,ESTAT:TESPM140(1.0),Housing cost overburden rate,A,Annual,PC,Percentage,TOTAL,Total,TOTAL,Total,T,Total,NO,Norway,2022,,12.4,,,,,
dataflow,ESTAT:TESPM140(1.0),Housing cost overburden rate,A,Annual,PC,Percentage,TOTAL,Total,TOTAL,Total,T,Total,NO,Norway,2023,,13.9,,,,,
dataflow,ESTAT:TESPM140(1.0),Housing cost overburden rate,A,Annual,PC,Percentage,TOTAL,Total,TOTAL,Total,T,Total,NO,Norway,2024,,15.4,,,,,
dataflow,ESTAT:TESPM140(1.0),Housing cost overburden rate,A,Annual,PC,Percentage,TOTAL,Total,TOTAL,Total,T,Total,NO,Norway,2025,,13.5,,,,,
dataflow,ESTAT:TESPM140(1.0),Housing cost overburden rate,A,Annual,PC,Percentage,TOTAL,Total,TOTAL,Total,T,Total,PL,Poland,2014,,9.6,,,,,
dataflow,ESTAT:TESPM140(1.0),Housing cost overburden rate,A,Annual,PC,Percentage,TOTAL,Total,TOTAL,Total,T,Total,PL,Poland,2015,,8.7,,,,,
dataflow,ESTAT:TESPM140(1.0),Housing cost overburden rate,A,Annual,PC,Percentage,TOTAL,Total,TOTAL,Total,T,Total,PL,Poland,2016,,7.7,,,,,
dataflow,ESTAT:TESPM140(1.0),Housing cost overburden rate,A,Annual,PC,Percentage,TOTAL,Total,TOTAL,Total,T,Total,PL,Poland,2017,,6.7,,,,,
dataflow,ESTAT:TESPM140(1.0),Housing cost overburden rate,A,Annual,PC,Percentage,TOTAL,Total,TOTAL,Total,T,Total,PL,Poland,2018,,6.2,,,,,
dataflow,ESTAT:TESPM140(1.0),Housing cost overburden rate,A,Annual,PC,Percentage,TOTAL,Total,TOTAL,Total,T,Total,PL,Poland,2019,,6.0,,,,,
dataflow,ESTAT:TESPM140(1.0),Housing cost overburden rate,A,Annual,PC,Percentage,TOTAL,Total,TOTAL,Total,T,Total,PL,Poland,2020,,4.9,,b,break in time series,,
dataflow,ESTAT:TESPM140(1.0),Housing cost overburden rate,A,Annual,PC,Percentage,TOTAL,Total,TOTAL,Total,T,Total,PL,Poland,2021,,5.7,,,,,
dataflow,ESTAT:TESPM140(1.0),Housing cost overburden rate,A,Annual,PC,Percentage,TOTAL,Total,TOTAL,Total,T,Total,PL,Poland,2022,,5.6,,,,,
dataflow,ESTAT:TESPM140(1.0),Housing cost overburden rate,A,Annual,PC,Percentage,TOTAL,Total,TOTAL,Total,T,Total,PL,Poland,2023,,5.9,,,,,
dataflow,ESTAT:TESPM140(1.0),Housing cost overburden rate,A,Annual,PC,Percentage,TOTAL,Total,TOTAL,Total,T,Total,PL,Poland,2024,,5.2,,,,,
dataflow,ESTAT:TESPM140(1.0),Housing cost overburden rate,A,Annual,PC,Percentage,TOTAL,Total,TOTAL,Total,T,Total,PL,Poland,2025,,4.1,,,,,
dataflow,ESTAT:TESPM140(1.0),Housing cost overburden rate,A,Annual,PC,Percentage,TOTAL,Total,TOTAL,Total,T,Total,PT,Portugal,2014,,9.2,,,,,
dataflow,ESTAT:TESPM140(1.0),Housing cost overburden rate,A,Annual,PC,Percentage,TOTAL,Total,TOTAL,Total,T,Total,PT,Portugal,2015,,9.1,,,,,
dataflow,ESTAT:TESPM140(1.0),Housing cost overburden rate,A,Annual,PC,Percentage,TOTAL,Total,TOTAL,Total,T,Total,PT,Portugal,2016,,7.5,,,,,
dataflow,ESTAT:TESPM140(1.0),Housing cost overburden rate,A,Annual,PC,Percentage,TOTAL,Total,TOTAL,Total,T,Total,PT,Portugal,2017,,6.7,,,,,
dataflow,ESTAT:TESPM140(1.0),Housing cost overburden rate,A,Annual,PC,Percentage,TOTAL,Total,TOTAL,Total,T,Total,PT,Portugal,2018,,5.7,,,,,
dataflow,ESTAT:TESPM140(1.0),Housing cost overburden rate,A,Annual,PC,Percentage,TOTAL,Total,TOTAL,Total,T,Total,PT,Portugal,2019,,5.7,,,,,
dataflow,ESTAT:TESPM140(1.0),Housing cost overburden rate,A,Annual,PC,Percentage,TOTAL,Total,TOTAL,Total,T,Total,PT,Portugal,2020,,4.1,,,,,
dataflow,ESTAT:TESPM140(1.0),Housing cost overburden rate,A,Annual,PC,Percentage,TOTAL,Total,TOTAL,Total,T,Total,PT,Portugal,2021,,5.9,,,,,
dataflow,ESTAT:TESPM140(1.0),Housing cost overburden rate,A,Annual,PC,Percentage,TOTAL,Total,TOTAL,Total,T,Total,PT,Portugal,2022,,5.0,,,,,
dataflow,ESTAT:TESPM140(1.0),Housing cost overburden rate,A,Annual,PC,Percentage,TOTAL,Total,TOTAL,Total,T,Total,PT,Portugal,2023,,4.9,,,,,
dataflow,ESTAT:TESPM140(1.0),Housing cost overburden rate,A,Annual,PC,Percentage,TOTAL,Total,TOTAL,Total,T,Total,PT,Portugal,2024,,6.9,,,,,
dataflow,ESTAT:TESPM140(1.0),Housing cost overburden rate,A,Annual,PC,Percentage,TOTAL,Total,TOTAL,Total,T,Total,PT,Portugal,2025,,6.3,,,,,
dataflow,ESTAT:TESPM140(1.0),Housing cost overburden rate,A,Annual,PC,Percentage,TOTAL,Total,TOTAL,Total,T,Total,RO,Romania,2014,,16.2,,,,,
dataflow,ESTAT:TESPM140(1.0),Housing cost overburden rate,A,Annual,PC,Percentage,TOTAL,Total,TOTAL,Total,T,Total,RO,Romania,2015,,15.9,,,,,
dataflow,ESTAT:TESPM140(1.0),Housing cost overburden rate,A,Annual,PC,Percentage,TOTAL,Total,TOTAL,Total,T,Total,RO,Romania,2016,,14.4,,,,,
dataflow,ESTAT:TESPM140(1.0),Housing cost overburden rate,A,Annual,PC,Percentage,TOTAL,Total,TOTAL,Total,T,Total,RO,Romania,2017,,12.3,,,,,
dataflow,ESTAT:TESPM140(1.0),Housing cost overburden rate,A,Annual,PC,Percentage,TOTAL,Total,TOTAL,Total,T,Total,RO,Romania,2018,,10.3,,,,,
dataflow,ESTAT:TESPM140(1.0),Housing cost overburden rate,A,Annual,PC,Percentage,TOTAL,Total,TOTAL,Total,T,Total,RO,Romania,2019,,8.6,,,,,
dataflow,ESTAT:TESPM140(1.0),Housing cost overburden rate,A,Annual,PC,Percentage,TOTAL,Total,TOTAL,Total,T,Total,RO,Romania,2020,,7.1,,,,,
dataflow,ESTAT:TESPM140(1.0),Housing cost overburden rate,A,Annual,PC,Percentage,TOTAL,Total,TOTAL,Total,T,Total,RO,Romania,2021,,7.5,,,,,
dataflow,ESTAT:TESPM140(1.0),Housing cost overburden rate,A,Annual,PC,Percentage,TOTAL,Total,TOTAL,Total,T,Total,RO,Romania,2022,,8.5,,,,,
dataflow,ESTAT:TESPM140(1.0),Housing cost overburden rate,A,Annual,PC,Percentage,TOTAL,Total,TOTAL,Total,T,Total,RO,Romania,2023,,9.1,,,,,
dataflow,ESTAT:TESPM140(1.0),Housing cost overburden rate,A,Annual,PC,Percentage,TOTAL,Total,TOTAL,Total,T,Total,RO,Romania,2024,,4.7,,,,,
dataflow,ESTAT:TESPM140(1.0),Housing cost overburden rate,A,Annual,PC,Percentage,TOTAL,Total,TOTAL,Total,T,Total,RO,Romania,2025,,5.0,,,,,
dataflow,ESTAT:TESPM140(1.0),Housing cost overburden rate,A,Annual,PC,Percentage,TOTAL,Total,TOTAL,Total,T,Total,RS,Serbia,2014,,31.7,,,,,
dataflow,ESTAT:TESPM140(1.0),Housing cost overburden rate,A,Annual,PC,Percentage,TOTAL,Total,TOTAL,Total,T,Total,RS,Serbia,2015,,33.7,,,,,
dataflow,ESTAT:TESPM140(1.0),Housing cost overburden rate,A,Annual,PC,Percentage,TOTAL,Total,TOTAL,Total,T,Total,RS,Serbia,2016,,31.0,,,,,
dataflow,ESTAT:TESPM140(1.0),Housing cost overburden rate,A,Annual,PC,Percentage,TOTAL,Total,TOTAL,Total,T,Total,RS,Serbia,2017,,33.6,,,,,
dataflow,ESTAT:TESPM140(1.0),Housing cost overburden rate,A,Annual,PC,Percentage,TOTAL,Total,TOTAL,Total,T,Total,RS,Serbia,2018,,31.3,,,,,
dataflow,ESTAT:TESPM140(1.0),Housing cost overburden rate,A,Annual,PC,Percentage,TOTAL,Total,TOTAL,Total,T,Total,RS,Serbia,2019,,22.7,,,,,
dataflow,ESTAT:TESPM140(1.0),Housing cost overburden rate,A,Annual,PC,Percentage,TOTAL,Total,TOTAL,Total,T,Total,RS,Serbia,2020,,19.5,,,,,
dataflow,ESTAT:TESPM140(1.0),Housing cost overburden rate,A,Annual,PC,Percentage,TOTAL,Total,TOTAL,Total,T,Total,RS,Serbia,2021,,16.6,,,,,
dataflow,ESTAT:TESPM140(1.0),Housing cost overburden rate,A,Annual,PC,Percentage,TOTAL,Total,TOTAL,Total,T,Total,RS,Serbia,2022,,14.8,,,,,
dataflow,ESTAT:TESPM140(1.0),Housing cost overburden rate,A,Annual,PC,Percentage,TOTAL,Total,TOTAL,Total,T,Total,RS,Serbia,2023,,15.4,,,,,
dataflow,ESTAT:TESPM140(1.0),Housing cost overburden rate,A,Annual,PC,Percentage,TOTAL,Total,TOTAL,Total,T,Total,RS,Serbia,2024,,11.4,,,,,
dataflow,ESTAT:TESPM140(1.0),Housing cost overburden rate,A,Annual,PC,Percentage,TOTAL,Total,TOTAL,Total,T,Total,RS,Serbia,2025,,7.9,,,,,
dataflow,ESTAT:TESPM140(1.0),Housing cost overburden rate,A,Annual,PC,Percentage,TOTAL,Total,TOTAL,Total,T,Total,SE,Sweden,2014,,8.6,,,,,
dataflow,ESTAT:TESPM140(1.0),Housing cost overburden rate,A,Annual,PC,Percentage,TOTAL,Total,TOTAL,Total,T,Total,SE,Sweden,2015,,8.7,,,,,
dataflow,ESTAT:TESPM140(1.0),Housing cost overburden rate,A,Annual,PC,Percentage,TOTAL,Total,TOTAL,Total,T,Total,SE,Sweden,2016,,8.5,,,,,
dataflow,ESTAT:TESPM140(1.0),Housing cost overburden rate,A,Annual,PC,Percentage,TOTAL,Total,TOTAL,Total,T,Total,SE,Sweden,2017,,8.4,,,,,
dataflow,ESTAT:TESPM140(1.0),Housing cost overburden rate,A,Annual,PC,Percentage,TOTAL,Total,TOTAL,Total,T,Total,SE,Sweden,2018,,8.3,,,,,
dataflow,ESTAT:TESPM140(1.0),Housing cost overburden rate,A,Annual,PC,Percentage,TOTAL,Total,TOTAL,Total,T,Total,SE,Sweden,2019,,9.4,,,,,
dataflow,ESTAT:TESPM140(1.0),Housing cost overburden rate,A,Annual,PC,Percentage,TOTAL,Total,TOTAL,Total,T,Total,SE,Sweden,2020,,8.3,,,,,
dataflow,ESTAT:TESPM140(1.0),Housing cost overburden rate,A,Annual,PC,Percentage,TOTAL,Total,TOTAL,Total,T,Total,SE,Sweden,2021,,8.5,,,,,
dataflow,ESTAT:TESPM140(1.0),Housing cost overburden rate,A,Annual,PC,Percentage,TOTAL,Total,TOTAL,Total,T,Total,SE,Sweden,2022,,9.1,,,,,
dataflow,ESTAT:TESPM140(1.0),Housing cost overburden rate,A,Annual,PC,Percentage,TOTAL,Total,TOTAL,Total,T,Total,SE,Sweden,2023,,10.9,,,,,
dataflow,ESTAT:TESPM140(1.0),Housing cost overburden rate,A,Annual,PC,Percentage,TOTAL,Total,TOTAL,Total,T,Total,SE,Sweden,2024,,10.6,,,,,
dataflow,ESTAT:TESPM140(1.0),Housing cost overburden rate,A,Annual,PC,Percentage,TOTAL,Total,TOTAL,Total,T,Total,SE,Sweden,2025,,10.8,,,,,
dataflow,ESTAT:TESPM140(1.0),Housing cost overburden rate,A,Annual,PC,Percentage,TOTAL,Total,TOTAL,Total,T,Total,SI,Slovenia,2014,,6.4,,,,,
dataflow,ESTAT:TESPM140(1.0),Housing cost overburden rate,A,Annual,PC,Percentage,TOTAL,Total,TOTAL,Total,T,Total,SI,Slovenia,2015,,6.1,,,,,
dataflow,ESTAT:TESPM140(1.0),Housing cost overburden rate,A,Annual,PC,Percentage,TOTAL,Total,TOTAL,Total,T,Total,SI,Slovenia,2016,,5.7,,,,,
dataflow,ESTAT:TESPM140(1.0),Housing cost overburden rate,A,Annual,PC,Percentage,TOTAL,Total,TOTAL,Total,T,Total,SI,Slovenia,2017,,5.2,,,,,
dataflow,ESTAT:TESPM140(1.0),Housing cost overburden rate,A,Annual,PC,Percentage,TOTAL,Total,TOTAL,Total,T,Total,SI,Slovenia,2018,,4.9,,,,,
dataflow,ESTAT:TESPM140(1.0),Housing cost overburden rate,A,Annual,PC,Percentage,TOTAL,Total,TOTAL,Total,T,Total,SI,Slovenia,2019,,4.1,,,,,
dataflow,ESTAT:TESPM140(1.0),Housing cost overburden rate,A,Annual,PC,Percentage,TOTAL,Total,TOTAL,Total,T,Total,SI,Slovenia,2020,,4.4,,,,,
dataflow,ESTAT:TESPM140(1.0),Housing cost overburden rate,A,Annual,PC,Percentage,TOTAL,Total,TOTAL,Total,T,Total,SI,Slovenia,2021,,4.1,,,,,
dataflow,ESTAT:TESPM140(1.0),Housing cost overburden rate,A,Annual,PC,Percentage,TOTAL,Total,TOTAL,Total,T,Total,SI,Slovenia,2022,,4.1,,,,,
dataflow,ESTAT:TESPM140(1.0),Housing cost overburden rate,A,Annual,PC,Percentage,TOTAL,Total,TOTAL,Total,T,Total,SI,Slovenia,2023,,3.7,,,,,
dataflow,ESTAT:TESPM140(1.0),Housing cost overburden rate,A,Annual,PC,Percentage,TOTAL,Total,TOTAL,Total,T,Total,SI,Slovenia,2024,,3.8,,,,,
dataflow,ESTAT:TESPM140(1.0),Housing cost overburden rate,A,Annual,PC,Percentage,TOTAL,Total,TOTAL,Total,T,Total,SI,Slovenia,2025,,3.5,,,,,
dataflow,ESTAT:TESPM140(1.0),Housing cost overburden rate,A,Annual,PC,Percentage,TOTAL,Total,TOTAL,Total,T,Total,SK,Slovakia,2014,,9.0,,,,,
dataflow,ESTAT:TESPM140(1.0),Housing cost overburden rate,A,Annual,PC,Percentage,TOTAL,Total,TOTAL,Total,T,Total,SK,Slovakia,2015,,9.1,,,,,
dataflow,ESTAT:TESPM140(1.0),Housing cost overburden rate,A,Annual,PC,Percentage,TOTAL,Total,TOTAL,Total,T,Total,SK,Slovakia,2016,,7.7,,,,,
dataflow,ESTAT:TESPM140(1.0),Housing cost overburden rate,A,Annual,PC,Percentage,TOTAL,Total,TOTAL,Total,T,Total,SK,Slovakia,2017,,8.4,,,,,
dataflow,ESTAT:TESPM140(1.0),Housing cost overburden rate,A,Annual,PC,Percentage,TOTAL,Total,TOTAL,Total,T,Total,SK,Slovakia,2018,,4.1,,,,,
dataflow,ESTAT:TESPM140(1.0),Housing cost overburden rate,A,Annual,PC,Percentage,TOTAL,Total,TOTAL,Total,T,Total,SK,Slovakia,2019,,5.7,,,,,
dataflow,ESTAT:TESPM140(1.0),Housing cost overburden rate,A,Annual,PC,Percentage,TOTAL,Total,TOTAL,Total,T,Total,SK,Slovakia,2020,,3.2,,,,,
dataflow,ESTAT:TESPM140(1.0),Housing cost overburden rate,A,Annual,PC,Percentage,TOTAL,Total,TOTAL,Total,T,Total,SK,Slovakia,2021,,7.1,,,,,
dataflow,ESTAT:TESPM140(1.0),Housing cost overburden rate,A,Annual,PC,Percentage,TOTAL,Total,TOTAL,Total,T,Total,SK,Slovakia,2022,,2.5,,,,,
dataflow,ESTAT:TESPM140(1.0),Housing cost overburden rate,A,Annual,PC,Percentage,TOTAL,Total,TOTAL,Total,T,Total,SK,Slovakia,2023,,5.9,,,,,
dataflow,ESTAT:TESPM140(1.0),Housing cost overburden rate,A,Annual,PC,Percentage,TOTAL,Total,TOTAL,Total,T,Total,SK,Slovakia,2024,,6.4,,,,,
dataflow,ESTAT:TESPM140(1.0),Housing cost overburden rate,A,Annual,PC,Percentage,TOTAL,Total,TOTAL,Total,T,Total,SK,Slovakia,2025,,3.5,,,,,
dataflow,ESTAT:TESPM140(1.0),Housing cost overburden rate,A,Annual,PC,Percentage,TOTAL,Total,TOTAL,Total,T,Total,TR,Türkiye,2014,,10.3,,,,,
dataflow,ESTAT:TESPM140(1.0),Housing cost overburden rate,A,Annual,PC,Percentage,TOTAL,Total,TOTAL,Total,T,Total,TR,Türkiye,2015,,10.5,,,,,
dataflow,ESTAT:TESPM140(1.0),Housing cost overburden rate,A,Annual,PC,Percentage,TOTAL,Total,TOTAL,Total,T,Total,TR,Türkiye,2016,,10.1,,,,,
dataflow,ESTAT:TESPM140(1.0),Housing cost overburden rate,A,Annual,PC,Percentage,TOTAL,Total,TOTAL,Total,T,Total,TR,Türkiye,2017,,9.5,,,,,
dataflow,ESTAT:TESPM140(1.0),Housing cost overburden rate,A,Annual,PC,Percentage,TOTAL,Total,TOTAL,Total,T,Total,TR,Türkiye,2018,,9.7,,,,,
dataflow,ESTAT:TESPM140(1.0),Housing cost overburden rate,A,Annual,PC,Percentage,TOTAL,Total,TOTAL,Total,T,Total,TR,Türkiye,2019,,10.5,,,,,
dataflow,ESTAT:TESPM140(1.0),Housing cost overburden rate,A,Annual,PC,Percentage,TOTAL,Total,TOTAL,Total,T,Total,TR,Türkiye,2020,,10.2,,,,,
dataflow,ESTAT:TESPM140(1.0),Housing cost overburden rate,A,Annual,PC,Percentage,TOTAL,Total,TOTAL,Total,T,Total,TR,Türkiye,2021,,11.5,,,,,
dataflow,ESTAT:TESPM140(1.0),Housing cost overburden rate,A,Annual,PC,Percentage,TOTAL,Total,TOTAL,Total,T,Total,TR,Türkiye,2022,,11.2,,,,,
dataflow,ESTAT:TESPM140(1.0),Housing cost overburden rate,A,Annual,PC,Percentage,TOTAL,Total,TOTAL,Total,T,Total,TR,Türkiye,2023,,14.4,,,,,
dataflow,ESTAT:TESPM140(1.0),Housing cost overburden rate,A,Annual,PC,Percentage,TOTAL,Total,TOTAL,Total,T,Total,TR,Türkiye,2024,,14.8,,,,,
dataflow,ESTAT:TESPM140(1.0),Housing cost overburden rate,A,Annual,PC,Percentage,TOTAL,Total,TOTAL,Total,T,Total,TR,Türkiye,2025,,10.0,,,,,
dataflow,ESTAT:TESPM140(1.0),Housing cost overburden rate,A,Annual,PC,Percentage,TOTAL,Total,TOTAL,Total,T,Total,UK,United Kingdom,2014,,12.5,,b,break in time series,,
dataflow,ESTAT:TESPM140(1.0),Housing cost overburden rate,A,Annual,PC,Percentage,TOTAL,Total,TOTAL,Total,T,Total,UK,United Kingdom,2015,,12.4,,,,,
dataflow,ESTAT:TESPM140(1.0),Housing cost overburden rate,A,Annual,PC,Percentage,TOTAL,Total,TOTAL,Total,T,Total,UK,United Kingdom,2016,,12.3,,,,,
dataflow,ESTAT:TESPM140(1.0),Housing cost overburden rate,A,Annual,PC,Percentage,TOTAL,Total,TOTAL,Total,T,Total,UK,United Kingdom,2017,,12.4,,b,break in time series,,
dataflow,ESTAT:TESPM140(1.0),Housing cost overburden rate,A,Annual,PC,Percentage,TOTAL,Total,TOTAL,Total,T,Total,UK,United Kingdom,2018,,15.1,,,,,
dataflow,ESTAT:TESPM140(1.0),Housing cost overburden rate,A,Annual,PC,Percentage,TOTAL,Total,TOTAL,Total,T,Total,XK,Kosovo*,2018,,11.3,,,,,
