STRUCTURE,STRUCTURE_ID,STRUCTURE_NAME,freq,Time frequency,unit,Unit of measure,hhtyp,Type of household,geo,Geopolitical entity (reporting),TIME_PERIOD,Time,OBS_VALUE,Observation value,OBS_FLAG,Observation status (Flag) V2 structure,CONF_STATUS,Confidentiality status (flag)
dataflow,ESTAT:TIN00134(1.0),Level of internet access - households,A,Annual,PC_HH,Percentage of households,TOTAL,Total,AL,Albania,2018,,83.64,,,,,
dataflow,ESTAT:TIN00134(1.0),Level of internet access - households,A,Annual,PC_HH,Percentage of households,TOTAL,Total,AL,Albania,2019,,85.45,,,,,
dataflow,ESTAT:TIN00134(1.0),Level of internet access - households,A,Annual,PC_HH,Percentage of households,TOTAL,Total,AL,Albania,2020,,87.15,,,,,
dataflow,ESTAT:TIN00134(1.0),Level of internet access - households,A,Annual,PC_HH,Percentage of households,TOTAL,Total,AL,Albania,2021,,90.87,,,,,
dataflow,ESTAT:TIN00134(1.0),Level of internet access - households,A,Annual,PC_HH,Percentage of households,TOTAL,Total,AL,Albania,2022,,98.44,,,,,
dataflow,ESTAT:TIN00134(1.0),Level of internet access - households,A,Annual,PC_HH,Percentage of households,TOTAL,Total,AL,Albania,2023,,97.72,,,,,
dataflow,ESTAT:TIN00134(1.0),Level of internet access - households,A,Annual,PC_HH,Percentage of households,TOTAL,Total,AL,Albania,2024,,98.15,,,,,
dataflow,ESTAT:TIN00134(1.0),Level of internet access - households,A,Annual,PC_HH,Percentage of households,TOTAL,Total,AL,Albania,2025,,99.27,,,,,
dataflow,ESTAT:TIN00134(1.0),Level of internet access - households,A,Annual,PC_HH,Percentage of households,TOTAL,Total,AT,Austria,2014,,80.99,,,,,
dataflow,ESTAT:TIN00134(1.0),Level of internet access - households,A,Annual,PC_HH,Percentage of households,TOTAL,Total,AT,Austria,2015,,82.42,,,,,
dataflow,ESTAT:TIN00134(1.0),Level of internet access - households,A,Annual,PC_HH,Percentage of households,TOTAL,Total,AT,Austria,2016,,85.09,,,,,
dataflow,ESTAT:TIN00134(1.0),Level of internet access - households,A,Annual,PC_HH,Percentage of households,TOTAL,Total,AT,Austria,2017,,88.79,,,,,
dataflow,ESTAT:TIN00134(1.0),Level of internet access - households,A,Annual,PC_HH,Percentage of households,TOTAL,Total,AT,Austria,2018,,88.78,,,,,
dataflow,ESTAT:TIN00134(1.0),Level of internet access - households,A,Annual,PC_HH,Percentage of households,TOTAL,Total,AT,Austria,2019,,89.91,,,,,
dataflow,ESTAT:TIN00134(1.0),Level of internet access - households,A,Annual,PC_HH,Percentage of households,TOTAL,Total,AT,Austria,2020,,90.40,,,,,
dataflow,ESTAT:TIN00134(1.0),Level of internet access - households,A,Annual,PC_HH,Percentage of households,TOTAL,Total,AT,Austria,2021,,95.00,,,,,
dataflow,ESTAT:TIN00134(1.0),Level of internet access - households,A,Annual,PC_HH,Percentage of households,TOTAL,Total,AT,Austria,2022,,93.15,,,,,
dataflow,ESTAT:TIN00134(1.0),Level of internet access - households,A,Annual,PC_HH,Percentage of households,TOTAL,Total,AT,Austria,2023,,94.98,,,,,
dataflow,ESTAT:TIN00134(1.0),Level of internet access - households,A,Annual,PC_HH,Percentage of households,TOTAL,Total,AT,Austria,2024,,94.96,,,,,
dataflow,ESTAT:TIN00134(1.0),Level of internet access - households,A,Annual,PC_HH,Percentage of households,TOTAL,Total,AT,Austria,2025,,95.45,,,,,
dataflow,ESTAT:TIN00134(1.0),Level of internet access - households,A,Annual,PC_HH,Percentage of households,TOTAL,Total,BA,Bosnia and Herzegovina,2018,,69.19,,,,,
dataflow,ESTAT:TIN00134(1.0),Level of internet access - households,A,Annual,PC_HH,Percentage of households,TOTAL,Total,BA,Bosnia and Herzegovina,2019,,72.03,,,,,
dataflow,ESTAT:TIN00134(1.0),Level of internet access - households,A,Annual,PC_HH,Percentage of households,TOTAL,Total,BA,Bosnia and Herzegovina,2020,,72.84,,,,,
dataflow,ESTAT:TIN00134(1.0),Level of internet access - households,A,Annual,PC_HH,Percentage of households,TOTAL,Total,BA,Bosnia and Herzegovina,2021,,75.49,,,,,
dataflow,ESTAT:TIN00134(1.0),Level of internet access - households,A,Annual,PC_HH,Percentage of households,TOTAL,Total,BA,Bosnia and Herzegovina,2023,,81.55,,,,,
dataflow,ESTAT:TIN00134(1.0),Level of internet access - households,A,Annual,PC_HH,Percentage of households,TOTAL,Total,BA,Bosnia and Herzegovina,2024,,84.19,,,,,
dataflow,ESTAT:TIN00134(1.0),Level of internet access - households,A,Annual,PC_HH,Percentage of households,TOTAL,Total,BA,Bosnia and Herzegovina,2025,,88.22,,,,,
dataflow,ESTAT:TIN00134(1.0),Level of internet access - households,A,Annual,PC_HH,Percentage of households,TOTAL,Total,BE,Belgium,2014,,82.80,,,,,
dataflow,ESTAT:TIN00134(1.0),Level of internet access - households,A,Annual,PC_HH,Percentage of households,TOTAL,Total,BE,Belgium,2015,,81.83,,,,,
dataflow,ESTAT:TIN00134(1.0),Level of internet access - households,A,Annual,PC_HH,Percentage of households,TOTAL,Total,BE,Belgium,2016,,84.79,,,,,
dataflow,ESTAT:TIN00134(1.0),Level of internet access - households,A,Annual,PC_HH,Percentage of households,TOTAL,Total,BE,Belgium,2017,,85.97,,,,,
dataflow,ESTAT:TIN00134(1.0),Level of internet access - households,A,Annual,PC_HH,Percentage of households,TOTAL,Total,BE,Belgium,2018,,87.27,,,,,
dataflow,ESTAT:TIN00134(1.0),Level of internet access - households,A,Annual,PC_HH,Percentage of households,TOTAL,Total,BE,Belgium,2019,,89.73,,,,,
dataflow,ESTAT:TIN00134(1.0),Level of internet access - households,A,Annual,PC_HH,Percentage of households,TOTAL,Total,BE,Belgium,2020,,90.86,,,,,
dataflow,ESTAT:TIN00134(1.0),Level of internet access - households,A,Annual,PC_HH,Percentage of households,TOTAL,Total,BE,Belgium,2021,,91.97,,,,,
dataflow,ESTAT:TIN00134(1.0),Level of internet access - households,A,Annual,PC_HH,Percentage of households,TOTAL,Total,BE,Belgium,2022,,94.44,,,,,
dataflow,ESTAT:TIN00134(1.0),Level of internet access - households,A,Annual,PC_HH,Percentage of households,TOTAL,Total,BE,Belgium,2023,,94.48,,,,,
dataflow,ESTAT:TIN00134(1.0),Level of internet access - households,A,Annual,PC_HH,Percentage of households,TOTAL,Total,BE,Belgium,2024,,94.62,,,,,
dataflow,ESTAT:TIN00134(1.0),Level of internet access - households,A,Annual,PC_HH,Percentage of households,TOTAL,Total,BE,Belgium,2025,,94.68,,,,,
dataflow,ESTAT:TIN00134(1.0),Level of internet access - households,A,Annual,PC_HH,Percentage of households,TOTAL,Total,BG,Bulgaria,2014,,56.65,,,,,
dataflow,ESTAT:TIN00134(1.0),Level of internet access - households,A,Annual,PC_HH,Percentage of households,TOTAL,Total,BG,Bulgaria,2015,,59.14,,,,,
dataflow,ESTAT:TIN00134(1.0),Level of internet access - households,A,Annual,PC_HH,Percentage of households,TOTAL,Total,BG,Bulgaria,2016,,63.54,,,,,
dataflow,ESTAT:TIN00134(1.0),Level of internet access - households,A,Annual,PC_HH,Percentage of households,TOTAL,Total,BG,Bulgaria,2017,,67.33,,,,,
dataflow,ESTAT:TIN00134(1.0),Level of internet access - households,A,Annual,PC_HH,Percentage of households,TOTAL,Total,BG,Bulgaria,2018,,72.13,,,,,
dataflow,ESTAT:TIN00134(1.0),Level of internet access - households,A,Annual,PC_HH,Percentage of households,TOTAL,Total,BG,Bulgaria,2019,,75.07,,,,,
dataflow,ESTAT:TIN00134(1.0),Level of internet access - households,A,Annual,PC_HH,Percentage of households,TOTAL,Total,BG,Bulgaria,2020,,78.85,,,,,
dataflow,ESTAT:TIN00134(1.0),Level of internet access - households,A,Annual,PC_HH,Percentage of households,TOTAL,Total,BG,Bulgaria,2021,,83.53,,,,,
dataflow,ESTAT:TIN00134(1.0),Level of internet access - households,A,Annual,PC_HH,Percentage of households,TOTAL,Total,BG,Bulgaria,2022,,87.31,,,,,
dataflow,ESTAT:TIN00134(1.0),Level of internet access - households,A,Annual,PC_HH,Percentage of households,TOTAL,Total,BG,Bulgaria,2023,,88.50,,,,,
dataflow,ESTAT:TIN00134(1.0),Level of internet access - households,A,Annual,PC_HH,Percentage of households,TOTAL,Total,BG,Bulgaria,2024,,92.12,,,,,
dataflow,ESTAT:TIN00134(1.0),Level of internet access - households,A,Annual,PC_HH,Percentage of households,TOTAL,Total,BG,Bulgaria,2025,,92.82,,,,,
dataflow,ESTAT:TIN00134(1.0),Level of internet access - households,A,Annual,PC_HH,Percentage of households,TOTAL,Total,CH,Switzerland,2014,,90.63,,,,,
dataflow,ESTAT:TIN00134(1.0),Level of internet access - households,A,Annual,PC_HH,Percentage of households,TOTAL,Total,CH,Switzerland,2017,,93.06,,b,break in time series,,
dataflow,ESTAT:TIN00134(1.0),Level of internet access - households,A,Annual,PC_HH,Percentage of households,TOTAL,Total,CH,Switzerland,2019,,95.51,,,,,
dataflow,ESTAT:TIN00134(1.0),Level of internet access - households,A,Annual,PC_HH,Percentage of households,TOTAL,Total,CH,Switzerland,2021,,98.67,,,,,
dataflow,ESTAT:TIN00134(1.0),Level of internet access - households,A,Annual,PC_HH,Percentage of households,TOTAL,Total,CH,Switzerland,2023,,99.66,,,,,
dataflow,ESTAT:TIN00134(1.0),Level of internet access - households,A,Annual,PC_HH,Percentage of households,TOTAL,Total,CH,Switzerland,2025,,98.99,,,,,
dataflow,ESTAT:TIN00134(1.0),Level of internet access - households,A,Annual,PC_HH,Percentage of households,TOTAL,Total,CY,Cyprus,2014,,68.64,,,,,
dataflow,ESTAT:TIN00134(1.0),Level of internet access - households,A,Annual,PC_HH,Percentage of households,TOTAL,Total,CY,Cyprus,2015,,71.21,,,,,
dataflow,ESTAT:TIN00134(1.0),Level of internet access - households,A,Annual,PC_HH,Percentage of households,TOTAL,Total,CY,Cyprus,2016,,74.35,,,,,
dataflow,ESTAT:TIN00134(1.0),Level of internet access - households,A,Annual,PC_HH,Percentage of households,TOTAL,Total,CY,Cyprus,2017,,79.41,,,,,
dataflow,ESTAT:TIN00134(1.0),Level of internet access - households,A,Annual,PC_HH,Percentage of households,TOTAL,Total,CY,Cyprus,2018,,86.17,,,,,
dataflow,ESTAT:TIN00134(1.0),Level of internet access - households,A,Annual,PC_HH,Percentage of households,TOTAL,Total,CY,Cyprus,2019,,89.61,,,,,
dataflow,ESTAT:TIN00134(1.0),Level of internet access - households,A,Annual,PC_HH,Percentage of households,TOTAL,Total,CY,Cyprus,2020,,92.78,,,,,
dataflow,ESTAT:TIN00134(1.0),Level of internet access - households,A,Annual,PC_HH,Percentage of households,TOTAL,Total,CY,Cyprus,2021,,93.41,,,,,
dataflow,ESTAT:TIN00134(1.0),Level of internet access - households,A,Annual,PC_HH,Percentage of households,TOTAL,Total,CY,Cyprus,2022,,94.00,,,,,
dataflow,ESTAT:TIN00134(1.0),Level of internet access - households,A,Annual,PC_HH,Percentage of households,TOTAL,Total,CY,Cyprus,2023,,92.30,,,,,
dataflow,ESTAT:TIN00134(1.0),Level of internet access - households,A,Annual,PC_HH,Percentage of households,TOTAL,Total,CY,Cyprus,2024,,94.92,,,,,
dataflow,ESTAT:TIN00134(1.0),Level of internet access - households,A,Annual,PC_HH,Percentage of households,TOTAL,Total,CY,Cyprus,2025,,97.48,,,,,
dataflow,ESTAT:TIN00134(1.0),Level of internet access - households,A,Annual,PC_HH,Percentage of households,TOTAL,Total,CZ,Czechia,2014,,77.99,,,,,
dataflow,ESTAT:TIN00134(1.0),Level of internet access - households,A,Annual,PC_HH,Percentage of households,TOTAL,Total,CZ,Czechia,2015,,78.98,,,,,
dataflow,ESTAT:TIN00134(1.0),Level of internet access - households,A,Annual,PC_HH,Percentage of households,TOTAL,Total,CZ,Czechia,2016,,81.65,,,,,
dataflow,ESTAT:TIN00134(1.0),Level of internet access - households,A,Annual,PC_HH,Percentage of households,TOTAL,Total,CZ,Czechia,2017,,83.24,,,,,
dataflow,ESTAT:TIN00134(1.0),Level of internet access - households,A,Annual,PC_HH,Percentage of households,TOTAL,Total,CZ,Czechia,2018,,86.36,,,,,
dataflow,ESTAT:TIN00134(1.0),Level of internet access - households,A,Annual,PC_HH,Percentage of households,TOTAL,Total,CZ,Czechia,2019,,87.00,,,,,
dataflow,ESTAT:TIN00134(1.0),Level of internet access - households,A,Annual,PC_HH,Percentage of households,TOTAL,Total,CZ,Czechia,2020,,88.02,,,,,
dataflow,ESTAT:TIN00134(1.0),Level of internet access - households,A,Annual,PC_HH,Percentage of households,TOTAL,Total,CZ,Czechia,2021,,89.31,,,,,
dataflow,ESTAT:TIN00134(1.0),Level of internet access - households,A,Annual,PC_HH,Percentage of households,TOTAL,Total,CZ,Czechia,2022,,91.48,,,,,
dataflow,ESTAT:TIN00134(1.0),Level of internet access - households,A,Annual,PC_HH,Percentage of households,TOTAL,Total,CZ,Czechia,2023,,92.80,,,,,
dataflow,ESTAT:TIN00134(1.0),Level of internet access - households,A,Annual,PC_HH,Percentage of households,TOTAL,Total,CZ,Czechia,2024,,94.56,,,,,
dataflow,ESTAT:TIN00134(1.0),Level of internet access - households,A,Annual,PC_HH,Percentage of households,TOTAL,Total,CZ,Czechia,2025,,95.47,,,,,
dataflow,ESTAT:TIN00134(1.0),Level of internet access - households,A,Annual,PC_HH,Percentage of households,TOTAL,Total,DE,Germany,2014,,89.47,,,,,
dataflow,ESTAT:TIN00134(1.0),Level of internet access - households,A,Annual,PC_HH,Percentage of households,TOTAL,Total,DE,Germany,2015,,90.29,,,,,
dataflow,ESTAT:TIN00134(1.0),Level of internet access - households,A,Annual,PC_HH,Percentage of households,TOTAL,Total,DE,Germany,2016,,92.14,,,,,
dataflow,ESTAT:TIN00134(1.0),Level of internet access - households,A,Annual,PC_HH,Percentage of households,TOTAL,Total,DE,Germany,2017,,92.86,,,,,
dataflow,ESTAT:TIN00134(1.0),Level of internet access - households,A,Annual,PC_HH,Percentage of households,TOTAL,Total,DE,Germany,2018,,94.39,,,,,
dataflow,ESTAT:TIN00134(1.0),Level of internet access - households,A,Annual,PC_HH,Percentage of households,TOTAL,Total,DE,Germany,2019,,94.83,,,,,
dataflow,ESTAT:TIN00134(1.0),Level of internet access - households,A,Annual,PC_HH,Percentage of households,TOTAL,Total,DE,Germany,2020,,95.80,,,,,
dataflow,ESTAT:TIN00134(1.0),Level of internet access - households,A,Annual,PC_HH,Percentage of households,TOTAL,Total,DE,Germany,2021,,91.88,,b,break in time series,,
dataflow,ESTAT:TIN00134(1.0),Level of internet access - households,A,Annual,PC_HH,Percentage of households,TOTAL,Total,DE,Germany,2022,,91.41,,,,,
dataflow,ESTAT:TIN00134(1.0),Level of internet access - households,A,Annual,PC_HH,Percentage of households,TOTAL,Total,DE,Germany,2023,,91.66,,,,,
dataflow,ESTAT:TIN00134(1.0),Level of internet access - households,A,Annual,PC_HH,Percentage of households,TOTAL,Total,DE,Germany,2024,,92.65,,,,,
dataflow,ESTAT:TIN00134(1.0),Level of internet access - households,A,Annual,PC_HH,Percentage of households,TOTAL,Total,DE,Germany,2025,,93.63,,,,,
dataflow,ESTAT:TIN00134(1.0),Level of internet access - households,A,Annual,PC_HH,Percentage of households,TOTAL,Total,DK,Denmark,2014,,93.12,,,,,
dataflow,ESTAT:TIN00134(1.0),Level of internet access - households,A,Annual,PC_HH,Percentage of households,TOTAL,Total,DK,Denmark,2015,,91.74,,,,,
dataflow,ESTAT:TIN00134(1.0),Level of internet access - households,A,Annual,PC_HH,Percentage of households,TOTAL,Total,DK,Denmark,2016,,94.34,,,,,
dataflow,ESTAT:TIN00134(1.0),Level of internet access - households,A,Annual,PC_HH,Percentage of households,TOTAL,Total,DK,Denmark,2017,,97.00,,,,,
dataflow,ESTAT:TIN00134(1.0),Level of internet access - households,A,Annual,PC_HH,Percentage of households,TOTAL,Total,DK,Denmark,2018,,92.66,,,,,
dataflow,ESTAT:TIN00134(1.0),Level of internet access - households,A,Annual,PC_HH,Percentage of households,TOTAL,Total,DK,Denmark,2019,,95.43,,,,,
dataflow,ESTAT:TIN00134(1.0),Level of internet access - households,A,Annual,PC_HH,Percentage of households,TOTAL,Total,DK,Denmark,2020,,95.27,,,,,
dataflow,ESTAT:TIN00134(1.0),Level of internet access - households,A,Annual,PC_HH,Percentage of households,TOTAL,Total,DK,Denmark,2021,,96.14,,,,,
dataflow,ESTAT:TIN00134(1.0),Level of internet access - households,A,Annual,PC_HH,Percentage of households,TOTAL,Total,DK,Denmark,2022,,95.16,,,,,
dataflow,ESTAT:TIN00134(1.0),Level of internet access - households,A,Annual,PC_HH,Percentage of households,TOTAL,Total,DK,Denmark,2023,,96.09,,,,,
dataflow,ESTAT:TIN00134(1.0),Level of internet access - households,A,Annual,PC_HH,Percentage of households,TOTAL,Total,DK,Denmark,2024,,96.92,,,,,
dataflow,ESTAT:TIN00134(1.0),Level of internet access - households,A,Annual,PC_HH,Percentage of households,TOTAL,Total,DK,Denmark,2025,,97.42,,,,,
dataflow,ESTAT:TIN00134(1.0),Level of internet access - households,A,Annual,PC_HH,Percentage of households,TOTAL,Total,EE,Estonia,2014,,82.90,,b,break in time series,,
dataflow,ESTAT:TIN00134(1.0),Level of internet access - households,A,Annual,PC_HH,Percentage of households,TOTAL,Total,EE,Estonia,2015,,87.73,,,,,
dataflow,ESTAT:TIN00134(1.0),Level of internet access - households,A,Annual,PC_HH,Percentage of households,TOTAL,Total,EE,Estonia,2016,,86.19,,,,,
dataflow,ESTAT:TIN00134(1.0),Level of internet access - households,A,Annual,PC_HH,Percentage of households,TOTAL,Total,EE,Estonia,2017,,88.27,,,,,
dataflow,ESTAT:TIN00134(1.0),Level of internet access - households,A,Annual,PC_HH,Percentage of households,TOTAL,Total,EE,Estonia,2018,,90.47,,,,,
dataflow,ESTAT:TIN00134(1.0),Level of internet access - households,A,Annual,PC_HH,Percentage of households,TOTAL,Total,EE,Estonia,2019,,90.43,,,,,
dataflow,ESTAT:TIN00134(1.0),Level of internet access - households,A,Annual,PC_HH,Percentage of households,TOTAL,Total,EE,Estonia,2020,,89.98,,,,,
dataflow,ESTAT:TIN00134(1.0),Level of internet access - households,A,Annual,PC_HH,Percentage of households,TOTAL,Total,EE,Estonia,2021,,91.82,,,,,
dataflow,ESTAT:TIN00134(1.0),Level of internet access - households,A,Annual,PC_HH,Percentage of households,TOTAL,Total,EE,Estonia,2022,,92.41,,,,,
dataflow,ESTAT:TIN00134(1.0),Level of internet access - households,A,Annual,PC_HH,Percentage of households,TOTAL,Total,EE,Estonia,2023,,93.22,,,,,
dataflow,ESTAT:TIN00134(1.0),Level of internet access - households,A,Annual,PC_HH,Percentage of households,TOTAL,Total,EE,Estonia,2024,,92.89,,,,,
dataflow,ESTAT:TIN00134(1.0),Level of internet access - households,A,Annual,PC_HH,Percentage of households,TOTAL,Total,EE,Estonia,2025,,95.40,,,,,
dataflow,ESTAT:TIN00134(1.0),Level of internet access - households,A,Annual,PC_HH,Percentage of households,TOTAL,Total,EL,Greece,2014,,65.55,,,,,
dataflow,ESTAT:TIN00134(1.0),Level of internet access - households,A,Annual,PC_HH,Percentage of households,TOTAL,Total,EL,Greece,2015,,68.09,,,,,
dataflow,ESTAT:TIN00134(1.0),Level of internet access - households,A,Annual,PC_HH,Percentage of households,TOTAL,Total,EL,Greece,2016,,69.13,,,,,
dataflow,ESTAT:TIN00134(1.0),Level of internet access - households,A,Annual,PC_HH,Percentage of households,TOTAL,Total,EL,Greece,2017,,70.96,,,,,
dataflow,ESTAT:TIN00134(1.0),Level of internet access - households,A,Annual,PC_HH,Percentage of households,TOTAL,Total,EL,Greece,2018,,76.49,,,,,
dataflow,ESTAT:TIN00134(1.0),Level of internet access - households,A,Annual,PC_HH,Percentage of households,TOTAL,Total,EL,Greece,2019,,78.54,,,,,
dataflow,ESTAT:TIN00134(1.0),Level of internet access - households,A,Annual,PC_HH,Percentage of households,TOTAL,Total,EL,Greece,2020,,80.38,,,,,
dataflow,ESTAT:TIN00134(1.0),Level of internet access - households,A,Annual,PC_HH,Percentage of households,TOTAL,Total,EL,Greece,2021,,85.07,,,,,
dataflow,ESTAT:TIN00134(1.0),Level of internet access - households,A,Annual,PC_HH,Percentage of households,TOTAL,Total,EL,Greece,2022,,85.49,,,,,
dataflow,ESTAT:TIN00134(1.0),Level of internet access - households,A,Annual,PC_HH,Percentage of households,TOTAL,Total,EL,Greece,2023,,86.90,,,,,
dataflow,ESTAT:TIN00134(1.0),Level of internet access - households,A,Annual,PC_HH,Percentage of households,TOTAL,Total,EL,Greece,2024,,86.89,,,,,
dataflow,ESTAT:TIN00134(1.0),Level of internet access - households,A,Annual,PC_HH,Percentage of households,TOTAL,Total,EL,Greece,2025,,88.73,,,,,
dataflow,ESTAT:TIN00134(1.0),Level of internet access - households,A,Annual,PC_HH,Percentage of households,TOTAL,Total,ES,Spain,2014,,74.35,,,,,
dataflow,ESTAT:TIN00134(1.0),Level of internet access - households,A,Annual,PC_HH,Percentage of households,TOTAL,Total,ES,Spain,2015,,78.75,,,,,
dataflow,ESTAT:TIN00134(1.0),Level of internet access - households,A,Annual,PC_HH,Percentage of households,TOTAL,Total,ES,Spain,2016,,81.93,,,,,
dataflow,ESTAT:TIN00134(1.0),Level of internet access - households,A,Annual,PC_HH,Percentage of households,TOTAL,Total,ES,Spain,2017,,83.39,,,,,
dataflow,ESTAT:TIN00134(1.0),Level of internet access - households,A,Annual,PC_HH,Percentage of households,TOTAL,Total,ES,Spain,2018,,86.36,,,,,
dataflow,ESTAT:TIN00134(1.0),Level of internet access - households,A,Annual,PC_HH,Percentage of households,TOTAL,Total,ES,Spain,2019,,91.44,,,,,
dataflow,ESTAT:TIN00134(1.0),Level of internet access - households,A,Annual,PC_HH,Percentage of households,TOTAL,Total,ES,Spain,2020,,95.38,,,,,
dataflow,ESTAT:TIN00134(1.0),Level of internet access - households,A,Annual,PC_HH,Percentage of households,TOTAL,Total,ES,Spain,2021,,95.92,,,,,
dataflow,ESTAT:TIN00134(1.0),Level of internet access - households,A,Annual,PC_HH,Percentage of households,TOTAL,Total,ES,Spain,2022,,96.08,,,,,
dataflow,ESTAT:TIN00134(1.0),Level of internet access - households,A,Annual,PC_HH,Percentage of households,TOTAL,Total,ES,Spain,2023,,96.45,,,,,
dataflow,ESTAT:TIN00134(1.0),Level of internet access - households,A,Annual,PC_HH,Percentage of households,TOTAL,Total,ES,Spain,2024,,96.83,,,,,
dataflow,ESTAT:TIN00134(1.0),Level of internet access - households,A,Annual,PC_HH,Percentage of households,TOTAL,Total,ES,Spain,2025,,97.43,,,,,
dataflow,ESTAT:TIN00134(1.0),Level of internet access - households,A,Annual,PC_HH,Percentage of households,TOTAL,Total,EU27_2020,European Union - 27 countries (from 2020),2014,,79.61,,,,,
dataflow,ESTAT:TIN00134(1.0),Level of internet access - households,A,Annual,PC_HH,Percentage of households,TOTAL,Total,EU27_2020,European Union - 27 countries (from 2020),2015,,81.37,,,,,
dataflow,ESTAT:TIN00134(1.0),Level of internet access - households,A,Annual,PC_HH,Percentage of households,TOTAL,Total,EU27_2020,European Union - 27 countries (from 2020),2016,,84.21,,,,,
dataflow,ESTAT:TIN00134(1.0),Level of internet access - households,A,Annual,PC_HH,Percentage of households,TOTAL,Total,EU27_2020,European Union - 27 countries (from 2020),2017,,85.81,,,,,
dataflow,ESTAT:TIN00134(1.0),Level of internet access - households,A,Annual,PC_HH,Percentage of households,TOTAL,Total,EU27_2020,European Union - 27 countries (from 2020),2018,,87.94,,,,,
dataflow,ESTAT:TIN00134(1.0),Level of internet access - households,A,Annual,PC_HH,Percentage of households,TOTAL,Total,EU27_2020,European Union - 27 countries (from 2020),2019,,89.68,,,,,
dataflow,ESTAT:TIN00134(1.0),Level of internet access - households,A,Annual,PC_HH,Percentage of households,TOTAL,Total,EU27_2020,European Union - 27 countries (from 2020),2020,,91.30,,e,estimated,,
dataflow,ESTAT:TIN00134(1.0),Level of internet access - households,A,Annual,PC_HH,Percentage of households,TOTAL,Total,EU27_2020,European Union - 27 countries (from 2020),2021,,92.30,,b,break in time series,,
dataflow,ESTAT:TIN00134(1.0),Level of internet access - households,A,Annual,PC_HH,Percentage of households,TOTAL,Total,EU27_2020,European Union - 27 countries (from 2020),2022,,92.44,,,,,
dataflow,ESTAT:TIN00134(1.0),Level of internet access - households,A,Annual,PC_HH,Percentage of households,TOTAL,Total,EU27_2020,European Union - 27 countries (from 2020),2023,,93.09,,,,,
dataflow,ESTAT:TIN00134(1.0),Level of internet access - households,A,Annual,PC_HH,Percentage of households,TOTAL,Total,EU27_2020,European Union - 27 countries (from 2020),2024,,94.19,,,,,
dataflow,ESTAT:TIN00134(1.0),Level of internet access - households,A,Annual,PC_HH,Percentage of households,TOTAL,Total,EU27_2020,European Union - 27 countries (from 2020),2025,,94.76,,,,,
dataflow,ESTAT:TIN00134(1.0),Level of internet access - households,A,Annual,PC_HH,Percentage of households,TOTAL,Total,FI,Finland,2014,,89.83,,,,,
dataflow,ESTAT:TIN00134(1.0),Level of internet access - households,A,Annual,PC_HH,Percentage of households,TOTAL,Total,FI,Finland,2015,,89.93,,,,,
dataflow,ESTAT:TIN00134(1.0),Level of internet access - households,A,Annual,PC_HH,Percentage of households,TOTAL,Total,FI,Finland,2016,,91.95,,,,,
dataflow,ESTAT:TIN00134(1.0),Level of internet access - households,A,Annual,PC_HH,Percentage of households,TOTAL,Total,FI,Finland,2017,,94.42,,,,,
dataflow,ESTAT:TIN00134(1.0),Level of internet access - households,A,Annual,PC_HH,Percentage of households,TOTAL,Total,FI,Finland,2018,,94.28,,,,,
dataflow,ESTAT:TIN00134(1.0),Level of internet access - households,A,Annual,PC_HH,Percentage of households,TOTAL,Total,FI,Finland,2019,,94.36,,,,,
dataflow,ESTAT:TIN00134(1.0),Level of internet access - households,A,Annual,PC_HH,Percentage of households,TOTAL,Total,FI,Finland,2020,,96.00,,,,,
dataflow,ESTAT:TIN00134(1.0),Level of internet access - households,A,Annual,PC_HH,Percentage of households,TOTAL,Total,FI,Finland,2021,,96.56,,,,,
dataflow,ESTAT:TIN00134(1.0),Level of internet access - households,A,Annual,PC_HH,Percentage of households,TOTAL,Total,FI,Finland,2022,,97.59,,,,,
dataflow,ESTAT:TIN00134(1.0),Level of internet access - households,A,Annual,PC_HH,Percentage of households,TOTAL,Total,FI,Finland,2023,,96.78,,,,,
dataflow,ESTAT:TIN00134(1.0),Level of internet access - households,A,Annual,PC_HH,Percentage of households,TOTAL,Total,FI,Finland,2024,,97.35,,,,,
dataflow,ESTAT:TIN00134(1.0),Level of internet access - households,A,Annual,PC_HH,Percentage of households,TOTAL,Total,FI,Finland,2025,,97.62,,,,,
dataflow,ESTAT:TIN00134(1.0),Level of internet access - households,A,Annual,PC_HH,Percentage of households,TOTAL,Total,FR,France,2014,,82.96,,,,,
dataflow,ESTAT:TIN00134(1.0),Level of internet access - households,A,Annual,PC_HH,Percentage of households,TOTAL,Total,FR,France,2015,,82.62,,,,,
dataflow,ESTAT:TIN00134(1.0),Level of internet access - households,A,Annual,PC_HH,Percentage of households,TOTAL,Total,FR,France,2016,,85.87,,,,,
dataflow,ESTAT:TIN00134(1.0),Level of internet access - households,A,Annual,PC_HH,Percentage of households,TOTAL,Total,FR,France,2017,,86.41,,,,,
dataflow,ESTAT:TIN00134(1.0),Level of internet access - households,A,Annual,PC_HH,Percentage of households,TOTAL,Total,FR,France,2018,,88.56,,,,,
dataflow,ESTAT:TIN00134(1.0),Level of internet access - households,A,Annual,PC_HH,Percentage of households,TOTAL,Total,FR,France,2019,,90.17,,,,,
dataflow,ESTAT:TIN00134(1.0),Level of internet access - households,A,Annual,PC_HH,Percentage of households,TOTAL,Total,FR,France,2021,,93.33,,,,,
dataflow,ESTAT:TIN00134(1.0),Level of internet access - households,A,Annual,PC_HH,Percentage of households,TOTAL,Total,FR,France,2022,,92.25,,,,,
dataflow,ESTAT:TIN00134(1.0),Level of internet access - households,A,Annual,PC_HH,Percentage of households,TOTAL,Total,FR,France,2023,,93.34,,,,,
dataflow,ESTAT:TIN00134(1.0),Level of internet access - households,A,Annual,PC_HH,Percentage of households,TOTAL,Total,FR,France,2024,,94.44,,,,,
dataflow,ESTAT:TIN00134(1.0),Level of internet access - households,A,Annual,PC_HH,Percentage of households,TOTAL,Total,FR,France,2025,,94.43,,,,,
dataflow,ESTAT:TIN00134(1.0),Level of internet access - households,A,Annual,PC_HH,Percentage of households,TOTAL,Total,HR,Croatia,2014,,68.37,,,,,
dataflow,ESTAT:TIN00134(1.0),Level of internet access - households,A,Annual,PC_HH,Percentage of households,TOTAL,Total,HR,Croatia,2015,,76.71,,,,,
dataflow,ESTAT:TIN00134(1.0),Level of internet access - households,A,Annual,PC_HH,Percentage of households,TOTAL,Total,HR,Croatia,2016,,77.34,,,,,
dataflow,ESTAT:TIN00134(1.0),Level of internet access - households,A,Annual,PC_HH,Percentage of households,TOTAL,Total,HR,Croatia,2017,,76.45,,,,,
dataflow,ESTAT:TIN00134(1.0),Level of internet access - households,A,Annual,PC_HH,Percentage of households,TOTAL,Total,HR,Croatia,2018,,81.52,,,,,
dataflow,ESTAT:TIN00134(1.0),Level of internet access - households,A,Annual,PC_HH,Percentage of households,TOTAL,Total,HR,Croatia,2019,,80.52,,,,,
dataflow,ESTAT:TIN00134(1.0),Level of internet access - households,A,Annual,PC_HH,Percentage of households,TOTAL,Total,HR,Croatia,2020,,85.00,,,,,
dataflow,ESTAT:TIN00134(1.0),Level of internet access - households,A,Annual,PC_HH,Percentage of households,TOTAL,Total,HR,Croatia,2021,,86.09,,,,,
dataflow,ESTAT:TIN00134(1.0),Level of internet access - households,A,Annual,PC_HH,Percentage of households,TOTAL,Total,HR,Croatia,2022,,85.52,,,,,
dataflow,ESTAT:TIN00134(1.0),Level of internet access - households,A,Annual,PC_HH,Percentage of households,TOTAL,Total,HR,Croatia,2023,,89.56,,,,,
dataflow,ESTAT:TIN00134(1.0),Level of internet access - households,A,Annual,PC_HH,Percentage of households,TOTAL,Total,HR,Croatia,2024,,88.37,,,,,
dataflow,ESTAT:TIN00134(1.0),Level of internet access - households,A,Annual,PC_HH,Percentage of households,TOTAL,Total,HR,Croatia,2025,,87.91,,,,,
dataflow,ESTAT:TIN00134(1.0),Level of internet access - households,A,Annual,PC_HH,Percentage of households,TOTAL,Total,HU,Hungary,2014,,73.06,,,,,
dataflow,ESTAT:TIN00134(1.0),Level of internet access - households,A,Annual,PC_HH,Percentage of households,TOTAL,Total,HU,Hungary,2015,,75.64,,,,,
dataflow,ESTAT:TIN00134(1.0),Level of internet access - households,A,Annual,PC_HH,Percentage of households,TOTAL,Total,HU,Hungary,2016,,79.18,,,,,
dataflow,ESTAT:TIN00134(1.0),Level of internet access - households,A,Annual,PC_HH,Percentage of households,TOTAL,Total,HU,Hungary,2017,,82.35,,,,,
dataflow,ESTAT:TIN00134(1.0),Level of internet access - households,A,Annual,PC_HH,Percentage of households,TOTAL,Total,HU,Hungary,2018,,83.31,,,,,
dataflow,ESTAT:TIN00134(1.0),Level of internet access - households,A,Annual,PC_HH,Percentage of households,TOTAL,Total,HU,Hungary,2019,,86.20,,,,,
dataflow,ESTAT:TIN00134(1.0),Level of internet access - households,A,Annual,PC_HH,Percentage of households,TOTAL,Total,HU,Hungary,2020,,87.63,,,,,
dataflow,ESTAT:TIN00134(1.0),Level of internet access - households,A,Annual,PC_HH,Percentage of households,TOTAL,Total,HU,Hungary,2021,,90.78,,,,,
dataflow,ESTAT:TIN00134(1.0),Level of internet access - households,A,Annual,PC_HH,Percentage of households,TOTAL,Total,HU,Hungary,2022,,91.44,,,,,
dataflow,ESTAT:TIN00134(1.0),Level of internet access - households,A,Annual,PC_HH,Percentage of households,TOTAL,Total,HU,Hungary,2023,,92.73,,,,,
dataflow,ESTAT:TIN00134(1.0),Level of internet access - households,A,Annual,PC_HH,Percentage of households,TOTAL,Total,HU,Hungary,2024,,94.78,,,,,
dataflow,ESTAT:TIN00134(1.0),Level of internet access - households,A,Annual,PC_HH,Percentage of households,TOTAL,Total,HU,Hungary,2025,,93.90,,,,,
dataflow,ESTAT:TIN00134(1.0),Level of internet access - households,A,Annual,PC_HH,Percentage of households,TOTAL,Total,IE,Ireland,2014,,82.17,,,,,
dataflow,ESTAT:TIN00134(1.0),Level of internet access - households,A,Annual,PC_HH,Percentage of households,TOTAL,Total,IE,Ireland,2015,,84.86,,,,,
dataflow,ESTAT:TIN00134(1.0),Level of internet access - households,A,Annual,PC_HH,Percentage of households,TOTAL,Total,IE,Ireland,2016,,86.91,,,,,
dataflow,ESTAT:TIN00134(1.0),Level of internet access - households,A,Annual,PC_HH,Percentage of households,TOTAL,Total,IE,Ireland,2017,,88.37,,,,,
dataflow,ESTAT:TIN00134(1.0),Level of internet access - households,A,Annual,PC_HH,Percentage of households,TOTAL,Total,IE,Ireland,2018,,89.11,,,,,
dataflow,ESTAT:TIN00134(1.0),Level of internet access - households,A,Annual,PC_HH,Percentage of households,TOTAL,Total,IE,Ireland,2019,,90.59,,,,,
dataflow,ESTAT:TIN00134(1.0),Level of internet access - households,A,Annual,PC_HH,Percentage of households,TOTAL,Total,IE,Ireland,2020,,91.82,,,,,
dataflow,ESTAT:TIN00134(1.0),Level of internet access - households,A,Annual,PC_HH,Percentage of households,TOTAL,Total,IE,Ireland,2021,,97.50,,b,break in time series,,
dataflow,ESTAT:TIN00134(1.0),Level of internet access - households,A,Annual,PC_HH,Percentage of households,TOTAL,Total,IE,Ireland,2022,,,,u,low reliability,,
dataflow,ESTAT:TIN00134(1.0),Level of internet access - households,A,Annual,PC_HH,Percentage of households,TOTAL,Total,IE,Ireland,2023,,93.92,,,,,
dataflow,ESTAT:TIN00134(1.0),Level of internet access - households,A,Annual,PC_HH,Percentage of households,TOTAL,Total,IE,Ireland,2024,,92.97,,,,,
dataflow,ESTAT:TIN00134(1.0),Level of internet access - households,A,Annual,PC_HH,Percentage of households,TOTAL,Total,IE,Ireland,2025,,95.51,,,,,
dataflow,ESTAT:TIN00134(1.0),Level of internet access - households,A,Annual,PC_HH,Percentage of households,TOTAL,Total,IS,Iceland,2014,,96.48,,,,,
dataflow,ESTAT:TIN00134(1.0),Level of internet access - households,A,Annual,PC_HH,Percentage of households,TOTAL,Total,IS,Iceland,2017,,97.86,,,,,
dataflow,ESTAT:TIN00134(1.0),Level of internet access - households,A,Annual,PC_HH,Percentage of households,TOTAL,Total,IS,Iceland,2018,,99.18,,,,,
dataflow,ESTAT:TIN00134(1.0),Level of internet access - households,A,Annual,PC_HH,Percentage of households,TOTAL,Total,IS,Iceland,2019,,97.70,,,,,
dataflow,ESTAT:TIN00134(1.0),Level of internet access - households,A,Annual,PC_HH,Percentage of households,TOTAL,Total,IS,Iceland,2020,,98.48,,,,,
dataflow,ESTAT:TIN00134(1.0),Level of internet access - households,A,Annual,PC_HH,Percentage of households,TOTAL,Total,IS,Iceland,2021,,98.36,,,,,
dataflow,ESTAT:TIN00134(1.0),Level of internet access - households,A,Annual,PC_HH,Percentage of households,TOTAL,Total,IT,Italy,2014,,72.61,,,,,
dataflow,ESTAT:TIN00134(1.0),Level of internet access - households,A,Annual,PC_HH,Percentage of households,TOTAL,Total,IT,Italy,2015,,75.39,,,,,
dataflow,ESTAT:TIN00134(1.0),Level of internet access - households,A,Annual,PC_HH,Percentage of households,TOTAL,Total,IT,Italy,2016,,78.51,,,,,
dataflow,ESTAT:TIN00134(1.0),Level of internet access - households,A,Annual,PC_HH,Percentage of households,TOTAL,Total,IT,Italy,2017,,81.02,,,,,
dataflow,ESTAT:TIN00134(1.0),Level of internet access - households,A,Annual,PC_HH,Percentage of households,TOTAL,Total,IT,Italy,2018,,84.34,,,,,
dataflow,ESTAT:TIN00134(1.0),Level of internet access - households,A,Annual,PC_HH,Percentage of households,TOTAL,Total,IT,Italy,2019,,85.17,,,,,
dataflow,ESTAT:TIN00134(1.0),Level of internet access - households,A,Annual,PC_HH,Percentage of households,TOTAL,Total,IT,Italy,2020,,88.10,,,,,
dataflow,ESTAT:TIN00134(1.0),Level of internet access - households,A,Annual,PC_HH,Percentage of households,TOTAL,Total,IT,Italy,2021,,90.49,,,,,
dataflow,ESTAT:TIN00134(1.0),Level of internet access - households,A,Annual,PC_HH,Percentage of households,TOTAL,Total,IT,Italy,2022,,91.45,,,,,
dataflow,ESTAT:TIN00134(1.0),Level of internet access - households,A,Annual,PC_HH,Percentage of households,TOTAL,Total,IT,Italy,2023,,91.89,,,,,
dataflow,ESTAT:TIN00134(1.0),Level of internet access - households,A,Annual,PC_HH,Percentage of households,TOTAL,Total,IT,Italy,2024,,93.41,,,,,
dataflow,ESTAT:TIN00134(1.0),Level of internet access - households,A,Annual,PC_HH,Percentage of households,TOTAL,Total,IT,Italy,2025,,94.12,,,,,
dataflow,ESTAT:TIN00134(1.0),Level of internet access - households,A,Annual,PC_HH,Percentage of households,TOTAL,Total,LT,Lithuania,2014,,65.97,,,,,
dataflow,ESTAT:TIN00134(1.0),Level of internet access - households,A,Annual,PC_HH,Percentage of households,TOTAL,Total,LT,Lithuania,2015,,68.26,,,,,
dataflow,ESTAT:TIN00134(1.0),Level of internet access - households,A,Annual,PC_HH,Percentage of households,TOTAL,Total,LT,Lithuania,2016,,71.75,,,,,
dataflow,ESTAT:TIN00134(1.0),Level of internet access - households,A,Annual,PC_HH,Percentage of households,TOTAL,Total,LT,Lithuania,2017,,74.97,,,,,
dataflow,ESTAT:TIN00134(1.0),Level of internet access - households,A,Annual,PC_HH,Percentage of households,TOTAL,Total,LT,Lithuania,2018,,78.38,,,,,
dataflow,ESTAT:TIN00134(1.0),Level of internet access - households,A,Annual,PC_HH,Percentage of households,TOTAL,Total,LT,Lithuania,2019,,81.52,,,,,
dataflow,ESTAT:TIN00134(1.0),Level of internet access - households,A,Annual,PC_HH,Percentage of households,TOTAL,Total,LT,Lithuania,2020,,82.13,,,,,
dataflow,ESTAT:TIN00134(1.0),Level of internet access - households,A,Annual,PC_HH,Percentage of households,TOTAL,Total,LT,Lithuania,2021,,86.55,,,,,
dataflow,ESTAT:TIN00134(1.0),Level of internet access - households,A,Annual,PC_HH,Percentage of households,TOTAL,Total,LT,Lithuania,2022,,87.71,,,,,
dataflow,ESTAT:TIN00134(1.0),Level of internet access - households,A,Annual,PC_HH,Percentage of households,TOTAL,Total,LT,Lithuania,2023,,88.59,,,,,
dataflow,ESTAT:TIN00134(1.0),Level of internet access - households,A,Annual,PC_HH,Percentage of households,TOTAL,Total,LT,Lithuania,2024,,90.38,,,,,
dataflow,ESTAT:TIN00134(1.0),Level of internet access - households,A,Annual,PC_HH,Percentage of households,TOTAL,Total,LT,Lithuania,2025,,89.35,,,,,
dataflow,ESTAT:TIN00134(1.0),Level of internet access - households,A,Annual,PC_HH,Percentage of households,TOTAL,Total,LU,Luxembourg,2014,,95.56,,,,,
dataflow,ESTAT:TIN00134(1.0),Level of internet access - households,A,Annual,PC_HH,Percentage of households,TOTAL,Total,LU,Luxembourg,2015,,96.78,,,,,
dataflow,ESTAT:TIN00134(1.0),Level of internet access - households,A,Annual,PC_HH,Percentage of households,TOTAL,Total,LU,Luxembourg,2016,,97.04,,,,,
dataflow,ESTAT:TIN00134(1.0),Level of internet access - households,A,Annual,PC_HH,Percentage of households,TOTAL,Total,LU,Luxembourg,2017,,97.23,,,,,
dataflow,ESTAT:TIN00134(1.0),Level of internet access - households,A,Annual,PC_HH,Percentage of households,TOTAL,Total,LU,Luxembourg,2018,,92.99,,b,break in time series,,
dataflow,ESTAT:TIN00134(1.0),Level of internet access - households,A,Annual,PC_HH,Percentage of households,TOTAL,Total,LU,Luxembourg,2019,,95.20,,,,,
dataflow,ESTAT:TIN00134(1.0),Level of internet access - households,A,Annual,PC_HH,Percentage of households,TOTAL,Total,LU,Luxembourg,2020,,93.57,,,,,
dataflow,ESTAT:TIN00134(1.0),Level of internet access - households,A,Annual,PC_HH,Percentage of households,TOTAL,Total,LU,Luxembourg,2021,,99.18,,,,,
dataflow,ESTAT:TIN00134(1.0),Level of internet access - households,A,Annual,PC_HH,Percentage of households,TOTAL,Total,LU,Luxembourg,2022,,97.64,,,,,
dataflow,ESTAT:TIN00134(1.0),Level of internet access - households,A,Annual,PC_HH,Percentage of households,TOTAL,Total,LU,Luxembourg,2023,,99.06,,,,,
dataflow,ESTAT:TIN00134(1.0),Level of internet access - households,A,Annual,PC_HH,Percentage of households,TOTAL,Total,LU,Luxembourg,2024,,98.84,,,,,
dataflow,ESTAT:TIN00134(1.0),Level of internet access - households,A,Annual,PC_HH,Percentage of households,TOTAL,Total,LU,Luxembourg,2025,,99.07,,,,,
dataflow,ESTAT:TIN00134(1.0),Level of internet access - households,A,Annual,PC_HH,Percentage of households,TOTAL,Total,LV,Latvia,2014,,73.38,,,,,
dataflow,ESTAT:TIN00134(1.0),Level of internet access - households,A,Annual,PC_HH,Percentage of households,TOTAL,Total,LV,Latvia,2015,,76.00,,,,,
dataflow,ESTAT:TIN00134(1.0),Level of internet access - households,A,Annual,PC_HH,Percentage of households,TOTAL,Total,LV,Latvia,2016,,77.34,,b,break in time series,,
dataflow,ESTAT:TIN00134(1.0),Level of internet access - households,A,Annual,PC_HH,Percentage of households,TOTAL,Total,LV,Latvia,2017,,78.61,,,,,
dataflow,ESTAT:TIN00134(1.0),Level of internet access - households,A,Annual,PC_HH,Percentage of households,TOTAL,Total,LV,Latvia,2018,,81.58,,,,,
dataflow,ESTAT:TIN00134(1.0),Level of internet access - households,A,Annual,PC_HH,Percentage of households,TOTAL,Total,LV,Latvia,2019,,85.45,,,,,
dataflow,ESTAT:TIN00134(1.0),Level of internet access - households,A,Annual,PC_HH,Percentage of households,TOTAL,Total,LV,Latvia,2020,,89.73,,,,,
dataflow,ESTAT:TIN00134(1.0),Level of internet access - households,A,Annual,PC_HH,Percentage of households,TOTAL,Total,LV,Latvia,2021,,91.15,,,,,
dataflow,ESTAT:TIN00134(1.0),Level of internet access - households,A,Annual,PC_HH,Percentage of households,TOTAL,Total,LV,Latvia,2022,,91.39,,,,,
dataflow,ESTAT:TIN00134(1.0),Level of internet access - households,A,Annual,PC_HH,Percentage of households,TOTAL,Total,LV,Latvia,2023,,93.07,,,,,
dataflow,ESTAT:TIN00134(1.0),Level of internet access - households,A,Annual,PC_HH,Percentage of households,TOTAL,Total,LV,Latvia,2024,,94.33,,,,,
dataflow,ESTAT:TIN00134(1.0),Level of internet access - households,A,Annual,PC_HH,Percentage of households,TOTAL,Total,LV,Latvia,2025,,94.08,,,,,
dataflow,ESTAT:TIN00134(1.0),Level of internet access - households,A,Annual,PC_HH,Percentage of households,TOTAL,Total,ME,Montenegro,2017,,70.57,,,,,
dataflow,ESTAT:TIN00134(1.0),Level of internet access - households,A,Annual,PC_HH,Percentage of households,TOTAL,Total,ME,Montenegro,2018,,72.18,,,,,
dataflow,ESTAT:TIN00134(1.0),Level of internet access - households,A,Annual,PC_HH,Percentage of households,TOTAL,Total,ME,Montenegro,2019,,74.25,,,,,
dataflow,ESTAT:TIN00134(1.0),Level of internet access - households,A,Annual,PC_HH,Percentage of households,TOTAL,Total,ME,Montenegro,2020,,80.26,,,,,
dataflow,ESTAT:TIN00134(1.0),Level of internet access - households,A,Annual,PC_HH,Percentage of households,TOTAL,Total,ME,Montenegro,2021,,80.76,,,,,
dataflow,ESTAT:TIN00134(1.0),Level of internet access - households,A,Annual,PC_HH,Percentage of households,TOTAL,Total,ME,Montenegro,2022,,80.96,,,,,
dataflow,ESTAT:TIN00134(1.0),Level of internet access - households,A,Annual,PC_HH,Percentage of households,TOTAL,Total,ME,Montenegro,2023,,81.28,,,,,
dataflow,ESTAT:TIN00134(1.0),Level of internet access - households,A,Annual,PC_HH,Percentage of households,TOTAL,Total,ME,Montenegro,2024,,84.50,,,,,
dataflow,ESTAT:TIN00134(1.0),Level of internet access - households,A,Annual,PC_HH,Percentage of households,TOTAL,Total,ME,Montenegro,2025,,88.07,,,,,
dataflow,ESTAT:TIN00134(1.0),Level of internet access - households,A,Annual,PC_HH,Percentage of households,TOTAL,Total,MK,North Macedonia,2014,,68.34,,,,,
dataflow,ESTAT:TIN00134(1.0),Level of internet access - households,A,Annual,PC_HH,Percentage of households,TOTAL,Total,MK,North Macedonia,2015,,69.38,,,,,
dataflow,ESTAT:TIN00134(1.0),Level of internet access - households,A,Annual,PC_HH,Percentage of households,TOTAL,Total,MK,North Macedonia,2016,,75.29,,,,,
dataflow,ESTAT:TIN00134(1.0),Level of internet access - households,A,Annual,PC_HH,Percentage of households,TOTAL,Total,MK,North Macedonia,2017,,73.58,,,,,
dataflow,ESTAT:TIN00134(1.0),Level of internet access - households,A,Annual,PC_HH,Percentage of households,TOTAL,Total,MK,North Macedonia,2018,,79.32,,,,,
dataflow,ESTAT:TIN00134(1.0),Level of internet access - households,A,Annual,PC_HH,Percentage of households,TOTAL,Total,MK,North Macedonia,2019,,81.62,,,,,
dataflow,ESTAT:TIN00134(1.0),Level of internet access - households,A,Annual,PC_HH,Percentage of households,TOTAL,Total,MK,North Macedonia,2020,,79.39,,,,,
dataflow,ESTAT:TIN00134(1.0),Level of internet access - households,A,Annual,PC_HH,Percentage of households,TOTAL,Total,MK,North Macedonia,2021,,83.74,,,,,
dataflow,ESTAT:TIN00134(1.0),Level of internet access - households,A,Annual,PC_HH,Percentage of households,TOTAL,Total,MK,North Macedonia,2024,,90.81,,,,,
dataflow,ESTAT:TIN00134(1.0),Level of internet access - households,A,Annual,PC_HH,Percentage of households,TOTAL,Total,MK,North Macedonia,2025,,91.21,,,,,
dataflow,ESTAT:TIN00134(1.0),Level of internet access - households,A,Annual,PC_HH,Percentage of households,TOTAL,Total,MT,Malta,2014,,80.32,,,,,
dataflow,ESTAT:TIN00134(1.0),Level of internet access - households,A,Annual,PC_HH,Percentage of households,TOTAL,Total,MT,Malta,2015,,81.00,,,,,
dataflow,ESTAT:TIN00134(1.0),Level of internet access - households,A,Annual,PC_HH,Percentage of households,TOTAL,Total,MT,Malta,2016,,81.41,,,,,
dataflow,ESTAT:TIN00134(1.0),Level of internet access - households,A,Annual,PC_HH,Percentage of households,TOTAL,Total,MT,Malta,2017,,84.77,,,,,
dataflow,ESTAT:TIN00134(1.0),Level of internet access - households,A,Annual,PC_HH,Percentage of households,TOTAL,Total,MT,Malta,2018,,84.14,,,,,
dataflow,ESTAT:TIN00134(1.0),Level of internet access - households,A,Annual,PC_HH,Percentage of households,TOTAL,Total,MT,Malta,2019,,86.08,,,,,
dataflow,ESTAT:TIN00134(1.0),Level of internet access - households,A,Annual,PC_HH,Percentage of households,TOTAL,Total,MT,Malta,2020,,90.36,,,,,
dataflow,ESTAT:TIN00134(1.0),Level of internet access - households,A,Annual,PC_HH,Percentage of households,TOTAL,Total,MT,Malta,2021,,90.54,,,,,
dataflow,ESTAT:TIN00134(1.0),Level of internet access - households,A,Annual,PC_HH,Percentage of households,TOTAL,Total,MT,Malta,2022,,93.39,,,,,
dataflow,ESTAT:TIN00134(1.0),Level of internet access - households,A,Annual,PC_HH,Percentage of households,TOTAL,Total,MT,Malta,2023,,93.54,,,,,
dataflow,ESTAT:TIN00134(1.0),Level of internet access - households,A,Annual,PC_HH,Percentage of households,TOTAL,Total,MT,Malta,2024,,95.58,,,,,
dataflow,ESTAT:TIN00134(1.0),Level of internet access - households,A,Annual,PC_HH,Percentage of households,TOTAL,Total,MT,Malta,2025,,97.77,,,,,
dataflow,ESTAT:TIN00134(1.0),Level of internet access - households,A,Annual,PC_HH,Percentage of households,TOTAL,Total,NL,Netherlands,2014,,95.78,,,,,
dataflow,ESTAT:TIN00134(1.0),Level of internet access - households,A,Annual,PC_HH,Percentage of households,TOTAL,Total,NL,Netherlands,2015,,95.97,,,,,
dataflow,ESTAT:TIN00134(1.0),Level of internet access - households,A,Annual,PC_HH,Percentage of households,TOTAL,Total,NL,Netherlands,2016,,96.66,,,,,
dataflow,ESTAT:TIN00134(1.0),Level of internet access - households,A,Annual,PC_HH,Percentage of households,TOTAL,Total,NL,Netherlands,2017,,98.23,,,,,
dataflow,ESTAT:TIN00134(1.0),Level of internet access - households,A,Annual,PC_HH,Percentage of households,TOTAL,Total,NL,Netherlands,2018,,98.00,,,,,
dataflow,ESTAT:TIN00134(1.0),Level of internet access - households,A,Annual,PC_HH,Percentage of households,TOTAL,Total,NL,Netherlands,2019,,98.41,,,,,
dataflow,ESTAT:TIN00134(1.0),Level of internet access - households,A,Annual,PC_HH,Percentage of households,TOTAL,Total,NL,Netherlands,2020,,96.95,,,,,
dataflow,ESTAT:TIN00134(1.0),Level of internet access - households,A,Annual,PC_HH,Percentage of households,TOTAL,Total,NL,Netherlands,2021,,98.56,,,,,
dataflow,ESTAT:TIN00134(1.0),Level of internet access - households,A,Annual,PC_HH,Percentage of households,TOTAL,Total,NL,Netherlands,2022,,98.28,,,,,
dataflow,ESTAT:TIN00134(1.0),Level of internet access - households,A,Annual,PC_HH,Percentage of households,TOTAL,Total,NL,Netherlands,2023,,98.86,,,,,
dataflow,ESTAT:TIN00134(1.0),Level of internet access - households,A,Annual,PC_HH,Percentage of households,TOTAL,Total,NL,Netherlands,2024,,99.04,,,,,
dataflow,ESTAT:TIN00134(1.0),Level of internet access - households,A,Annual,PC_HH,Percentage of households,TOTAL,Total,NL,Netherlands,2025,,99.28,,,,,
dataflow,ESTAT:TIN00134(1.0),Level of internet access - households,A,Annual,PC_HH,Percentage of households,TOTAL,Total,NO,Norway,2014,,93.07,,,,,
dataflow,ESTAT:TIN00134(1.0),Level of internet access - households,A,Annual,PC_HH,Percentage of households,TOTAL,Total,NO,Norway,2015,,96.60,,,,,
dataflow,ESTAT:TIN00134(1.0),Level of internet access - households,A,Annual,PC_HH,Percentage of households,TOTAL,Total,NO,Norway,2016,,97.05,,,,,
dataflow,ESTAT:TIN00134(1.0),Level of internet access - households,A,Annual,PC_HH,Percentage of households,TOTAL,Total,NO,Norway,2017,,96.65,,,,,
dataflow,ESTAT:TIN00134(1.0),Level of internet access - households,A,Annual,PC_HH,Percentage of households,TOTAL,Total,NO,Norway,2018,,96.01,,,,,
dataflow,ESTAT:TIN00134(1.0),Level of internet access - households,A,Annual,PC_HH,Percentage of households,TOTAL,Total,NO,Norway,2019,,98.38,,,,,
dataflow,ESTAT:TIN00134(1.0),Level of internet access - households,A,Annual,PC_HH,Percentage of households,TOTAL,Total,NO,Norway,2020,,96.20,,,,,
dataflow,ESTAT:TIN00134(1.0),Level of internet access - households,A,Annual,PC_HH,Percentage of households,TOTAL,Total,NO,Norway,2021,,98.93,,,,,
dataflow,ESTAT:TIN00134(1.0),Level of internet access - households,A,Annual,PC_HH,Percentage of households,TOTAL,Total,NO,Norway,2022,,99.01,,,,,
dataflow,ESTAT:TIN00134(1.0),Level of internet access - households,A,Annual,PC_HH,Percentage of households,TOTAL,Total,NO,Norway,2023,,99.01,,,,,
dataflow,ESTAT:TIN00134(1.0),Level of internet access - households,A,Annual,PC_HH,Percentage of households,TOTAL,Total,NO,Norway,2024,,98.10,,,,,
dataflow,ESTAT:TIN00134(1.0),Level of internet access - households,A,Annual,PC_HH,Percentage of households,TOTAL,Total,NO,Norway,2025,,99.04,,,,,
dataflow,ESTAT:TIN00134(1.0),Level of internet access - households,A,Annual,PC_HH,Percentage of households,TOTAL,Total,PL,Poland,2014,,74.76,,,,,
dataflow,ESTAT:TIN00134(1.0),Level of internet access - households,A,Annual,PC_HH,Percentage of households,TOTAL,Total,PL,Poland,2015,,75.78,,,,,
dataflow,ESTAT:TIN00134(1.0),Level of internet access - households,A,Annual,PC_HH,Percentage of households,TOTAL,Total,PL,Poland,2016,,80.45,,,,,
dataflow,ESTAT:TIN00134(1.0),Level of internet access - households,A,Annual,PC_HH,Percentage of households,TOTAL,Total,PL,Poland,2017,,81.88,,,,,
dataflow,ESTAT:TIN00134(1.0),Level of internet access - households,A,Annual,PC_HH,Percentage of households,TOTAL,Total,PL,Poland,2018,,84.19,,,,,
dataflow,ESTAT:TIN00134(1.0),Level of internet access - households,A,Annual,PC_HH,Percentage of households,TOTAL,Total,PL,Poland,2019,,86.75,,,,,
dataflow,ESTAT:TIN00134(1.0),Level of internet access - households,A,Annual,PC_HH,Percentage of households,TOTAL,Total,PL,Poland,2020,,90.38,,,,,
dataflow,ESTAT:TIN00134(1.0),Level of internet access - households,A,Annual,PC_HH,Percentage of households,TOTAL,Total,PL,Poland,2021,,92.42,,,,,
dataflow,ESTAT:TIN00134(1.0),Level of internet access - households,A,Annual,PC_HH,Percentage of households,TOTAL,Total,PL,Poland,2022,,93.33,,,,,
dataflow,ESTAT:TIN00134(1.0),Level of internet access - households,A,Annual,PC_HH,Percentage of households,TOTAL,Total,PL,Poland,2023,,93.30,,,,,
dataflow,ESTAT:TIN00134(1.0),Level of internet access - households,A,Annual,PC_HH,Percentage of households,TOTAL,Total,PL,Poland,2024,,95.89,,,,,
dataflow,ESTAT:TIN00134(1.0),Level of internet access - households,A,Annual,PC_HH,Percentage of households,TOTAL,Total,PL,Poland,2025,,96.20,,,,,
dataflow,ESTAT:TIN00134(1.0),Level of internet access - households,A,Annual,PC_HH,Percentage of households,TOTAL,Total,PT,Portugal,2014,,64.87,,,,,
dataflow,ESTAT:TIN00134(1.0),Level of internet access - households,A,Annual,PC_HH,Percentage of households,TOTAL,Total,PT,Portugal,2015,,70.23,,,,,
dataflow,ESTAT:TIN00134(1.0),Level of internet access - households,A,Annual,PC_HH,Percentage of households,TOTAL,Total,PT,Portugal,2016,,74.05,,,,,
dataflow,ESTAT:TIN00134(1.0),Level of internet access - households,A,Annual,PC_HH,Percentage of households,TOTAL,Total,PT,Portugal,2017,,76.94,,,,,
dataflow,ESTAT:TIN00134(1.0),Level of internet access - households,A,Annual,PC_HH,Percentage of households,TOTAL,Total,PT,Portugal,2018,,79.43,,,,,
dataflow,ESTAT:TIN00134(1.0),Level of internet access - households,A,Annual,PC_HH,Percentage of households,TOTAL,Total,PT,Portugal,2019,,80.94,,,,,
dataflow,ESTAT:TIN00134(1.0),Level of internet access - households,A,Annual,PC_HH,Percentage of households,TOTAL,Total,PT,Portugal,2020,,84.49,,,,,
dataflow,ESTAT:TIN00134(1.0),Level of internet access - households,A,Annual,PC_HH,Percentage of households,TOTAL,Total,PT,Portugal,2021,,87.34,,,,,
dataflow,ESTAT:TIN00134(1.0),Level of internet access - households,A,Annual,PC_HH,Percentage of households,TOTAL,Total,PT,Portugal,2022,,88.15,,,,,
dataflow,ESTAT:TIN00134(1.0),Level of internet access - households,A,Annual,PC_HH,Percentage of households,TOTAL,Total,PT,Portugal,2023,,89.01,,,,,
dataflow,ESTAT:TIN00134(1.0),Level of internet access - households,A,Annual,PC_HH,Percentage of households,TOTAL,Total,PT,Portugal,2024,,90.60,,,,,
dataflow,ESTAT:TIN00134(1.0),Level of internet access - households,A,Annual,PC_HH,Percentage of households,TOTAL,Total,PT,Portugal,2025,,91.08,,,,,
dataflow,ESTAT:TIN00134(1.0),Level of internet access - households,A,Annual,PC_HH,Percentage of households,TOTAL,Total,RO,Romania,2014,,60.54,,b,break in time series,,
dataflow,ESTAT:TIN00134(1.0),Level of internet access - households,A,Annual,PC_HH,Percentage of households,TOTAL,Total,RO,Romania,2015,,67.71,,,,,
dataflow,ESTAT:TIN00134(1.0),Level of internet access - households,A,Annual,PC_HH,Percentage of households,TOTAL,Total,RO,Romania,2016,,72.40,,,,,
dataflow,ESTAT:TIN00134(1.0),Level of internet access - households,A,Annual,PC_HH,Percentage of households,TOTAL,Total,RO,Romania,2017,,76.45,,,,,
dataflow,ESTAT:TIN00134(1.0),Level of internet access - households,A,Annual,PC_HH,Percentage of households,TOTAL,Total,RO,Romania,2018,,80.89,,,,,
dataflow,ESTAT:TIN00134(1.0),Level of internet access - households,A,Annual,PC_HH,Percentage of households,TOTAL,Total,RO,Romania,2019,,83.61,,,,,
dataflow,ESTAT:TIN00134(1.0),Level of internet access - households,A,Annual,PC_HH,Percentage of households,TOTAL,Total,RO,Romania,2020,,86.24,,,,,
dataflow,ESTAT:TIN00134(1.0),Level of internet access - households,A,Annual,PC_HH,Percentage of households,TOTAL,Total,RO,Romania,2021,,88.74,,,,,
dataflow,ESTAT:TIN00134(1.0),Level of internet access - households,A,Annual,PC_HH,Percentage of households,TOTAL,Total,RO,Romania,2022,,89.41,,,,,
dataflow,ESTAT:TIN00134(1.0),Level of internet access - households,A,Annual,PC_HH,Percentage of households,TOTAL,Total,RO,Romania,2023,,92.00,,,,,
dataflow,ESTAT:TIN00134(1.0),Level of internet access - households,A,Annual,PC_HH,Percentage of households,TOTAL,Total,RO,Romania,2024,,94.57,,,,,
dataflow,ESTAT:TIN00134(1.0),Level of internet access - households,A,Annual,PC_HH,Percentage of households,TOTAL,Total,RO,Romania,2025,,95.47,,,,,
dataflow,ESTAT:TIN00134(1.0),Level of internet access - households,A,Annual,PC_HH,Percentage of households,TOTAL,Total,RS,Serbia,2015,,63.76,,,,,
dataflow,ESTAT:TIN00134(1.0),Level of internet access - households,A,Annual,PC_HH,Percentage of households,TOTAL,Total,RS,Serbia,2017,,68.03,,,,,
dataflow,ESTAT:TIN00134(1.0),Level of internet access - households,A,Annual,PC_HH,Percentage of households,TOTAL,Total,RS,Serbia,2018,,72.91,,,,,
dataflow,ESTAT:TIN00134(1.0),Level of internet access - households,A,Annual,PC_HH,Percentage of households,TOTAL,Total,RS,Serbia,2019,,80.14,,,,,
dataflow,ESTAT:TIN00134(1.0),Level of internet access - households,A,Annual,PC_HH,Percentage of households,TOTAL,Total,RS,Serbia,2020,,80.95,,,,,
dataflow,ESTAT:TIN00134(1.0),Level of internet access - households,A,Annual,PC_HH,Percentage of households,TOTAL,Total,RS,Serbia,2021,,81.51,,,,,
dataflow,ESTAT:TIN00134(1.0),Level of internet access - households,A,Annual,PC_HH,Percentage of households,TOTAL,Total,RS,Serbia,2022,,83.24,,,,,
dataflow,ESTAT:TIN00134(1.0),Level of internet access - households,A,Annual,PC_HH,Percentage of households,TOTAL,Total,RS,Serbia,2023,,85.39,,,,,
dataflow,ESTAT:TIN00134(1.0),Level of internet access - households,A,Annual,PC_HH,Percentage of households,TOTAL,Total,RS,Serbia,2024,,88.85,,,,,
dataflow,ESTAT:TIN00134(1.0),Level of internet access - households,A,Annual,PC_HH,Percentage of households,TOTAL,Total,RS,Serbia,2025,,90.09,,,,,
dataflow,ESTAT:TIN00134(1.0),Level of internet access - households,A,Annual,PC_HH,Percentage of households,TOTAL,Total,SE,Sweden,2014,,89.57,,,,,
dataflow,ESTAT:TIN00134(1.0),Level of internet access - households,A,Annual,PC_HH,Percentage of households,TOTAL,Total,SE,Sweden,2015,,91.03,,,,,
dataflow,ESTAT:TIN00134(1.0),Level of internet access - households,A,Annual,PC_HH,Percentage of households,TOTAL,Total,SE,Sweden,2016,,93.80,,b,break in time series,,
dataflow,ESTAT:TIN00134(1.0),Level of internet access - households,A,Annual,PC_HH,Percentage of households,TOTAL,Total,SE,Sweden,2017,,94.73,,,,,
dataflow,ESTAT:TIN00134(1.0),Level of internet access - households,A,Annual,PC_HH,Percentage of households,TOTAL,Total,SE,Sweden,2018,,93.42,,,,,
dataflow,ESTAT:TIN00134(1.0),Level of internet access - households,A,Annual,PC_HH,Percentage of households,TOTAL,Total,SE,Sweden,2019,,96.06,,,,,
dataflow,ESTAT:TIN00134(1.0),Level of internet access - households,A,Annual,PC_HH,Percentage of households,TOTAL,Total,SE,Sweden,2020,,93.94,,,,,
dataflow,ESTAT:TIN00134(1.0),Level of internet access - households,A,Annual,PC_HH,Percentage of households,TOTAL,Total,SE,Sweden,2021,,93.23,,,,,
dataflow,ESTAT:TIN00134(1.0),Level of internet access - households,A,Annual,PC_HH,Percentage of households,TOTAL,Total,SE,Sweden,2022,,94.33,,,,,
dataflow,ESTAT:TIN00134(1.0),Level of internet access - households,A,Annual,PC_HH,Percentage of households,TOTAL,Total,SE,Sweden,2023,,94.87,,,,,
dataflow,ESTAT:TIN00134(1.0),Level of internet access - households,A,Annual,PC_HH,Percentage of households,TOTAL,Total,SE,Sweden,2024,,95.43,,,,,
dataflow,ESTAT:TIN00134(1.0),Level of internet access - households,A,Annual,PC_HH,Percentage of households,TOTAL,Total,SE,Sweden,2025,,95.72,,,,,
dataflow,ESTAT:TIN00134(1.0),Level of internet access - households,A,Annual,PC_HH,Percentage of households,TOTAL,Total,SI,Slovenia,2014,,76.80,,,,,
dataflow,ESTAT:TIN00134(1.0),Level of internet access - households,A,Annual,PC_HH,Percentage of households,TOTAL,Total,SI,Slovenia,2015,,77.64,,,,,
dataflow,ESTAT:TIN00134(1.0),Level of internet access - households,A,Annual,PC_HH,Percentage of households,TOTAL,Total,SI,Slovenia,2016,,78.42,,,,,
dataflow,ESTAT:TIN00134(1.0),Level of internet access - households,A,Annual,PC_HH,Percentage of households,TOTAL,Total,SI,Slovenia,2017,,81.74,,,,,
dataflow,ESTAT:TIN00134(1.0),Level of internet access - households,A,Annual,PC_HH,Percentage of households,TOTAL,Total,SI,Slovenia,2018,,86.68,,,,,
dataflow,ESTAT:TIN00134(1.0),Level of internet access - households,A,Annual,PC_HH,Percentage of households,TOTAL,Total,SI,Slovenia,2019,,88.96,,,,,
dataflow,ESTAT:TIN00134(1.0),Level of internet access - households,A,Annual,PC_HH,Percentage of households,TOTAL,Total,SI,Slovenia,2020,,89.97,,,,,
dataflow,ESTAT:TIN00134(1.0),Level of internet access - households,A,Annual,PC_HH,Percentage of households,TOTAL,Total,SI,Slovenia,2021,,93.04,,,,,
dataflow,ESTAT:TIN00134(1.0),Level of internet access - households,A,Annual,PC_HH,Percentage of households,TOTAL,Total,SI,Slovenia,2022,,92.60,,,,,
dataflow,ESTAT:TIN00134(1.0),Level of internet access - households,A,Annual,PC_HH,Percentage of households,TOTAL,Total,SI,Slovenia,2023,,93.72,,,,,
dataflow,ESTAT:TIN00134(1.0),Level of internet access - households,A,Annual,PC_HH,Percentage of households,TOTAL,Total,SI,Slovenia,2024,,94.13,,,,,
dataflow,ESTAT:TIN00134(1.0),Level of internet access - households,A,Annual,PC_HH,Percentage of households,TOTAL,Total,SI,Slovenia,2025,,93.53,,,,,
dataflow,ESTAT:TIN00134(1.0),Level of internet access - households,A,Annual,PC_HH,Percentage of households,TOTAL,Total,SK,Slovakia,2014,,78.35,,,,,
dataflow,ESTAT:TIN00134(1.0),Level of internet access - households,A,Annual,PC_HH,Percentage of households,TOTAL,Total,SK,Slovakia,2015,,79.48,,,,,
dataflow,ESTAT:TIN00134(1.0),Level of internet access - households,A,Annual,PC_HH,Percentage of households,TOTAL,Total,SK,Slovakia,2016,,80.52,,,,,
dataflow,ESTAT:TIN00134(1.0),Level of internet access - households,A,Annual,PC_HH,Percentage of households,TOTAL,Total,SK,Slovakia,2017,,81.33,,,,,
dataflow,ESTAT:TIN00134(1.0),Level of internet access - households,A,Annual,PC_HH,Percentage of households,TOTAL,Total,SK,Slovakia,2018,,80.84,,,,,
dataflow,ESTAT:TIN00134(1.0),Level of internet access - households,A,Annual,PC_HH,Percentage of households,TOTAL,Total,SK,Slovakia,2019,,82.19,,,,,
dataflow,ESTAT:TIN00134(1.0),Level of internet access - households,A,Annual,PC_HH,Percentage of households,TOTAL,Total,SK,Slovakia,2020,,85.78,,,,,
dataflow,ESTAT:TIN00134(1.0),Level of internet access - households,A,Annual,PC_HH,Percentage of households,TOTAL,Total,SK,Slovakia,2021,,89.96,,,,,
dataflow,ESTAT:TIN00134(1.0),Level of internet access - households,A,Annual,PC_HH,Percentage of households,TOTAL,Total,SK,Slovakia,2022,,90.65,,,,,
dataflow,ESTAT:TIN00134(1.0),Level of internet access - households,A,Annual,PC_HH,Percentage of households,TOTAL,Total,SK,Slovakia,2023,,90.60,,,,,
dataflow,ESTAT:TIN00134(1.0),Level of internet access - households,A,Annual,PC_HH,Percentage of households,TOTAL,Total,SK,Slovakia,2024,,90.54,,,,,
dataflow,ESTAT:TIN00134(1.0),Level of internet access - households,A,Annual,PC_HH,Percentage of households,TOTAL,Total,SK,Slovakia,2025,,92.49,,,,,
dataflow,ESTAT:TIN00134(1.0),Level of internet access - households,A,Annual,PC_HH,Percentage of households,TOTAL,Total,TR,Türkiye,2014,,60.24,,,,,
dataflow,ESTAT:TIN00134(1.0),Level of internet access - households,A,Annual,PC_HH,Percentage of households,TOTAL,Total,TR,Türkiye,2015,,69.54,,,,,
dataflow,ESTAT:TIN00134(1.0),Level of internet access - households,A,Annual,PC_HH,Percentage of households,TOTAL,Total,TR,Türkiye,2016,,76.34,,,,,
dataflow,ESTAT:TIN00134(1.0),Level of internet access - households,A,Annual,PC_HH,Percentage of households,TOTAL,Total,TR,Türkiye,2017,,80.74,,,,,
dataflow,ESTAT:TIN00134(1.0),Level of internet access - households,A,Annual,PC_HH,Percentage of households,TOTAL,Total,TR,Türkiye,2018,,83.79,,,,,
dataflow,ESTAT:TIN00134(1.0),Level of internet access - households,A,Annual,PC_HH,Percentage of households,TOTAL,Total,TR,Türkiye,2019,,88.30,,,,,
dataflow,ESTAT:TIN00134(1.0),Level of internet access - households,A,Annual,PC_HH,Percentage of households,TOTAL,Total,TR,Türkiye,2020,,90.73,,,,,
dataflow,ESTAT:TIN00134(1.0),Level of internet access - households,A,Annual,PC_HH,Percentage of households,TOTAL,Total,TR,Türkiye,2021,,91.98,,,,,
dataflow,ESTAT:TIN00134(1.0),Level of internet access - households,A,Annual,PC_HH,Percentage of households,TOTAL,Total,TR,Türkiye,2022,,94.15,,,,,
dataflow,ESTAT:TIN00134(1.0),Level of internet access - households,A,Annual,PC_HH,Percentage of households,TOTAL,Total,TR,Türkiye,2023,,95.54,,,,,
dataflow,ESTAT:TIN00134(1.0),Level of internet access - households,A,Annual,PC_HH,Percentage of households,TOTAL,Total,TR,Türkiye,2024,,96.45,,,,,
dataflow,ESTAT:TIN00134(1.0),Level of internet access - households,A,Annual,PC_HH,Percentage of households,TOTAL,Total,TR,Türkiye,2025,,96.18,,,,,
dataflow,ESTAT:TIN00134(1.0),Level of internet access - households,A,Annual,PC_HH,Percentage of households,TOTAL,Total,UK,United Kingdom,2014,,90.34,,,,,
dataflow,ESTAT:TIN00134(1.0),Level of internet access - households,A,Annual,PC_HH,Percentage of households,TOTAL,Total,UK,United Kingdom,2015,,91.25,,,,,
dataflow,ESTAT:TIN00134(1.0),Level of internet access - households,A,Annual,PC_HH,Percentage of households,TOTAL,Total,UK,United Kingdom,2016,,93.48,,,,,
dataflow,ESTAT:TIN00134(1.0),Level of internet access - households,A,Annual,PC_HH,Percentage of households,TOTAL,Total,UK,United Kingdom,2017,,93.99,,,,,
dataflow,ESTAT:TIN00134(1.0),Level of internet access - households,A,Annual,PC_HH,Percentage of households,TOTAL,Total,UK,United Kingdom,2018,,94.85,,,,,
dataflow,ESTAT:TIN00134(1.0),Level of internet access - households,A,Annual,PC_HH,Percentage of households,TOTAL,Total,UK,United Kingdom,2019,,95.85,,,,,
dataflow,ESTAT:TIN00134(1.0),Level of internet access - households,A,Annual,PC_HH,Percentage of households,TOTAL,Total,UK,United Kingdom,2020,,97.30,,,,,
dataflow,ESTAT:TIN00134(1.0),Level of internet access - households,A,Annual,PC_HH,Percentage of households,TOTAL,Total,XK,Kosovo*,2017,,88.77,,,,,
dataflow,ESTAT:TIN00134(1.0),Level of internet access - households,A,Annual,PC_HH,Percentage of households,TOTAL,Total,XK,Kosovo*,2018,,93.20,,,,,
dataflow,ESTAT:TIN00134(1.0),Level of internet access - households,A,Annual,PC_HH,Percentage of households,TOTAL,Total,XK,Kosovo*,2019,,93.19,,,,,
dataflow,ESTAT:TIN00134(1.0),Level of internet access - households,A,Annual,PC_HH,Percentage of households,TOTAL,Total,XK,Kosovo*,2020,,96.44,,,,,
dataflow,ESTAT:TIN00134(1.0),Level of internet access - households,A,Annual,PC_HH,Percentage of households,TOTAL,Total,XK,Kosovo*,2024,,99.05,,,,,
dataflow,ESTAT:TIN00134(1.0),Level of internet access - households,A,Annual,PC_HH,Percentage of households,TOTAL,Total,XK,Kosovo*,2025,,99.35,,,,,
