STRUCTURE,STRUCTURE_ID,STRUCTURE_NAME,freq,Time frequency,unit,Unit of measure,sex,Sex,age,Age class,geo,Geopolitical entity (reporting),TIME_PERIOD,Time,OBS_VALUE,Observation value,OBS_FLAG,Observation status (Flag) V2 structure,CONF_STATUS,Confidentiality status (flag)
dataflow,ESTAT:TPS00205(1.0),Life expectancy at birth by sex,A,Annual,YR,Year,T,Total,Y_LT1,Less than 1 year,AL,Albania,2013,,77.9,,,,,
dataflow,ESTAT:TPS00205(1.0),Life expectancy at birth by sex,A,Annual,YR,Year,T,Total,Y_LT1,Less than 1 year,AL,Albania,2014,,78.2,,,,,
dataflow,ESTAT:TPS00205(1.0),Life expectancy at birth by sex,A,Annual,YR,Year,T,Total,Y_LT1,Less than 1 year,AL,Albania,2015,,77.9,,,,,
dataflow,ESTAT:TPS00205(1.0),Life expectancy at birth by sex,A,Annual,YR,Year,T,Total,Y_LT1,Less than 1 year,AL,Albania,2016,,78.5,,,,,
dataflow,ESTAT:TPS00205(1.0),Life expectancy at birth by sex,A,Annual,YR,Year,T,Total,Y_LT1,Less than 1 year,AL,Albania,2017,,78.5,,,,,
dataflow,ESTAT:TPS00205(1.0),Life expectancy at birth by sex,A,Annual,YR,Year,T,Total,Y_LT1,Less than 1 year,AL,Albania,2018,,78.9,,,,,
dataflow,ESTAT:TPS00205(1.0),Life expectancy at birth by sex,A,Annual,YR,Year,T,Total,Y_LT1,Less than 1 year,AL,Albania,2019,,79.1,,,,,
dataflow,ESTAT:TPS00205(1.0),Life expectancy at birth by sex,A,Annual,YR,Year,T,Total,Y_LT1,Less than 1 year,AL,Albania,2020,,77.4,,,,,
dataflow,ESTAT:TPS00205(1.0),Life expectancy at birth by sex,A,Annual,YR,Year,T,Total,Y_LT1,Less than 1 year,AL,Albania,2021,,75.5,,,,,
dataflow,ESTAT:TPS00205(1.0),Life expectancy at birth by sex,A,Annual,YR,Year,T,Total,Y_LT1,Less than 1 year,AL,Albania,2022,,79.1,,,,,
dataflow,ESTAT:TPS00205(1.0),Life expectancy at birth by sex,A,Annual,YR,Year,T,Total,Y_LT1,Less than 1 year,AL,Albania,2024,,80.4,,b,break in time series,,
dataflow,ESTAT:TPS00205(1.0),Life expectancy at birth by sex,A,Annual,YR,Year,T,Total,Y_LT1,Less than 1 year,AM,Armenia,2015,,75.1,,,,,
dataflow,ESTAT:TPS00205(1.0),Life expectancy at birth by sex,A,Annual,YR,Year,T,Total,Y_LT1,Less than 1 year,AM,Armenia,2016,,75.1,,,,,
dataflow,ESTAT:TPS00205(1.0),Life expectancy at birth by sex,A,Annual,YR,Year,T,Total,Y_LT1,Less than 1 year,AM,Armenia,2017,,75.8,,,,,
dataflow,ESTAT:TPS00205(1.0),Life expectancy at birth by sex,A,Annual,YR,Year,T,Total,Y_LT1,Less than 1 year,AM,Armenia,2018,,76.7,,,,,
dataflow,ESTAT:TPS00205(1.0),Life expectancy at birth by sex,A,Annual,YR,Year,T,Total,Y_LT1,Less than 1 year,AM,Armenia,2019,,76.6,,,,,
dataflow,ESTAT:TPS00205(1.0),Life expectancy at birth by sex,A,Annual,YR,Year,T,Total,Y_LT1,Less than 1 year,AT,Austria,2013,,81.3,,,,,
dataflow,ESTAT:TPS00205(1.0),Life expectancy at birth by sex,A,Annual,YR,Year,T,Total,Y_LT1,Less than 1 year,AT,Austria,2014,,81.4,,b,break in time series,,
dataflow,ESTAT:TPS00205(1.0),Life expectancy at birth by sex,A,Annual,YR,Year,T,Total,Y_LT1,Less than 1 year,AT,Austria,2015,,81.2,,,,,
dataflow,ESTAT:TPS00205(1.0),Life expectancy at birth by sex,A,Annual,YR,Year,T,Total,Y_LT1,Less than 1 year,AT,Austria,2016,,81.6,,,,,
dataflow,ESTAT:TPS00205(1.0),Life expectancy at birth by sex,A,Annual,YR,Year,T,Total,Y_LT1,Less than 1 year,AT,Austria,2017,,81.6,,,,,
dataflow,ESTAT:TPS00205(1.0),Life expectancy at birth by sex,A,Annual,YR,Year,T,Total,Y_LT1,Less than 1 year,AT,Austria,2018,,81.7,,,,,
dataflow,ESTAT:TPS00205(1.0),Life expectancy at birth by sex,A,Annual,YR,Year,T,Total,Y_LT1,Less than 1 year,AT,Austria,2019,,81.9,,,,,
dataflow,ESTAT:TPS00205(1.0),Life expectancy at birth by sex,A,Annual,YR,Year,T,Total,Y_LT1,Less than 1 year,AT,Austria,2020,,81.3,,,,,
dataflow,ESTAT:TPS00205(1.0),Life expectancy at birth by sex,A,Annual,YR,Year,T,Total,Y_LT1,Less than 1 year,AT,Austria,2021,,81.3,,,,,
dataflow,ESTAT:TPS00205(1.0),Life expectancy at birth by sex,A,Annual,YR,Year,T,Total,Y_LT1,Less than 1 year,AT,Austria,2022,,81.4,,,,,
dataflow,ESTAT:TPS00205(1.0),Life expectancy at birth by sex,A,Annual,YR,Year,T,Total,Y_LT1,Less than 1 year,AT,Austria,2023,,81.9,,,,,
dataflow,ESTAT:TPS00205(1.0),Life expectancy at birth by sex,A,Annual,YR,Year,T,Total,Y_LT1,Less than 1 year,AT,Austria,2024,,82.1,,,,,
dataflow,ESTAT:TPS00205(1.0),Life expectancy at birth by sex,A,Annual,YR,Year,T,Total,Y_LT1,Less than 1 year,AZ,Azerbaijan,2013,,74.7,,,,,
dataflow,ESTAT:TPS00205(1.0),Life expectancy at birth by sex,A,Annual,YR,Year,T,Total,Y_LT1,Less than 1 year,AZ,Azerbaijan,2014,,74.8,,,,,
dataflow,ESTAT:TPS00205(1.0),Life expectancy at birth by sex,A,Annual,YR,Year,T,Total,Y_LT1,Less than 1 year,AZ,Azerbaijan,2015,,75.3,,,,,
dataflow,ESTAT:TPS00205(1.0),Life expectancy at birth by sex,A,Annual,YR,Year,T,Total,Y_LT1,Less than 1 year,AZ,Azerbaijan,2017,,75.6,,,,,
dataflow,ESTAT:TPS00205(1.0),Life expectancy at birth by sex,A,Annual,YR,Year,T,Total,Y_LT1,Less than 1 year,AZ,Azerbaijan,2018,,76.0,,,,,
dataflow,ESTAT:TPS00205(1.0),Life expectancy at birth by sex,A,Annual,YR,Year,T,Total,Y_LT1,Less than 1 year,AZ,Azerbaijan,2019,,76.6,,,,,
dataflow,ESTAT:TPS00205(1.0),Life expectancy at birth by sex,A,Annual,YR,Year,T,Total,Y_LT1,Less than 1 year,BE,Belgium,2013,,80.7,,,,,
dataflow,ESTAT:TPS00205(1.0),Life expectancy at birth by sex,A,Annual,YR,Year,T,Total,Y_LT1,Less than 1 year,BE,Belgium,2014,,81.1,,b,break in time series,,
dataflow,ESTAT:TPS00205(1.0),Life expectancy at birth by sex,A,Annual,YR,Year,T,Total,Y_LT1,Less than 1 year,BE,Belgium,2015,,80.9,,,,,
dataflow,ESTAT:TPS00205(1.0),Life expectancy at birth by sex,A,Annual,YR,Year,T,Total,Y_LT1,Less than 1 year,BE,Belgium,2016,,81.3,,,,,
dataflow,ESTAT:TPS00205(1.0),Life expectancy at birth by sex,A,Annual,YR,Year,T,Total,Y_LT1,Less than 1 year,BE,Belgium,2017,,81.4,,,,,
dataflow,ESTAT:TPS00205(1.0),Life expectancy at birth by sex,A,Annual,YR,Year,T,Total,Y_LT1,Less than 1 year,BE,Belgium,2018,,81.5,,,,,
dataflow,ESTAT:TPS00205(1.0),Life expectancy at birth by sex,A,Annual,YR,Year,T,Total,Y_LT1,Less than 1 year,BE,Belgium,2019,,81.8,,,,,
dataflow,ESTAT:TPS00205(1.0),Life expectancy at birth by sex,A,Annual,YR,Year,T,Total,Y_LT1,Less than 1 year,BE,Belgium,2020,,80.8,,,,,
dataflow,ESTAT:TPS00205(1.0),Life expectancy at birth by sex,A,Annual,YR,Year,T,Total,Y_LT1,Less than 1 year,BE,Belgium,2021,,81.7,,,,,
dataflow,ESTAT:TPS00205(1.0),Life expectancy at birth by sex,A,Annual,YR,Year,T,Total,Y_LT1,Less than 1 year,BE,Belgium,2022,,81.7,,,,,
dataflow,ESTAT:TPS00205(1.0),Life expectancy at birth by sex,A,Annual,YR,Year,T,Total,Y_LT1,Less than 1 year,BE,Belgium,2023,,82.3,,,,,
dataflow,ESTAT:TPS00205(1.0),Life expectancy at birth by sex,A,Annual,YR,Year,T,Total,Y_LT1,Less than 1 year,BE,Belgium,2024,,82.4,,,,,
dataflow,ESTAT:TPS00205(1.0),Life expectancy at birth by sex,A,Annual,YR,Year,T,Total,Y_LT1,Less than 1 year,BG,Bulgaria,2013,,74.9,,,,,
dataflow,ESTAT:TPS00205(1.0),Life expectancy at birth by sex,A,Annual,YR,Year,T,Total,Y_LT1,Less than 1 year,BG,Bulgaria,2014,,74.4,,b,break in time series,,
dataflow,ESTAT:TPS00205(1.0),Life expectancy at birth by sex,A,Annual,YR,Year,T,Total,Y_LT1,Less than 1 year,BG,Bulgaria,2015,,74.5,,,,,
dataflow,ESTAT:TPS00205(1.0),Life expectancy at birth by sex,A,Annual,YR,Year,T,Total,Y_LT1,Less than 1 year,BG,Bulgaria,2016,,74.7,,,,,
dataflow,ESTAT:TPS00205(1.0),Life expectancy at birth by sex,A,Annual,YR,Year,T,Total,Y_LT1,Less than 1 year,BG,Bulgaria,2017,,74.6,,,,,
dataflow,ESTAT:TPS00205(1.0),Life expectancy at birth by sex,A,Annual,YR,Year,T,Total,Y_LT1,Less than 1 year,BG,Bulgaria,2018,,74.7,,,,,
dataflow,ESTAT:TPS00205(1.0),Life expectancy at birth by sex,A,Annual,YR,Year,T,Total,Y_LT1,Less than 1 year,BG,Bulgaria,2019,,74.8,,,,,
dataflow,ESTAT:TPS00205(1.0),Life expectancy at birth by sex,A,Annual,YR,Year,T,Total,Y_LT1,Less than 1 year,BG,Bulgaria,2020,,73.3,,,,,
dataflow,ESTAT:TPS00205(1.0),Life expectancy at birth by sex,A,Annual,YR,Year,T,Total,Y_LT1,Less than 1 year,BG,Bulgaria,2021,,71.2,,,,,
dataflow,ESTAT:TPS00205(1.0),Life expectancy at birth by sex,A,Annual,YR,Year,T,Total,Y_LT1,Less than 1 year,BG,Bulgaria,2022,,74.1,,,,,
dataflow,ESTAT:TPS00205(1.0),Life expectancy at birth by sex,A,Annual,YR,Year,T,Total,Y_LT1,Less than 1 year,BG,Bulgaria,2023,,75.7,,,,,
dataflow,ESTAT:TPS00205(1.0),Life expectancy at birth by sex,A,Annual,YR,Year,T,Total,Y_LT1,Less than 1 year,BG,Bulgaria,2024,,75.8,,,,,
dataflow,ESTAT:TPS00205(1.0),Life expectancy at birth by sex,A,Annual,YR,Year,T,Total,Y_LT1,Less than 1 year,BY,Belarus,2013,,72.7,,,,,
dataflow,ESTAT:TPS00205(1.0),Life expectancy at birth by sex,A,Annual,YR,Year,T,Total,Y_LT1,Less than 1 year,BY,Belarus,2014,,73.3,,,,,
dataflow,ESTAT:TPS00205(1.0),Life expectancy at birth by sex,A,Annual,YR,Year,T,Total,Y_LT1,Less than 1 year,BY,Belarus,2015,,74.0,,,,,
dataflow,ESTAT:TPS00205(1.0),Life expectancy at birth by sex,A,Annual,YR,Year,T,Total,Y_LT1,Less than 1 year,BY,Belarus,2016,,74.2,,,,,
dataflow,ESTAT:TPS00205(1.0),Life expectancy at birth by sex,A,Annual,YR,Year,T,Total,Y_LT1,Less than 1 year,BY,Belarus,2017,,74.5,,,,,
dataflow,ESTAT:TPS00205(1.0),Life expectancy at birth by sex,A,Annual,YR,Year,T,Total,Y_LT1,Less than 1 year,BY,Belarus,2018,,74.5,,,,,
dataflow,ESTAT:TPS00205(1.0),Life expectancy at birth by sex,A,Annual,YR,Year,T,Total,Y_LT1,Less than 1 year,CH,Switzerland,2013,,82.9,,,,,
dataflow,ESTAT:TPS00205(1.0),Life expectancy at birth by sex,A,Annual,YR,Year,T,Total,Y_LT1,Less than 1 year,CH,Switzerland,2014,,83.1,,b,break in time series,,
dataflow,ESTAT:TPS00205(1.0),Life expectancy at birth by sex,A,Annual,YR,Year,T,Total,Y_LT1,Less than 1 year,CH,Switzerland,2015,,82.9,,,,,
dataflow,ESTAT:TPS00205(1.0),Life expectancy at birth by sex,A,Annual,YR,Year,T,Total,Y_LT1,Less than 1 year,CH,Switzerland,2016,,83.4,,,,,
dataflow,ESTAT:TPS00205(1.0),Life expectancy at birth by sex,A,Annual,YR,Year,T,Total,Y_LT1,Less than 1 year,CH,Switzerland,2017,,83.4,,,,,
dataflow,ESTAT:TPS00205(1.0),Life expectancy at birth by sex,A,Annual,YR,Year,T,Total,Y_LT1,Less than 1 year,CH,Switzerland,2018,,83.6,,,,,
dataflow,ESTAT:TPS00205(1.0),Life expectancy at birth by sex,A,Annual,YR,Year,T,Total,Y_LT1,Less than 1 year,CH,Switzerland,2019,,83.8,,,,,
dataflow,ESTAT:TPS00205(1.0),Life expectancy at birth by sex,A,Annual,YR,Year,T,Total,Y_LT1,Less than 1 year,CH,Switzerland,2020,,83.1,,,,,
dataflow,ESTAT:TPS00205(1.0),Life expectancy at birth by sex,A,Annual,YR,Year,T,Total,Y_LT1,Less than 1 year,CH,Switzerland,2021,,83.6,,,,,
dataflow,ESTAT:TPS00205(1.0),Life expectancy at birth by sex,A,Annual,YR,Year,T,Total,Y_LT1,Less than 1 year,CH,Switzerland,2022,,83.5,,,,,
dataflow,ESTAT:TPS00205(1.0),Life expectancy at birth by sex,A,Annual,YR,Year,T,Total,Y_LT1,Less than 1 year,CH,Switzerland,2023,,84.1,,,,,
dataflow,ESTAT:TPS00205(1.0),Life expectancy at birth by sex,A,Annual,YR,Year,T,Total,Y_LT1,Less than 1 year,CH,Switzerland,2024,,84.2,,,,,
dataflow,ESTAT:TPS00205(1.0),Life expectancy at birth by sex,A,Annual,YR,Year,T,Total,Y_LT1,Less than 1 year,CY,Cyprus,2013,,82.5,,,,,
dataflow,ESTAT:TPS00205(1.0),Life expectancy at birth by sex,A,Annual,YR,Year,T,Total,Y_LT1,Less than 1 year,CY,Cyprus,2014,,82.3,,b,break in time series,,
dataflow,ESTAT:TPS00205(1.0),Life expectancy at birth by sex,A,Annual,YR,Year,T,Total,Y_LT1,Less than 1 year,CY,Cyprus,2015,,81.9,,,,,
dataflow,ESTAT:TPS00205(1.0),Life expectancy at birth by sex,A,Annual,YR,Year,T,Total,Y_LT1,Less than 1 year,CY,Cyprus,2016,,82.8,,,,,
dataflow,ESTAT:TPS00205(1.0),Life expectancy at birth by sex,A,Annual,YR,Year,T,Total,Y_LT1,Less than 1 year,CY,Cyprus,2017,,82.4,,,,,
dataflow,ESTAT:TPS00205(1.0),Life expectancy at birth by sex,A,Annual,YR,Year,T,Total,Y_LT1,Less than 1 year,CY,Cyprus,2018,,83.0,,,,,
dataflow,ESTAT:TPS00205(1.0),Life expectancy at birth by sex,A,Annual,YR,Year,T,Total,Y_LT1,Less than 1 year,CY,Cyprus,2019,,82.6,,,,,
dataflow,ESTAT:TPS00205(1.0),Life expectancy at birth by sex,A,Annual,YR,Year,T,Total,Y_LT1,Less than 1 year,CY,Cyprus,2020,,82.7,,,,,
dataflow,ESTAT:TPS00205(1.0),Life expectancy at birth by sex,A,Annual,YR,Year,T,Total,Y_LT1,Less than 1 year,CY,Cyprus,2021,,81.8,,,,,
dataflow,ESTAT:TPS00205(1.0),Life expectancy at birth by sex,A,Annual,YR,Year,T,Total,Y_LT1,Less than 1 year,CY,Cyprus,2022,,82.2,,,,,
dataflow,ESTAT:TPS00205(1.0),Life expectancy at birth by sex,A,Annual,YR,Year,T,Total,Y_LT1,Less than 1 year,CY,Cyprus,2023,,83.0,,,,,
dataflow,ESTAT:TPS00205(1.0),Life expectancy at birth by sex,A,Annual,YR,Year,T,Total,Y_LT1,Less than 1 year,CY,Cyprus,2024,,83.5,,,,,
dataflow,ESTAT:TPS00205(1.0),Life expectancy at birth by sex,A,Annual,YR,Year,T,Total,Y_LT1,Less than 1 year,CZ,Czechia,2013,,78.3,,,,,
dataflow,ESTAT:TPS00205(1.0),Life expectancy at birth by sex,A,Annual,YR,Year,T,Total,Y_LT1,Less than 1 year,CZ,Czechia,2014,,78.8,,b,break in time series,,
dataflow,ESTAT:TPS00205(1.0),Life expectancy at birth by sex,A,Annual,YR,Year,T,Total,Y_LT1,Less than 1 year,CZ,Czechia,2015,,78.6,,,,,
dataflow,ESTAT:TPS00205(1.0),Life expectancy at birth by sex,A,Annual,YR,Year,T,Total,Y_LT1,Less than 1 year,CZ,Czechia,2016,,79.0,,,,,
dataflow,ESTAT:TPS00205(1.0),Life expectancy at birth by sex,A,Annual,YR,Year,T,Total,Y_LT1,Less than 1 year,CZ,Czechia,2017,,79.0,,,,,
dataflow,ESTAT:TPS00205(1.0),Life expectancy at birth by sex,A,Annual,YR,Year,T,Total,Y_LT1,Less than 1 year,CZ,Czechia,2018,,79.0,,,,,
dataflow,ESTAT:TPS00205(1.0),Life expectancy at birth by sex,A,Annual,YR,Year,T,Total,Y_LT1,Less than 1 year,CZ,Czechia,2019,,79.2,,,,,
dataflow,ESTAT:TPS00205(1.0),Life expectancy at birth by sex,A,Annual,YR,Year,T,Total,Y_LT1,Less than 1 year,CZ,Czechia,2020,,78.3,,,,,
dataflow,ESTAT:TPS00205(1.0),Life expectancy at birth by sex,A,Annual,YR,Year,T,Total,Y_LT1,Less than 1 year,CZ,Czechia,2021,,77.2,,b,break in time series,,
dataflow,ESTAT:TPS00205(1.0),Life expectancy at birth by sex,A,Annual,YR,Year,T,Total,Y_LT1,Less than 1 year,CZ,Czechia,2022,,79.0,,,,,
dataflow,ESTAT:TPS00205(1.0),Life expectancy at birth by sex,A,Annual,YR,Year,T,Total,Y_LT1,Less than 1 year,CZ,Czechia,2023,,79.8,,,,,
dataflow,ESTAT:TPS00205(1.0),Life expectancy at birth by sex,A,Annual,YR,Year,T,Total,Y_LT1,Less than 1 year,CZ,Czechia,2024,,80.1,,,,,
dataflow,ESTAT:TPS00205(1.0),Life expectancy at birth by sex,A,Annual,YR,Year,T,Total,Y_LT1,Less than 1 year,DE,Germany,2013,,80.6,,,,,
dataflow,ESTAT:TPS00205(1.0),Life expectancy at birth by sex,A,Annual,YR,Year,T,Total,Y_LT1,Less than 1 year,DE,Germany,2014,,80.9,,b,break in time series,,
dataflow,ESTAT:TPS00205(1.0),Life expectancy at birth by sex,A,Annual,YR,Year,T,Total,Y_LT1,Less than 1 year,DE,Germany,2015,,80.6,,,,,
dataflow,ESTAT:TPS00205(1.0),Life expectancy at birth by sex,A,Annual,YR,Year,T,Total,Y_LT1,Less than 1 year,DE,Germany,2016,,80.9,,,,,
dataflow,ESTAT:TPS00205(1.0),Life expectancy at birth by sex,A,Annual,YR,Year,T,Total,Y_LT1,Less than 1 year,DE,Germany,2017,,81.0,,,,,
dataflow,ESTAT:TPS00205(1.0),Life expectancy at birth by sex,A,Annual,YR,Year,T,Total,Y_LT1,Less than 1 year,DE,Germany,2018,,80.9,,,,,
dataflow,ESTAT:TPS00205(1.0),Life expectancy at birth by sex,A,Annual,YR,Year,T,Total,Y_LT1,Less than 1 year,DE,Germany,2019,,81.2,,,,,
dataflow,ESTAT:TPS00205(1.0),Life expectancy at birth by sex,A,Annual,YR,Year,T,Total,Y_LT1,Less than 1 year,DE,Germany,2020,,81.0,,,,,
dataflow,ESTAT:TPS00205(1.0),Life expectancy at birth by sex,A,Annual,YR,Year,T,Total,Y_LT1,Less than 1 year,DE,Germany,2021,,80.7,,,,,
dataflow,ESTAT:TPS00205(1.0),Life expectancy at birth by sex,A,Annual,YR,Year,T,Total,Y_LT1,Less than 1 year,DE,Germany,2022,,80.5,,b,break in time series,,
dataflow,ESTAT:TPS00205(1.0),Life expectancy at birth by sex,A,Annual,YR,Year,T,Total,Y_LT1,Less than 1 year,DE,Germany,2023,,80.9,,b,break in time series,,
dataflow,ESTAT:TPS00205(1.0),Life expectancy at birth by sex,A,Annual,YR,Year,T,Total,Y_LT1,Less than 1 year,DE,Germany,2024,,81.2,,,,,
dataflow,ESTAT:TPS00205(1.0),Life expectancy at birth by sex,A,Annual,YR,Year,T,Total,Y_LT1,Less than 1 year,DK,Denmark,2013,,80.4,,,,,
dataflow,ESTAT:TPS00205(1.0),Life expectancy at birth by sex,A,Annual,YR,Year,T,Total,Y_LT1,Less than 1 year,DK,Denmark,2014,,80.6,,b,break in time series,,
dataflow,ESTAT:TPS00205(1.0),Life expectancy at birth by sex,A,Annual,YR,Year,T,Total,Y_LT1,Less than 1 year,DK,Denmark,2015,,80.7,,,,,
dataflow,ESTAT:TPS00205(1.0),Life expectancy at birth by sex,A,Annual,YR,Year,T,Total,Y_LT1,Less than 1 year,DK,Denmark,2016,,80.9,,,,,
dataflow,ESTAT:TPS00205(1.0),Life expectancy at birth by sex,A,Annual,YR,Year,T,Total,Y_LT1,Less than 1 year,DK,Denmark,2017,,81.1,,,,,
dataflow,ESTAT:TPS00205(1.0),Life expectancy at birth by sex,A,Annual,YR,Year,T,Total,Y_LT1,Less than 1 year,DK,Denmark,2018,,81.0,,,,,
dataflow,ESTAT:TPS00205(1.0),Life expectancy at birth by sex,A,Annual,YR,Year,T,Total,Y_LT1,Less than 1 year,DK,Denmark,2019,,81.4,,,,,
dataflow,ESTAT:TPS00205(1.0),Life expectancy at birth by sex,A,Annual,YR,Year,T,Total,Y_LT1,Less than 1 year,DK,Denmark,2020,,81.5,,,,,
dataflow,ESTAT:TPS00205(1.0),Life expectancy at birth by sex,A,Annual,YR,Year,T,Total,Y_LT1,Less than 1 year,DK,Denmark,2021,,81.4,,,,,
dataflow,ESTAT:TPS00205(1.0),Life expectancy at birth by sex,A,Annual,YR,Year,T,Total,Y_LT1,Less than 1 year,DK,Denmark,2022,,81.3,,,,,
dataflow,ESTAT:TPS00205(1.0),Life expectancy at birth by sex,A,Annual,YR,Year,T,Total,Y_LT1,Less than 1 year,DK,Denmark,2023,,81.7,,,,,
dataflow,ESTAT:TPS00205(1.0),Life expectancy at birth by sex,A,Annual,YR,Year,T,Total,Y_LT1,Less than 1 year,DK,Denmark,2024,,82.0,,,,,
dataflow,ESTAT:TPS00205(1.0),Life expectancy at birth by sex,A,Annual,YR,Year,T,Total,Y_LT1,Less than 1 year,EA19,Euro area - 19 countries  (2015-2022),2013,,81.6,,,,,
dataflow,ESTAT:TPS00205(1.0),Life expectancy at birth by sex,A,Annual,YR,Year,T,Total,Y_LT1,Less than 1 year,EA20,Euro area – 20 countries (2023-2025),2014,,81.6,,b,break in time series,,
dataflow,ESTAT:TPS00205(1.0),Life expectancy at birth by sex,A,Annual,YR,Year,T,Total,Y_LT1,Less than 1 year,EA20,Euro area – 20 countries (2023-2025),2015,,81.3,,,,,
dataflow,ESTAT:TPS00205(1.0),Life expectancy at birth by sex,A,Annual,YR,Year,T,Total,Y_LT1,Less than 1 year,EA20,Euro area – 20 countries (2023-2025),2016,,81.7,,b,break in time series,,
dataflow,ESTAT:TPS00205(1.0),Life expectancy at birth by sex,A,Annual,YR,Year,T,Total,Y_LT1,Less than 1 year,EA20,Euro area – 20 countries (2023-2025),2017,,81.7,,b,break in time series,,
dataflow,ESTAT:TPS00205(1.0),Life expectancy at birth by sex,A,Annual,YR,Year,T,Total,Y_LT1,Less than 1 year,EA20,Euro area – 20 countries (2023-2025),2018,,81.8,,,,,
dataflow,ESTAT:TPS00205(1.0),Life expectancy at birth by sex,A,Annual,YR,Year,T,Total,Y_LT1,Less than 1 year,EA20,Euro area – 20 countries (2023-2025),2019,,82.1,,b,break in time series,,
dataflow,ESTAT:TPS00205(1.0),Life expectancy at birth by sex,A,Annual,YR,Year,T,Total,Y_LT1,Less than 1 year,EA20,Euro area – 20 countries (2023-2025),2020,,81.4,,,,,
dataflow,ESTAT:TPS00205(1.0),Life expectancy at birth by sex,A,Annual,YR,Year,T,Total,Y_LT1,Less than 1 year,EA20,Euro area – 20 countries (2023-2025),2021,,81.4,,,,,
dataflow,ESTAT:TPS00205(1.0),Life expectancy at birth by sex,A,Annual,YR,Year,T,Total,Y_LT1,Less than 1 year,EA20,Euro area – 20 countries (2023-2025),2022,,81.6,,b,break in time series,,
dataflow,ESTAT:TPS00205(1.0),Life expectancy at birth by sex,A,Annual,YR,Year,T,Total,Y_LT1,Less than 1 year,EA20,Euro area – 20 countries (2023-2025),2023,,82.1,,bp,"break in time series, provisional",,
dataflow,ESTAT:TPS00205(1.0),Life expectancy at birth by sex,A,Annual,YR,Year,T,Total,Y_LT1,Less than 1 year,EA20,Euro area – 20 countries (2023-2025),2024,,82.4,,p,provisional,,
dataflow,ESTAT:TPS00205(1.0),Life expectancy at birth by sex,A,Annual,YR,Year,T,Total,Y_LT1,Less than 1 year,EA21,Euro area – 21 countries (from 2026),2014,,81.4,,b,break in time series,,
dataflow,ESTAT:TPS00205(1.0),Life expectancy at birth by sex,A,Annual,YR,Year,T,Total,Y_LT1,Less than 1 year,EA21,Euro area – 21 countries (from 2026),2015,,81.2,,,,,
dataflow,ESTAT:TPS00205(1.0),Life expectancy at birth by sex,A,Annual,YR,Year,T,Total,Y_LT1,Less than 1 year,EA21,Euro area – 21 countries (from 2026),2016,,81.5,,b,break in time series,,
dataflow,ESTAT:TPS00205(1.0),Life expectancy at birth by sex,A,Annual,YR,Year,T,Total,Y_LT1,Less than 1 year,EA21,Euro area – 21 countries (from 2026),2017,,81.6,,b,break in time series,,
dataflow,ESTAT:TPS00205(1.0),Life expectancy at birth by sex,A,Annual,YR,Year,T,Total,Y_LT1,Less than 1 year,EA21,Euro area – 21 countries (from 2026),2018,,81.7,,,,,
dataflow,ESTAT:TPS00205(1.0),Life expectancy at birth by sex,A,Annual,YR,Year,T,Total,Y_LT1,Less than 1 year,EA21,Euro area – 21 countries (from 2026),2019,,81.9,,b,break in time series,,
dataflow,ESTAT:TPS00205(1.0),Life expectancy at birth by sex,A,Annual,YR,Year,T,Total,Y_LT1,Less than 1 year,EA21,Euro area – 21 countries (from 2026),2020,,81.2,,,,,
dataflow,ESTAT:TPS00205(1.0),Life expectancy at birth by sex,A,Annual,YR,Year,T,Total,Y_LT1,Less than 1 year,EA21,Euro area – 21 countries (from 2026),2021,,81.1,,,,,
dataflow,ESTAT:TPS00205(1.0),Life expectancy at birth by sex,A,Annual,YR,Year,T,Total,Y_LT1,Less than 1 year,EA21,Euro area – 21 countries (from 2026),2022,,81.4,,b,break in time series,,
dataflow,ESTAT:TPS00205(1.0),Life expectancy at birth by sex,A,Annual,YR,Year,T,Total,Y_LT1,Less than 1 year,EA21,Euro area – 21 countries (from 2026),2023,,82.0,,bp,"break in time series, provisional",,
dataflow,ESTAT:TPS00205(1.0),Life expectancy at birth by sex,A,Annual,YR,Year,T,Total,Y_LT1,Less than 1 year,EA21,Euro area – 21 countries (from 2026),2024,,82.2,,p,provisional,,
dataflow,ESTAT:TPS00205(1.0),Life expectancy at birth by sex,A,Annual,YR,Year,T,Total,Y_LT1,Less than 1 year,EE,Estonia,2013,,77.5,,,,,
dataflow,ESTAT:TPS00205(1.0),Life expectancy at birth by sex,A,Annual,YR,Year,T,Total,Y_LT1,Less than 1 year,EE,Estonia,2014,,77.1,,b,break in time series,,
dataflow,ESTAT:TPS00205(1.0),Life expectancy at birth by sex,A,Annual,YR,Year,T,Total,Y_LT1,Less than 1 year,EE,Estonia,2015,,77.7,,,,,
dataflow,ESTAT:TPS00205(1.0),Life expectancy at birth by sex,A,Annual,YR,Year,T,Total,Y_LT1,Less than 1 year,EE,Estonia,2016,,77.8,,,,,
dataflow,ESTAT:TPS00205(1.0),Life expectancy at birth by sex,A,Annual,YR,Year,T,Total,Y_LT1,Less than 1 year,EE,Estonia,2017,,78.2,,,,,
dataflow,ESTAT:TPS00205(1.0),Life expectancy at birth by sex,A,Annual,YR,Year,T,Total,Y_LT1,Less than 1 year,EE,Estonia,2018,,78.4,,,,,
dataflow,ESTAT:TPS00205(1.0),Life expectancy at birth by sex,A,Annual,YR,Year,T,Total,Y_LT1,Less than 1 year,EE,Estonia,2019,,78.8,,,,,
dataflow,ESTAT:TPS00205(1.0),Life expectancy at birth by sex,A,Annual,YR,Year,T,Total,Y_LT1,Less than 1 year,EE,Estonia,2020,,78.8,,,,,
dataflow,ESTAT:TPS00205(1.0),Life expectancy at birth by sex,A,Annual,YR,Year,T,Total,Y_LT1,Less than 1 year,EE,Estonia,2021,,77.2,,,,,
dataflow,ESTAT:TPS00205(1.0),Life expectancy at birth by sex,A,Annual,YR,Year,T,Total,Y_LT1,Less than 1 year,EE,Estonia,2022,,78.1,,,,,
dataflow,ESTAT:TPS00205(1.0),Life expectancy at birth by sex,A,Annual,YR,Year,T,Total,Y_LT1,Less than 1 year,EE,Estonia,2023,,78.9,,,,,
dataflow,ESTAT:TPS00205(1.0),Life expectancy at birth by sex,A,Annual,YR,Year,T,Total,Y_LT1,Less than 1 year,EE,Estonia,2024,,79.4,,,,,
dataflow,ESTAT:TPS00205(1.0),Life expectancy at birth by sex,A,Annual,YR,Year,T,Total,Y_LT1,Less than 1 year,EL,Greece,2013,,81.4,,,,,
dataflow,ESTAT:TPS00205(1.0),Life expectancy at birth by sex,A,Annual,YR,Year,T,Total,Y_LT1,Less than 1 year,EL,Greece,2014,,81.0,,b,break in time series,,
dataflow,ESTAT:TPS00205(1.0),Life expectancy at birth by sex,A,Annual,YR,Year,T,Total,Y_LT1,Less than 1 year,EL,Greece,2015,,80.8,,,,,
dataflow,ESTAT:TPS00205(1.0),Life expectancy at birth by sex,A,Annual,YR,Year,T,Total,Y_LT1,Less than 1 year,EL,Greece,2016,,81.0,,,,,
dataflow,ESTAT:TPS00205(1.0),Life expectancy at birth by sex,A,Annual,YR,Year,T,Total,Y_LT1,Less than 1 year,EL,Greece,2017,,81.0,,,,,
dataflow,ESTAT:TPS00205(1.0),Life expectancy at birth by sex,A,Annual,YR,Year,T,Total,Y_LT1,Less than 1 year,EL,Greece,2018,,81.5,,,,,
dataflow,ESTAT:TPS00205(1.0),Life expectancy at birth by sex,A,Annual,YR,Year,T,Total,Y_LT1,Less than 1 year,EL,Greece,2019,,81.4,,,,,
dataflow,ESTAT:TPS00205(1.0),Life expectancy at birth by sex,A,Annual,YR,Year,T,Total,Y_LT1,Less than 1 year,EL,Greece,2020,,81.1,,,,,
dataflow,ESTAT:TPS00205(1.0),Life expectancy at birth by sex,A,Annual,YR,Year,T,Total,Y_LT1,Less than 1 year,EL,Greece,2021,,80.1,,,,,
dataflow,ESTAT:TPS00205(1.0),Life expectancy at birth by sex,A,Annual,YR,Year,T,Total,Y_LT1,Less than 1 year,EL,Greece,2022,,80.8,,,,,
dataflow,ESTAT:TPS00205(1.0),Life expectancy at birth by sex,A,Annual,YR,Year,T,Total,Y_LT1,Less than 1 year,EL,Greece,2023,,81.7,,,,,
dataflow,ESTAT:TPS00205(1.0),Life expectancy at birth by sex,A,Annual,YR,Year,T,Total,Y_LT1,Less than 1 year,EL,Greece,2024,,81.9,,,,,
dataflow,ESTAT:TPS00205(1.0),Life expectancy at birth by sex,A,Annual,YR,Year,T,Total,Y_LT1,Less than 1 year,ES,Spain,2013,,83.2,,,,,
dataflow,ESTAT:TPS00205(1.0),Life expectancy at birth by sex,A,Annual,YR,Year,T,Total,Y_LT1,Less than 1 year,ES,Spain,2014,,82.9,,b,break in time series,,
dataflow,ESTAT:TPS00205(1.0),Life expectancy at birth by sex,A,Annual,YR,Year,T,Total,Y_LT1,Less than 1 year,ES,Spain,2015,,82.7,,,,,
dataflow,ESTAT:TPS00205(1.0),Life expectancy at birth by sex,A,Annual,YR,Year,T,Total,Y_LT1,Less than 1 year,ES,Spain,2016,,83.1,,,,,
dataflow,ESTAT:TPS00205(1.0),Life expectancy at birth by sex,A,Annual,YR,Year,T,Total,Y_LT1,Less than 1 year,ES,Spain,2017,,83.0,,,,,
dataflow,ESTAT:TPS00205(1.0),Life expectancy at birth by sex,A,Annual,YR,Year,T,Total,Y_LT1,Less than 1 year,ES,Spain,2018,,83.1,,,,,
dataflow,ESTAT:TPS00205(1.0),Life expectancy at birth by sex,A,Annual,YR,Year,T,Total,Y_LT1,Less than 1 year,ES,Spain,2019,,83.5,,,,,
dataflow,ESTAT:TPS00205(1.0),Life expectancy at birth by sex,A,Annual,YR,Year,T,Total,Y_LT1,Less than 1 year,ES,Spain,2020,,82.3,,,,,
dataflow,ESTAT:TPS00205(1.0),Life expectancy at birth by sex,A,Annual,YR,Year,T,Total,Y_LT1,Less than 1 year,ES,Spain,2021,,83.0,,,,,
dataflow,ESTAT:TPS00205(1.0),Life expectancy at birth by sex,A,Annual,YR,Year,T,Total,Y_LT1,Less than 1 year,ES,Spain,2022,,83.1,,,,,
dataflow,ESTAT:TPS00205(1.0),Life expectancy at birth by sex,A,Annual,YR,Year,T,Total,Y_LT1,Less than 1 year,ES,Spain,2023,,83.8,,,,,
dataflow,ESTAT:TPS00205(1.0),Life expectancy at birth by sex,A,Annual,YR,Year,T,Total,Y_LT1,Less than 1 year,ES,Spain,2024,,84.0,,,,,
dataflow,ESTAT:TPS00205(1.0),Life expectancy at birth by sex,A,Annual,YR,Year,T,Total,Y_LT1,Less than 1 year,EU27_2020,European Union - 27 countries (from 2020),2013,,80.5,,,,,
dataflow,ESTAT:TPS00205(1.0),Life expectancy at birth by sex,A,Annual,YR,Year,T,Total,Y_LT1,Less than 1 year,EU27_2020,European Union - 27 countries (from 2020),2014,,80.6,,be,"break in time series, estimated",,
dataflow,ESTAT:TPS00205(1.0),Life expectancy at birth by sex,A,Annual,YR,Year,T,Total,Y_LT1,Less than 1 year,EU27_2020,European Union - 27 countries (from 2020),2015,,80.5,,b,break in time series,,
dataflow,ESTAT:TPS00205(1.0),Life expectancy at birth by sex,A,Annual,YR,Year,T,Total,Y_LT1,Less than 1 year,EU27_2020,European Union - 27 countries (from 2020),2016,,80.7,,be,"break in time series, estimated",,
dataflow,ESTAT:TPS00205(1.0),Life expectancy at birth by sex,A,Annual,YR,Year,T,Total,Y_LT1,Less than 1 year,EU27_2020,European Union - 27 countries (from 2020),2017,,80.7,,be,"break in time series, estimated",,
dataflow,ESTAT:TPS00205(1.0),Life expectancy at birth by sex,A,Annual,YR,Year,T,Total,Y_LT1,Less than 1 year,EU27_2020,European Union - 27 countries (from 2020),2018,,80.8,,e,estimated,,
dataflow,ESTAT:TPS00205(1.0),Life expectancy at birth by sex,A,Annual,YR,Year,T,Total,Y_LT1,Less than 1 year,EU27_2020,European Union - 27 countries (from 2020),2019,,81.1,,be,"break in time series, estimated",,
dataflow,ESTAT:TPS00205(1.0),Life expectancy at birth by sex,A,Annual,YR,Year,T,Total,Y_LT1,Less than 1 year,EU27_2020,European Union - 27 countries (from 2020),2020,,80.3,,bep,"break in time series, estimated, provisional",,
dataflow,ESTAT:TPS00205(1.0),Life expectancy at birth by sex,A,Annual,YR,Year,T,Total,Y_LT1,Less than 1 year,EU27_2020,European Union - 27 countries (from 2020),2021,,80.0,,bep,"break in time series, estimated, provisional",,
dataflow,ESTAT:TPS00205(1.0),Life expectancy at birth by sex,A,Annual,YR,Year,T,Total,Y_LT1,Less than 1 year,EU27_2020,European Union - 27 countries (from 2020),2022,,80.6,,bep,"break in time series, estimated, provisional",,
dataflow,ESTAT:TPS00205(1.0),Life expectancy at birth by sex,A,Annual,YR,Year,T,Total,Y_LT1,Less than 1 year,EU27_2020,European Union - 27 countries (from 2020),2023,,81.2,,bep,"break in time series, estimated, provisional",,
dataflow,ESTAT:TPS00205(1.0),Life expectancy at birth by sex,A,Annual,YR,Year,T,Total,Y_LT1,Less than 1 year,EU27_2020,European Union - 27 countries (from 2020),2024,,81.5,,ep,"estimated, provisional",,
dataflow,ESTAT:TPS00205(1.0),Life expectancy at birth by sex,A,Annual,YR,Year,T,Total,Y_LT1,Less than 1 year,FI,Finland,2013,,81.1,,,,,
dataflow,ESTAT:TPS00205(1.0),Life expectancy at birth by sex,A,Annual,YR,Year,T,Total,Y_LT1,Less than 1 year,FI,Finland,2014,,81.1,,b,break in time series,,
dataflow,ESTAT:TPS00205(1.0),Life expectancy at birth by sex,A,Annual,YR,Year,T,Total,Y_LT1,Less than 1 year,FI,Finland,2015,,81.4,,,,,
dataflow,ESTAT:TPS00205(1.0),Life expectancy at birth by sex,A,Annual,YR,Year,T,Total,Y_LT1,Less than 1 year,FI,Finland,2016,,81.3,,,,,
dataflow,ESTAT:TPS00205(1.0),Life expectancy at birth by sex,A,Annual,YR,Year,T,Total,Y_LT1,Less than 1 year,FI,Finland,2017,,81.5,,,,,
dataflow,ESTAT:TPS00205(1.0),Life expectancy at birth by sex,A,Annual,YR,Year,T,Total,Y_LT1,Less than 1 year,FI,Finland,2018,,81.6,,,,,
dataflow,ESTAT:TPS00205(1.0),Life expectancy at birth by sex,A,Annual,YR,Year,T,Total,Y_LT1,Less than 1 year,FI,Finland,2019,,81.9,,,,,
dataflow,ESTAT:TPS00205(1.0),Life expectancy at birth by sex,A,Annual,YR,Year,T,Total,Y_LT1,Less than 1 year,FI,Finland,2020,,81.8,,,,,
dataflow,ESTAT:TPS00205(1.0),Life expectancy at birth by sex,A,Annual,YR,Year,T,Total,Y_LT1,Less than 1 year,FI,Finland,2021,,81.8,,,,,
dataflow,ESTAT:TPS00205(1.0),Life expectancy at birth by sex,A,Annual,YR,Year,T,Total,Y_LT1,Less than 1 year,FI,Finland,2022,,81.2,,,,,
dataflow,ESTAT:TPS00205(1.0),Life expectancy at birth by sex,A,Annual,YR,Year,T,Total,Y_LT1,Less than 1 year,FI,Finland,2023,,81.6,,,,,
dataflow,ESTAT:TPS00205(1.0),Life expectancy at birth by sex,A,Annual,YR,Year,T,Total,Y_LT1,Less than 1 year,FI,Finland,2024,,82.2,,,,,
dataflow,ESTAT:TPS00205(1.0),Life expectancy at birth by sex,A,Annual,YR,Year,T,Total,Y_LT1,Less than 1 year,FR,France,2013,,82.4,,,,,
dataflow,ESTAT:TPS00205(1.0),Life expectancy at birth by sex,A,Annual,YR,Year,T,Total,Y_LT1,Less than 1 year,FR,France,2014,,82.4,,b,break in time series,,
dataflow,ESTAT:TPS00205(1.0),Life expectancy at birth by sex,A,Annual,YR,Year,T,Total,Y_LT1,Less than 1 year,FR,France,2015,,82.1,,,,,
dataflow,ESTAT:TPS00205(1.0),Life expectancy at birth by sex,A,Annual,YR,Year,T,Total,Y_LT1,Less than 1 year,FR,France,2016,,82.4,,,,,
dataflow,ESTAT:TPS00205(1.0),Life expectancy at birth by sex,A,Annual,YR,Year,T,Total,Y_LT1,Less than 1 year,FR,France,2017,,82.4,,,,,
dataflow,ESTAT:TPS00205(1.0),Life expectancy at birth by sex,A,Annual,YR,Year,T,Total,Y_LT1,Less than 1 year,FR,France,2018,,82.6,,,,,
dataflow,ESTAT:TPS00205(1.0),Life expectancy at birth by sex,A,Annual,YR,Year,T,Total,Y_LT1,Less than 1 year,FR,France,2019,,82.7,,,,,
dataflow,ESTAT:TPS00205(1.0),Life expectancy at birth by sex,A,Annual,YR,Year,T,Total,Y_LT1,Less than 1 year,FR,France,2020,,82.2,,,,,
dataflow,ESTAT:TPS00205(1.0),Life expectancy at birth by sex,A,Annual,YR,Year,T,Total,Y_LT1,Less than 1 year,FR,France,2021,,82.2,,,,,
dataflow,ESTAT:TPS00205(1.0),Life expectancy at birth by sex,A,Annual,YR,Year,T,Total,Y_LT1,Less than 1 year,FR,France,2022,,82.2,,,,,
dataflow,ESTAT:TPS00205(1.0),Life expectancy at birth by sex,A,Annual,YR,Year,T,Total,Y_LT1,Less than 1 year,FR,France,2023,,82.9,,p,provisional,,
dataflow,ESTAT:TPS00205(1.0),Life expectancy at birth by sex,A,Annual,YR,Year,T,Total,Y_LT1,Less than 1 year,FR,France,2024,,83.0,,p,provisional,,
dataflow,ESTAT:TPS00205(1.0),Life expectancy at birth by sex,A,Annual,YR,Year,T,Total,Y_LT1,Less than 1 year,GE,Georgia,2014,,74.1,,,,,
dataflow,ESTAT:TPS00205(1.0),Life expectancy at birth by sex,A,Annual,YR,Year,T,Total,Y_LT1,Less than 1 year,GE,Georgia,2015,,73.0,,,,,
dataflow,ESTAT:TPS00205(1.0),Life expectancy at birth by sex,A,Annual,YR,Year,T,Total,Y_LT1,Less than 1 year,GE,Georgia,2016,,72.7,,,,,
dataflow,ESTAT:TPS00205(1.0),Life expectancy at birth by sex,A,Annual,YR,Year,T,Total,Y_LT1,Less than 1 year,GE,Georgia,2017,,73.5,,,,,
dataflow,ESTAT:TPS00205(1.0),Life expectancy at birth by sex,A,Annual,YR,Year,T,Total,Y_LT1,Less than 1 year,GE,Georgia,2018,,74.0,,,,,
dataflow,ESTAT:TPS00205(1.0),Life expectancy at birth by sex,A,Annual,YR,Year,T,Total,Y_LT1,Less than 1 year,GE,Georgia,2019,,74.1,,,,,
dataflow,ESTAT:TPS00205(1.0),Life expectancy at birth by sex,A,Annual,YR,Year,T,Total,Y_LT1,Less than 1 year,GE,Georgia,2022,,73.7,,,,,
dataflow,ESTAT:TPS00205(1.0),Life expectancy at birth by sex,A,Annual,YR,Year,T,Total,Y_LT1,Less than 1 year,GE,Georgia,2023,,73.7,,,,,
dataflow,ESTAT:TPS00205(1.0),Life expectancy at birth by sex,A,Annual,YR,Year,T,Total,Y_LT1,Less than 1 year,GE,Georgia,2024,,74.9,,b,break in time series,,
dataflow,ESTAT:TPS00205(1.0),Life expectancy at birth by sex,A,Annual,YR,Year,T,Total,Y_LT1,Less than 1 year,HR,Croatia,2013,,77.8,,,,,
dataflow,ESTAT:TPS00205(1.0),Life expectancy at birth by sex,A,Annual,YR,Year,T,Total,Y_LT1,Less than 1 year,HR,Croatia,2014,,77.8,,b,break in time series,,
dataflow,ESTAT:TPS00205(1.0),Life expectancy at birth by sex,A,Annual,YR,Year,T,Total,Y_LT1,Less than 1 year,HR,Croatia,2015,,77.4,,,,,
dataflow,ESTAT:TPS00205(1.0),Life expectancy at birth by sex,A,Annual,YR,Year,T,Total,Y_LT1,Less than 1 year,HR,Croatia,2016,,78.0,,,,,
dataflow,ESTAT:TPS00205(1.0),Life expectancy at birth by sex,A,Annual,YR,Year,T,Total,Y_LT1,Less than 1 year,HR,Croatia,2017,,77.8,,,,,
dataflow,ESTAT:TPS00205(1.0),Life expectancy at birth by sex,A,Annual,YR,Year,T,Total,Y_LT1,Less than 1 year,HR,Croatia,2018,,78.0,,,,,
dataflow,ESTAT:TPS00205(1.0),Life expectancy at birth by sex,A,Annual,YR,Year,T,Total,Y_LT1,Less than 1 year,HR,Croatia,2019,,78.3,,,,,
dataflow,ESTAT:TPS00205(1.0),Life expectancy at birth by sex,A,Annual,YR,Year,T,Total,Y_LT1,Less than 1 year,HR,Croatia,2020,,77.6,,,,,
dataflow,ESTAT:TPS00205(1.0),Life expectancy at birth by sex,A,Annual,YR,Year,T,Total,Y_LT1,Less than 1 year,HR,Croatia,2021,,76.6,,,,,
dataflow,ESTAT:TPS00205(1.0),Life expectancy at birth by sex,A,Annual,YR,Year,T,Total,Y_LT1,Less than 1 year,HR,Croatia,2022,,77.7,,,,,
dataflow,ESTAT:TPS00205(1.0),Life expectancy at birth by sex,A,Annual,YR,Year,T,Total,Y_LT1,Less than 1 year,HR,Croatia,2023,,78.5,,,,,
dataflow,ESTAT:TPS00205(1.0),Life expectancy at birth by sex,A,Annual,YR,Year,T,Total,Y_LT1,Less than 1 year,HR,Croatia,2024,,78.9,,,,,
dataflow,ESTAT:TPS00205(1.0),Life expectancy at birth by sex,A,Annual,YR,Year,T,Total,Y_LT1,Less than 1 year,HU,Hungary,2013,,75.8,,,,,
dataflow,ESTAT:TPS00205(1.0),Life expectancy at birth by sex,A,Annual,YR,Year,T,Total,Y_LT1,Less than 1 year,HU,Hungary,2014,,75.8,,b,break in time series,,
dataflow,ESTAT:TPS00205(1.0),Life expectancy at birth by sex,A,Annual,YR,Year,T,Total,Y_LT1,Less than 1 year,HU,Hungary,2015,,75.6,,,,,
dataflow,ESTAT:TPS00205(1.0),Life expectancy at birth by sex,A,Annual,YR,Year,T,Total,Y_LT1,Less than 1 year,HU,Hungary,2016,,76.1,,,,,
dataflow,ESTAT:TPS00205(1.0),Life expectancy at birth by sex,A,Annual,YR,Year,T,Total,Y_LT1,Less than 1 year,HU,Hungary,2017,,75.9,,,,,
dataflow,ESTAT:TPS00205(1.0),Life expectancy at birth by sex,A,Annual,YR,Year,T,Total,Y_LT1,Less than 1 year,HU,Hungary,2018,,76.0,,,,,
dataflow,ESTAT:TPS00205(1.0),Life expectancy at birth by sex,A,Annual,YR,Year,T,Total,Y_LT1,Less than 1 year,HU,Hungary,2019,,76.3,,,,,
dataflow,ESTAT:TPS00205(1.0),Life expectancy at birth by sex,A,Annual,YR,Year,T,Total,Y_LT1,Less than 1 year,HU,Hungary,2020,,75.5,,,,,
dataflow,ESTAT:TPS00205(1.0),Life expectancy at birth by sex,A,Annual,YR,Year,T,Total,Y_LT1,Less than 1 year,HU,Hungary,2021,,74.1,,,,,
dataflow,ESTAT:TPS00205(1.0),Life expectancy at birth by sex,A,Annual,YR,Year,T,Total,Y_LT1,Less than 1 year,HU,Hungary,2022,,75.9,,,,,
dataflow,ESTAT:TPS00205(1.0),Life expectancy at birth by sex,A,Annual,YR,Year,T,Total,Y_LT1,Less than 1 year,HU,Hungary,2023,,76.7,,,,,
dataflow,ESTAT:TPS00205(1.0),Life expectancy at birth by sex,A,Annual,YR,Year,T,Total,Y_LT1,Less than 1 year,HU,Hungary,2024,,76.8,,,,,
dataflow,ESTAT:TPS00205(1.0),Life expectancy at birth by sex,A,Annual,YR,Year,T,Total,Y_LT1,Less than 1 year,IE,Ireland,2013,,81.0,,,,,
dataflow,ESTAT:TPS00205(1.0),Life expectancy at birth by sex,A,Annual,YR,Year,T,Total,Y_LT1,Less than 1 year,IE,Ireland,2014,,81.3,,b,break in time series,,
dataflow,ESTAT:TPS00205(1.0),Life expectancy at birth by sex,A,Annual,YR,Year,T,Total,Y_LT1,Less than 1 year,IE,Ireland,2015,,81.4,,,,,
dataflow,ESTAT:TPS00205(1.0),Life expectancy at birth by sex,A,Annual,YR,Year,T,Total,Y_LT1,Less than 1 year,IE,Ireland,2016,,81.6,,,,,
dataflow,ESTAT:TPS00205(1.0),Life expectancy at birth by sex,A,Annual,YR,Year,T,Total,Y_LT1,Less than 1 year,IE,Ireland,2017,,82.0,,,,,
dataflow,ESTAT:TPS00205(1.0),Life expectancy at birth by sex,A,Annual,YR,Year,T,Total,Y_LT1,Less than 1 year,IE,Ireland,2018,,82.0,,,,,
dataflow,ESTAT:TPS00205(1.0),Life expectancy at birth by sex,A,Annual,YR,Year,T,Total,Y_LT1,Less than 1 year,IE,Ireland,2019,,82.5,,,,,
dataflow,ESTAT:TPS00205(1.0),Life expectancy at birth by sex,A,Annual,YR,Year,T,Total,Y_LT1,Less than 1 year,IE,Ireland,2020,,82.3,,,,,
dataflow,ESTAT:TPS00205(1.0),Life expectancy at birth by sex,A,Annual,YR,Year,T,Total,Y_LT1,Less than 1 year,IE,Ireland,2021,,82.1,,,,,
dataflow,ESTAT:TPS00205(1.0),Life expectancy at birth by sex,A,Annual,YR,Year,T,Total,Y_LT1,Less than 1 year,IE,Ireland,2022,,82.4,,,,,
dataflow,ESTAT:TPS00205(1.0),Life expectancy at birth by sex,A,Annual,YR,Year,T,Total,Y_LT1,Less than 1 year,IE,Ireland,2023,,82.7,,,,,
dataflow,ESTAT:TPS00205(1.0),Life expectancy at birth by sex,A,Annual,YR,Year,T,Total,Y_LT1,Less than 1 year,IE,Ireland,2024,,83.1,,,,,
dataflow,ESTAT:TPS00205(1.0),Life expectancy at birth by sex,A,Annual,YR,Year,T,Total,Y_LT1,Less than 1 year,IS,Iceland,2013,,82.1,,,,,
dataflow,ESTAT:TPS00205(1.0),Life expectancy at birth by sex,A,Annual,YR,Year,T,Total,Y_LT1,Less than 1 year,IS,Iceland,2014,,82.6,,b,break in time series,,
dataflow,ESTAT:TPS00205(1.0),Life expectancy at birth by sex,A,Annual,YR,Year,T,Total,Y_LT1,Less than 1 year,IS,Iceland,2015,,82.4,,,,,
dataflow,ESTAT:TPS00205(1.0),Life expectancy at birth by sex,A,Annual,YR,Year,T,Total,Y_LT1,Less than 1 year,IS,Iceland,2016,,82.1,,,,,
dataflow,ESTAT:TPS00205(1.0),Life expectancy at birth by sex,A,Annual,YR,Year,T,Total,Y_LT1,Less than 1 year,IS,Iceland,2017,,82.4,,,,,
dataflow,ESTAT:TPS00205(1.0),Life expectancy at birth by sex,A,Annual,YR,Year,T,Total,Y_LT1,Less than 1 year,IS,Iceland,2018,,82.7,,,,,
dataflow,ESTAT:TPS00205(1.0),Life expectancy at birth by sex,A,Annual,YR,Year,T,Total,Y_LT1,Less than 1 year,IS,Iceland,2019,,83.0,,,,,
dataflow,ESTAT:TPS00205(1.0),Life expectancy at birth by sex,A,Annual,YR,Year,T,Total,Y_LT1,Less than 1 year,IS,Iceland,2020,,82.9,,,,,
dataflow,ESTAT:TPS00205(1.0),Life expectancy at birth by sex,A,Annual,YR,Year,T,Total,Y_LT1,Less than 1 year,IS,Iceland,2021,,83.0,,,,,
dataflow,ESTAT:TPS00205(1.0),Life expectancy at birth by sex,A,Annual,YR,Year,T,Total,Y_LT1,Less than 1 year,IS,Iceland,2022,,82.2,,,,,
dataflow,ESTAT:TPS00205(1.0),Life expectancy at birth by sex,A,Annual,YR,Year,T,Total,Y_LT1,Less than 1 year,IS,Iceland,2023,,82.4,,,,,
dataflow,ESTAT:TPS00205(1.0),Life expectancy at birth by sex,A,Annual,YR,Year,T,Total,Y_LT1,Less than 1 year,IS,Iceland,2024,,82.8,,,,,
dataflow,ESTAT:TPS00205(1.0),Life expectancy at birth by sex,A,Annual,YR,Year,T,Total,Y_LT1,Less than 1 year,IT,Italy,2013,,82.9,,,,,
dataflow,ESTAT:TPS00205(1.0),Life expectancy at birth by sex,A,Annual,YR,Year,T,Total,Y_LT1,Less than 1 year,IT,Italy,2014,,82.8,,b,break in time series,,
dataflow,ESTAT:TPS00205(1.0),Life expectancy at birth by sex,A,Annual,YR,Year,T,Total,Y_LT1,Less than 1 year,IT,Italy,2015,,82.4,,,,,
dataflow,ESTAT:TPS00205(1.0),Life expectancy at birth by sex,A,Annual,YR,Year,T,Total,Y_LT1,Less than 1 year,IT,Italy,2016,,83.0,,,,,
dataflow,ESTAT:TPS00205(1.0),Life expectancy at birth by sex,A,Annual,YR,Year,T,Total,Y_LT1,Less than 1 year,IT,Italy,2017,,82.8,,,,,
dataflow,ESTAT:TPS00205(1.0),Life expectancy at birth by sex,A,Annual,YR,Year,T,Total,Y_LT1,Less than 1 year,IT,Italy,2018,,83.1,,,,,
dataflow,ESTAT:TPS00205(1.0),Life expectancy at birth by sex,A,Annual,YR,Year,T,Total,Y_LT1,Less than 1 year,IT,Italy,2019,,83.4,,b,break in time series,,
dataflow,ESTAT:TPS00205(1.0),Life expectancy at birth by sex,A,Annual,YR,Year,T,Total,Y_LT1,Less than 1 year,IT,Italy,2020,,82.2,,,,,
dataflow,ESTAT:TPS00205(1.0),Life expectancy at birth by sex,A,Annual,YR,Year,T,Total,Y_LT1,Less than 1 year,IT,Italy,2021,,82.6,,,,,
dataflow,ESTAT:TPS00205(1.0),Life expectancy at birth by sex,A,Annual,YR,Year,T,Total,Y_LT1,Less than 1 year,IT,Italy,2022,,82.8,,,,,
dataflow,ESTAT:TPS00205(1.0),Life expectancy at birth by sex,A,Annual,YR,Year,T,Total,Y_LT1,Less than 1 year,IT,Italy,2023,,83.3,,,,,
dataflow,ESTAT:TPS00205(1.0),Life expectancy at birth by sex,A,Annual,YR,Year,T,Total,Y_LT1,Less than 1 year,IT,Italy,2024,,83.7,,,,,
dataflow,ESTAT:TPS00205(1.0),Life expectancy at birth by sex,A,Annual,YR,Year,T,Total,Y_LT1,Less than 1 year,LI,Liechtenstein,2013,,82.5,,,,,
dataflow,ESTAT:TPS00205(1.0),Life expectancy at birth by sex,A,Annual,YR,Year,T,Total,Y_LT1,Less than 1 year,LI,Liechtenstein,2014,,82.1,,b,break in time series,,
dataflow,ESTAT:TPS00205(1.0),Life expectancy at birth by sex,A,Annual,YR,Year,T,Total,Y_LT1,Less than 1 year,LI,Liechtenstein,2015,,82.5,,,,,
dataflow,ESTAT:TPS00205(1.0),Life expectancy at birth by sex,A,Annual,YR,Year,T,Total,Y_LT1,Less than 1 year,LI,Liechtenstein,2016,,82.1,,,,,
dataflow,ESTAT:TPS00205(1.0),Life expectancy at birth by sex,A,Annual,YR,Year,T,Total,Y_LT1,Less than 1 year,LI,Liechtenstein,2017,,83.3,,,,,
dataflow,ESTAT:TPS00205(1.0),Life expectancy at birth by sex,A,Annual,YR,Year,T,Total,Y_LT1,Less than 1 year,LI,Liechtenstein,2018,,83.0,,,,,
dataflow,ESTAT:TPS00205(1.0),Life expectancy at birth by sex,A,Annual,YR,Year,T,Total,Y_LT1,Less than 1 year,LI,Liechtenstein,2019,,84.0,,,,,
dataflow,ESTAT:TPS00205(1.0),Life expectancy at birth by sex,A,Annual,YR,Year,T,Total,Y_LT1,Less than 1 year,LI,Liechtenstein,2020,,81.7,,,,,
dataflow,ESTAT:TPS00205(1.0),Life expectancy at birth by sex,A,Annual,YR,Year,T,Total,Y_LT1,Less than 1 year,LI,Liechtenstein,2021,,83.6,,,,,
dataflow,ESTAT:TPS00205(1.0),Life expectancy at birth by sex,A,Annual,YR,Year,T,Total,Y_LT1,Less than 1 year,LI,Liechtenstein,2022,,83.6,,,,,
dataflow,ESTAT:TPS00205(1.0),Life expectancy at birth by sex,A,Annual,YR,Year,T,Total,Y_LT1,Less than 1 year,LI,Liechtenstein,2023,,83.8,,,,,
dataflow,ESTAT:TPS00205(1.0),Life expectancy at birth by sex,A,Annual,YR,Year,T,Total,Y_LT1,Less than 1 year,LI,Liechtenstein,2024,,84.2,,,,,
dataflow,ESTAT:TPS00205(1.0),Life expectancy at birth by sex,A,Annual,YR,Year,T,Total,Y_LT1,Less than 1 year,LT,Lithuania,2013,,74.1,,,,,
dataflow,ESTAT:TPS00205(1.0),Life expectancy at birth by sex,A,Annual,YR,Year,T,Total,Y_LT1,Less than 1 year,LT,Lithuania,2014,,74.5,,b,break in time series,,
dataflow,ESTAT:TPS00205(1.0),Life expectancy at birth by sex,A,Annual,YR,Year,T,Total,Y_LT1,Less than 1 year,LT,Lithuania,2015,,74.4,,,,,
dataflow,ESTAT:TPS00205(1.0),Life expectancy at birth by sex,A,Annual,YR,Year,T,Total,Y_LT1,Less than 1 year,LT,Lithuania,2016,,74.8,,,,,
dataflow,ESTAT:TPS00205(1.0),Life expectancy at birth by sex,A,Annual,YR,Year,T,Total,Y_LT1,Less than 1 year,LT,Lithuania,2017,,75.7,,,,,
dataflow,ESTAT:TPS00205(1.0),Life expectancy at birth by sex,A,Annual,YR,Year,T,Total,Y_LT1,Less than 1 year,LT,Lithuania,2018,,75.9,,,,,
dataflow,ESTAT:TPS00205(1.0),Life expectancy at birth by sex,A,Annual,YR,Year,T,Total,Y_LT1,Less than 1 year,LT,Lithuania,2019,,76.4,,,,,
dataflow,ESTAT:TPS00205(1.0),Life expectancy at birth by sex,A,Annual,YR,Year,T,Total,Y_LT1,Less than 1 year,LT,Lithuania,2020,,75.2,,,,,
dataflow,ESTAT:TPS00205(1.0),Life expectancy at birth by sex,A,Annual,YR,Year,T,Total,Y_LT1,Less than 1 year,LT,Lithuania,2021,,74.3,,,,,
dataflow,ESTAT:TPS00205(1.0),Life expectancy at birth by sex,A,Annual,YR,Year,T,Total,Y_LT1,Less than 1 year,LT,Lithuania,2022,,75.8,,,,,
dataflow,ESTAT:TPS00205(1.0),Life expectancy at birth by sex,A,Annual,YR,Year,T,Total,Y_LT1,Less than 1 year,LT,Lithuania,2023,,77.4,,,,,
dataflow,ESTAT:TPS00205(1.0),Life expectancy at birth by sex,A,Annual,YR,Year,T,Total,Y_LT1,Less than 1 year,LT,Lithuania,2024,,77.5,,,,,
dataflow,ESTAT:TPS00205(1.0),Life expectancy at birth by sex,A,Annual,YR,Year,T,Total,Y_LT1,Less than 1 year,LU,Luxembourg,2013,,81.9,,,,,
dataflow,ESTAT:TPS00205(1.0),Life expectancy at birth by sex,A,Annual,YR,Year,T,Total,Y_LT1,Less than 1 year,LU,Luxembourg,2014,,81.8,,b,break in time series,,
dataflow,ESTAT:TPS00205(1.0),Life expectancy at birth by sex,A,Annual,YR,Year,T,Total,Y_LT1,Less than 1 year,LU,Luxembourg,2015,,82.0,,,,,
dataflow,ESTAT:TPS00205(1.0),Life expectancy at birth by sex,A,Annual,YR,Year,T,Total,Y_LT1,Less than 1 year,LU,Luxembourg,2016,,82.3,,b,break in time series,,
dataflow,ESTAT:TPS00205(1.0),Life expectancy at birth by sex,A,Annual,YR,Year,T,Total,Y_LT1,Less than 1 year,LU,Luxembourg,2017,,81.8,,b,break in time series,,
dataflow,ESTAT:TPS00205(1.0),Life expectancy at birth by sex,A,Annual,YR,Year,T,Total,Y_LT1,Less than 1 year,LU,Luxembourg,2018,,82.1,,,,,
dataflow,ESTAT:TPS00205(1.0),Life expectancy at birth by sex,A,Annual,YR,Year,T,Total,Y_LT1,Less than 1 year,LU,Luxembourg,2019,,82.4,,,,,
dataflow,ESTAT:TPS00205(1.0),Life expectancy at birth by sex,A,Annual,YR,Year,T,Total,Y_LT1,Less than 1 year,LU,Luxembourg,2020,,82.1,,,,,
dataflow,ESTAT:TPS00205(1.0),Life expectancy at birth by sex,A,Annual,YR,Year,T,Total,Y_LT1,Less than 1 year,LU,Luxembourg,2021,,82.5,,,,,
dataflow,ESTAT:TPS00205(1.0),Life expectancy at birth by sex,A,Annual,YR,Year,T,Total,Y_LT1,Less than 1 year,LU,Luxembourg,2022,,82.8,,,,,
dataflow,ESTAT:TPS00205(1.0),Life expectancy at birth by sex,A,Annual,YR,Year,T,Total,Y_LT1,Less than 1 year,LU,Luxembourg,2023,,83.1,,,,,
dataflow,ESTAT:TPS00205(1.0),Life expectancy at birth by sex,A,Annual,YR,Year,T,Total,Y_LT1,Less than 1 year,LU,Luxembourg,2024,,83.2,,,,,
dataflow,ESTAT:TPS00205(1.0),Life expectancy at birth by sex,A,Annual,YR,Year,T,Total,Y_LT1,Less than 1 year,LV,Latvia,2013,,74.3,,,,,
dataflow,ESTAT:TPS00205(1.0),Life expectancy at birth by sex,A,Annual,YR,Year,T,Total,Y_LT1,Less than 1 year,LV,Latvia,2014,,74.3,,b,break in time series,,
dataflow,ESTAT:TPS00205(1.0),Life expectancy at birth by sex,A,Annual,YR,Year,T,Total,Y_LT1,Less than 1 year,LV,Latvia,2015,,74.7,,,,,
dataflow,ESTAT:TPS00205(1.0),Life expectancy at birth by sex,A,Annual,YR,Year,T,Total,Y_LT1,Less than 1 year,LV,Latvia,2016,,74.8,,,,,
dataflow,ESTAT:TPS00205(1.0),Life expectancy at birth by sex,A,Annual,YR,Year,T,Total,Y_LT1,Less than 1 year,LV,Latvia,2017,,74.8,,,,,
dataflow,ESTAT:TPS00205(1.0),Life expectancy at birth by sex,A,Annual,YR,Year,T,Total,Y_LT1,Less than 1 year,LV,Latvia,2018,,75.0,,,,,
dataflow,ESTAT:TPS00205(1.0),Life expectancy at birth by sex,A,Annual,YR,Year,T,Total,Y_LT1,Less than 1 year,LV,Latvia,2019,,75.7,,,,,
dataflow,ESTAT:TPS00205(1.0),Life expectancy at birth by sex,A,Annual,YR,Year,T,Total,Y_LT1,Less than 1 year,LV,Latvia,2020,,75.4,,,,,
dataflow,ESTAT:TPS00205(1.0),Life expectancy at birth by sex,A,Annual,YR,Year,T,Total,Y_LT1,Less than 1 year,LV,Latvia,2021,,73.2,,,,,
dataflow,ESTAT:TPS00205(1.0),Life expectancy at birth by sex,A,Annual,YR,Year,T,Total,Y_LT1,Less than 1 year,LV,Latvia,2022,,74.5,,,,,
dataflow,ESTAT:TPS00205(1.0),Life expectancy at birth by sex,A,Annual,YR,Year,T,Total,Y_LT1,Less than 1 year,LV,Latvia,2023,,75.6,,,,,
dataflow,ESTAT:TPS00205(1.0),Life expectancy at birth by sex,A,Annual,YR,Year,T,Total,Y_LT1,Less than 1 year,LV,Latvia,2024,,76.4,,,,,
dataflow,ESTAT:TPS00205(1.0),Life expectancy at birth by sex,A,Annual,YR,Year,T,Total,Y_LT1,Less than 1 year,MD,Moldova,2023,,71.9,,ep,"estimated, provisional",,
dataflow,ESTAT:TPS00205(1.0),Life expectancy at birth by sex,A,Annual,YR,Year,T,Total,Y_LT1,Less than 1 year,ME,Montenegro,2013,,76.5,,,,,
dataflow,ESTAT:TPS00205(1.0),Life expectancy at birth by sex,A,Annual,YR,Year,T,Total,Y_LT1,Less than 1 year,ME,Montenegro,2014,,76.5,,,,,
dataflow,ESTAT:TPS00205(1.0),Life expectancy at birth by sex,A,Annual,YR,Year,T,Total,Y_LT1,Less than 1 year,ME,Montenegro,2015,,76.5,,,,,
dataflow,ESTAT:TPS00205(1.0),Life expectancy at birth by sex,A,Annual,YR,Year,T,Total,Y_LT1,Less than 1 year,ME,Montenegro,2016,,76.5,,,,,
dataflow,ESTAT:TPS00205(1.0),Life expectancy at birth by sex,A,Annual,YR,Year,T,Total,Y_LT1,Less than 1 year,ME,Montenegro,2017,,76.6,,,,,
dataflow,ESTAT:TPS00205(1.0),Life expectancy at birth by sex,A,Annual,YR,Year,T,Total,Y_LT1,Less than 1 year,ME,Montenegro,2018,,76.9,,,,,
dataflow,ESTAT:TPS00205(1.0),Life expectancy at birth by sex,A,Annual,YR,Year,T,Total,Y_LT1,Less than 1 year,ME,Montenegro,2019,,76.7,,,,,
dataflow,ESTAT:TPS00205(1.0),Life expectancy at birth by sex,A,Annual,YR,Year,T,Total,Y_LT1,Less than 1 year,ME,Montenegro,2020,,75.9,,,,,
dataflow,ESTAT:TPS00205(1.0),Life expectancy at birth by sex,A,Annual,YR,Year,T,Total,Y_LT1,Less than 1 year,ME,Montenegro,2021,,73.8,,,,,
dataflow,ESTAT:TPS00205(1.0),Life expectancy at birth by sex,A,Annual,YR,Year,T,Total,Y_LT1,Less than 1 year,ME,Montenegro,2023,,77.6,,,,,
dataflow,ESTAT:TPS00205(1.0),Life expectancy at birth by sex,A,Annual,YR,Year,T,Total,Y_LT1,Less than 1 year,ME,Montenegro,2024,,77.6,,b,break in time series,,
dataflow,ESTAT:TPS00205(1.0),Life expectancy at birth by sex,A,Annual,YR,Year,T,Total,Y_LT1,Less than 1 year,MK,North Macedonia,2013,,75.5,,,,,
dataflow,ESTAT:TPS00205(1.0),Life expectancy at birth by sex,A,Annual,YR,Year,T,Total,Y_LT1,Less than 1 year,MK,North Macedonia,2014,,75.5,,,,,
dataflow,ESTAT:TPS00205(1.0),Life expectancy at birth by sex,A,Annual,YR,Year,T,Total,Y_LT1,Less than 1 year,MK,North Macedonia,2015,,75.5,,,,,
dataflow,ESTAT:TPS00205(1.0),Life expectancy at birth by sex,A,Annual,YR,Year,T,Total,Y_LT1,Less than 1 year,MK,North Macedonia,2016,,75.4,,,,,
dataflow,ESTAT:TPS00205(1.0),Life expectancy at birth by sex,A,Annual,YR,Year,T,Total,Y_LT1,Less than 1 year,MK,North Macedonia,2017,,76.0,,,,,
dataflow,ESTAT:TPS00205(1.0),Life expectancy at birth by sex,A,Annual,YR,Year,T,Total,Y_LT1,Less than 1 year,MK,North Macedonia,2018,,76.7,,,,,
dataflow,ESTAT:TPS00205(1.0),Life expectancy at birth by sex,A,Annual,YR,Year,T,Total,Y_LT1,Less than 1 year,MK,North Macedonia,2019,,76.6,,,,,
dataflow,ESTAT:TPS00205(1.0),Life expectancy at birth by sex,A,Annual,YR,Year,T,Total,Y_LT1,Less than 1 year,MK,North Macedonia,2020,,74.4,,,,,
dataflow,ESTAT:TPS00205(1.0),Life expectancy at birth by sex,A,Annual,YR,Year,T,Total,Y_LT1,Less than 1 year,MK,North Macedonia,2021,,73.2,,b,break in time series,,
dataflow,ESTAT:TPS00205(1.0),Life expectancy at birth by sex,A,Annual,YR,Year,T,Total,Y_LT1,Less than 1 year,MT,Malta,2013,,81.8,,,,,
dataflow,ESTAT:TPS00205(1.0),Life expectancy at birth by sex,A,Annual,YR,Year,T,Total,Y_LT1,Less than 1 year,MT,Malta,2014,,81.8,,b,break in time series,,
dataflow,ESTAT:TPS00205(1.0),Life expectancy at birth by sex,A,Annual,YR,Year,T,Total,Y_LT1,Less than 1 year,MT,Malta,2015,,81.7,,,,,
dataflow,ESTAT:TPS00205(1.0),Life expectancy at birth by sex,A,Annual,YR,Year,T,Total,Y_LT1,Less than 1 year,MT,Malta,2016,,82.1,,,,,
dataflow,ESTAT:TPS00205(1.0),Life expectancy at birth by sex,A,Annual,YR,Year,T,Total,Y_LT1,Less than 1 year,MT,Malta,2017,,82.0,,,,,
dataflow,ESTAT:TPS00205(1.0),Life expectancy at birth by sex,A,Annual,YR,Year,T,Total,Y_LT1,Less than 1 year,MT,Malta,2018,,82.1,,,,,
dataflow,ESTAT:TPS00205(1.0),Life expectancy at birth by sex,A,Annual,YR,Year,T,Total,Y_LT1,Less than 1 year,MT,Malta,2019,,82.4,,,,,
dataflow,ESTAT:TPS00205(1.0),Life expectancy at birth by sex,A,Annual,YR,Year,T,Total,Y_LT1,Less than 1 year,MT,Malta,2020,,81.9,,,,,
dataflow,ESTAT:TPS00205(1.0),Life expectancy at birth by sex,A,Annual,YR,Year,T,Total,Y_LT1,Less than 1 year,MT,Malta,2021,,82.0,,,,,
dataflow,ESTAT:TPS00205(1.0),Life expectancy at birth by sex,A,Annual,YR,Year,T,Total,Y_LT1,Less than 1 year,MT,Malta,2022,,82.1,,,,,
dataflow,ESTAT:TPS00205(1.0),Life expectancy at birth by sex,A,Annual,YR,Year,T,Total,Y_LT1,Less than 1 year,MT,Malta,2023,,83.1,,,,,
dataflow,ESTAT:TPS00205(1.0),Life expectancy at birth by sex,A,Annual,YR,Year,T,Total,Y_LT1,Less than 1 year,MT,Malta,2024,,83.0,,,,,
dataflow,ESTAT:TPS00205(1.0),Life expectancy at birth by sex,A,Annual,YR,Year,T,Total,Y_LT1,Less than 1 year,NL,Netherlands,2013,,81.4,,,,,
dataflow,ESTAT:TPS00205(1.0),Life expectancy at birth by sex,A,Annual,YR,Year,T,Total,Y_LT1,Less than 1 year,NL,Netherlands,2014,,81.6,,b,break in time series,,
dataflow,ESTAT:TPS00205(1.0),Life expectancy at birth by sex,A,Annual,YR,Year,T,Total,Y_LT1,Less than 1 year,NL,Netherlands,2015,,81.5,,,,,
dataflow,ESTAT:TPS00205(1.0),Life expectancy at birth by sex,A,Annual,YR,Year,T,Total,Y_LT1,Less than 1 year,NL,Netherlands,2016,,81.5,,,,,
dataflow,ESTAT:TPS00205(1.0),Life expectancy at birth by sex,A,Annual,YR,Year,T,Total,Y_LT1,Less than 1 year,NL,Netherlands,2017,,81.7,,,,,
dataflow,ESTAT:TPS00205(1.0),Life expectancy at birth by sex,A,Annual,YR,Year,T,Total,Y_LT1,Less than 1 year,NL,Netherlands,2018,,81.8,,,,,
dataflow,ESTAT:TPS00205(1.0),Life expectancy at birth by sex,A,Annual,YR,Year,T,Total,Y_LT1,Less than 1 year,NL,Netherlands,2019,,82.1,,,,,
dataflow,ESTAT:TPS00205(1.0),Life expectancy at birth by sex,A,Annual,YR,Year,T,Total,Y_LT1,Less than 1 year,NL,Netherlands,2020,,81.4,,,,,
dataflow,ESTAT:TPS00205(1.0),Life expectancy at birth by sex,A,Annual,YR,Year,T,Total,Y_LT1,Less than 1 year,NL,Netherlands,2021,,81.3,,,,,
dataflow,ESTAT:TPS00205(1.0),Life expectancy at birth by sex,A,Annual,YR,Year,T,Total,Y_LT1,Less than 1 year,NL,Netherlands,2022,,81.6,,,,,
dataflow,ESTAT:TPS00205(1.0),Life expectancy at birth by sex,A,Annual,YR,Year,T,Total,Y_LT1,Less than 1 year,NL,Netherlands,2023,,81.8,,,,,
dataflow,ESTAT:TPS00205(1.0),Life expectancy at birth by sex,A,Annual,YR,Year,T,Total,Y_LT1,Less than 1 year,NL,Netherlands,2024,,81.9,,,,,
dataflow,ESTAT:TPS00205(1.0),Life expectancy at birth by sex,A,Annual,YR,Year,T,Total,Y_LT1,Less than 1 year,NO,Norway,2013,,81.8,,,,,
dataflow,ESTAT:TPS00205(1.0),Life expectancy at birth by sex,A,Annual,YR,Year,T,Total,Y_LT1,Less than 1 year,NO,Norway,2014,,82.1,,b,break in time series,,
dataflow,ESTAT:TPS00205(1.0),Life expectancy at birth by sex,A,Annual,YR,Year,T,Total,Y_LT1,Less than 1 year,NO,Norway,2015,,82.3,,,,,
dataflow,ESTAT:TPS00205(1.0),Life expectancy at birth by sex,A,Annual,YR,Year,T,Total,Y_LT1,Less than 1 year,NO,Norway,2016,,82.4,,,,,
dataflow,ESTAT:TPS00205(1.0),Life expectancy at birth by sex,A,Annual,YR,Year,T,Total,Y_LT1,Less than 1 year,NO,Norway,2017,,82.6,,,,,
dataflow,ESTAT:TPS00205(1.0),Life expectancy at birth by sex,A,Annual,YR,Year,T,Total,Y_LT1,Less than 1 year,NO,Norway,2018,,82.8,,,,,
dataflow,ESTAT:TPS00205(1.0),Life expectancy at birth by sex,A,Annual,YR,Year,T,Total,Y_LT1,Less than 1 year,NO,Norway,2019,,83.0,,,,,
dataflow,ESTAT:TPS00205(1.0),Life expectancy at birth by sex,A,Annual,YR,Year,T,Total,Y_LT1,Less than 1 year,NO,Norway,2020,,83.2,,,,,
dataflow,ESTAT:TPS00205(1.0),Life expectancy at birth by sex,A,Annual,YR,Year,T,Total,Y_LT1,Less than 1 year,NO,Norway,2021,,83.2,,,,,
dataflow,ESTAT:TPS00205(1.0),Life expectancy at birth by sex,A,Annual,YR,Year,T,Total,Y_LT1,Less than 1 year,NO,Norway,2022,,82.6,,,,,
dataflow,ESTAT:TPS00205(1.0),Life expectancy at birth by sex,A,Annual,YR,Year,T,Total,Y_LT1,Less than 1 year,NO,Norway,2023,,83.0,,,,,
dataflow,ESTAT:TPS00205(1.0),Life expectancy at birth by sex,A,Annual,YR,Year,T,Total,Y_LT1,Less than 1 year,NO,Norway,2024,,83.2,,,,,
dataflow,ESTAT:TPS00205(1.0),Life expectancy at birth by sex,A,Annual,YR,Year,T,Total,Y_LT1,Less than 1 year,PL,Poland,2013,,77.1,,,,,
dataflow,ESTAT:TPS00205(1.0),Life expectancy at birth by sex,A,Annual,YR,Year,T,Total,Y_LT1,Less than 1 year,PL,Poland,2014,,77.5,,b,break in time series,,
dataflow,ESTAT:TPS00205(1.0),Life expectancy at birth by sex,A,Annual,YR,Year,T,Total,Y_LT1,Less than 1 year,PL,Poland,2015,,77.4,,e,estimated,,
dataflow,ESTAT:TPS00205(1.0),Life expectancy at birth by sex,A,Annual,YR,Year,T,Total,Y_LT1,Less than 1 year,PL,Poland,2016,,77.8,,e,estimated,,
dataflow,ESTAT:TPS00205(1.0),Life expectancy at birth by sex,A,Annual,YR,Year,T,Total,Y_LT1,Less than 1 year,PL,Poland,2017,,77.7,,e,estimated,,
dataflow,ESTAT:TPS00205(1.0),Life expectancy at birth by sex,A,Annual,YR,Year,T,Total,Y_LT1,Less than 1 year,PL,Poland,2018,,77.6,,e,estimated,,
dataflow,ESTAT:TPS00205(1.0),Life expectancy at birth by sex,A,Annual,YR,Year,T,Total,Y_LT1,Less than 1 year,PL,Poland,2019,,77.9,,e,estimated,,
dataflow,ESTAT:TPS00205(1.0),Life expectancy at birth by sex,A,Annual,YR,Year,T,Total,Y_LT1,Less than 1 year,PL,Poland,2020,,76.4,,bep,"break in time series, estimated, provisional",,
dataflow,ESTAT:TPS00205(1.0),Life expectancy at birth by sex,A,Annual,YR,Year,T,Total,Y_LT1,Less than 1 year,PL,Poland,2021,,75.4,,bep,"break in time series, estimated, provisional",,
dataflow,ESTAT:TPS00205(1.0),Life expectancy at birth by sex,A,Annual,YR,Year,T,Total,Y_LT1,Less than 1 year,PL,Poland,2022,,77.1,,ep,"estimated, provisional",,
dataflow,ESTAT:TPS00205(1.0),Life expectancy at birth by sex,A,Annual,YR,Year,T,Total,Y_LT1,Less than 1 year,PL,Poland,2023,,78.2,,ep,"estimated, provisional",,
dataflow,ESTAT:TPS00205(1.0),Life expectancy at birth by sex,A,Annual,YR,Year,T,Total,Y_LT1,Less than 1 year,PL,Poland,2024,,78.5,,ep,"estimated, provisional",,
dataflow,ESTAT:TPS00205(1.0),Life expectancy at birth by sex,A,Annual,YR,Year,T,Total,Y_LT1,Less than 1 year,PT,Portugal,2013,,80.9,,,,,
dataflow,ESTAT:TPS00205(1.0),Life expectancy at birth by sex,A,Annual,YR,Year,T,Total,Y_LT1,Less than 1 year,PT,Portugal,2014,,81.3,,b,break in time series,,
dataflow,ESTAT:TPS00205(1.0),Life expectancy at birth by sex,A,Annual,YR,Year,T,Total,Y_LT1,Less than 1 year,PT,Portugal,2015,,81.3,,,,,
dataflow,ESTAT:TPS00205(1.0),Life expectancy at birth by sex,A,Annual,YR,Year,T,Total,Y_LT1,Less than 1 year,PT,Portugal,2016,,81.4,,,,,
dataflow,ESTAT:TPS00205(1.0),Life expectancy at birth by sex,A,Annual,YR,Year,T,Total,Y_LT1,Less than 1 year,PT,Portugal,2017,,81.6,,,,,
dataflow,ESTAT:TPS00205(1.0),Life expectancy at birth by sex,A,Annual,YR,Year,T,Total,Y_LT1,Less than 1 year,PT,Portugal,2018,,81.6,,,,,
dataflow,ESTAT:TPS00205(1.0),Life expectancy at birth by sex,A,Annual,YR,Year,T,Total,Y_LT1,Less than 1 year,PT,Portugal,2019,,82.0,,,,,
dataflow,ESTAT:TPS00205(1.0),Life expectancy at birth by sex,A,Annual,YR,Year,T,Total,Y_LT1,Less than 1 year,PT,Portugal,2020,,81.4,,,,,
dataflow,ESTAT:TPS00205(1.0),Life expectancy at birth by sex,A,Annual,YR,Year,T,Total,Y_LT1,Less than 1 year,PT,Portugal,2021,,81.4,,,,,
dataflow,ESTAT:TPS00205(1.0),Life expectancy at birth by sex,A,Annual,YR,Year,T,Total,Y_LT1,Less than 1 year,PT,Portugal,2022,,81.7,,,,,
dataflow,ESTAT:TPS00205(1.0),Life expectancy at birth by sex,A,Annual,YR,Year,T,Total,Y_LT1,Less than 1 year,PT,Portugal,2023,,82.3,,,,,
dataflow,ESTAT:TPS00205(1.0),Life expectancy at birth by sex,A,Annual,YR,Year,T,Total,Y_LT1,Less than 1 year,PT,Portugal,2024,,82.5,,,,,
dataflow,ESTAT:TPS00205(1.0),Life expectancy at birth by sex,A,Annual,YR,Year,T,Total,Y_LT1,Less than 1 year,RO,Romania,2013,,75.1,,,,,
dataflow,ESTAT:TPS00205(1.0),Life expectancy at birth by sex,A,Annual,YR,Year,T,Total,Y_LT1,Less than 1 year,RO,Romania,2014,,74.9,,be,"break in time series, estimated",,
dataflow,ESTAT:TPS00205(1.0),Life expectancy at birth by sex,A,Annual,YR,Year,T,Total,Y_LT1,Less than 1 year,RO,Romania,2015,,74.9,,be,"break in time series, estimated",,
dataflow,ESTAT:TPS00205(1.0),Life expectancy at birth by sex,A,Annual,YR,Year,T,Total,Y_LT1,Less than 1 year,RO,Romania,2016,,75.2,,be,"break in time series, estimated",,
dataflow,ESTAT:TPS00205(1.0),Life expectancy at birth by sex,A,Annual,YR,Year,T,Total,Y_LT1,Less than 1 year,RO,Romania,2017,,75.2,,,,,
dataflow,ESTAT:TPS00205(1.0),Life expectancy at birth by sex,A,Annual,YR,Year,T,Total,Y_LT1,Less than 1 year,RO,Romania,2018,,75.3,,,,,
dataflow,ESTAT:TPS00205(1.0),Life expectancy at birth by sex,A,Annual,YR,Year,T,Total,Y_LT1,Less than 1 year,RO,Romania,2019,,75.6,,e,estimated,,
dataflow,ESTAT:TPS00205(1.0),Life expectancy at birth by sex,A,Annual,YR,Year,T,Total,Y_LT1,Less than 1 year,RO,Romania,2020,,74.1,,e,estimated,,
dataflow,ESTAT:TPS00205(1.0),Life expectancy at birth by sex,A,Annual,YR,Year,T,Total,Y_LT1,Less than 1 year,RO,Romania,2021,,72.8,,e,estimated,,
dataflow,ESTAT:TPS00205(1.0),Life expectancy at birth by sex,A,Annual,YR,Year,T,Total,Y_LT1,Less than 1 year,RO,Romania,2022,,75.1,,e,estimated,,
dataflow,ESTAT:TPS00205(1.0),Life expectancy at birth by sex,A,Annual,YR,Year,T,Total,Y_LT1,Less than 1 year,RO,Romania,2023,,76.3,,e,estimated,,
dataflow,ESTAT:TPS00205(1.0),Life expectancy at birth by sex,A,Annual,YR,Year,T,Total,Y_LT1,Less than 1 year,RO,Romania,2024,,76.5,,e,estimated,,
dataflow,ESTAT:TPS00205(1.0),Life expectancy at birth by sex,A,Annual,YR,Year,T,Total,Y_LT1,Less than 1 year,RS,Serbia,2013,,75.3,,,,,
dataflow,ESTAT:TPS00205(1.0),Life expectancy at birth by sex,A,Annual,YR,Year,T,Total,Y_LT1,Less than 1 year,RS,Serbia,2014,,75.4,,,,,
dataflow,ESTAT:TPS00205(1.0),Life expectancy at birth by sex,A,Annual,YR,Year,T,Total,Y_LT1,Less than 1 year,RS,Serbia,2015,,75.3,,,,,
dataflow,ESTAT:TPS00205(1.0),Life expectancy at birth by sex,A,Annual,YR,Year,T,Total,Y_LT1,Less than 1 year,RS,Serbia,2016,,75.7,,,,,
dataflow,ESTAT:TPS00205(1.0),Life expectancy at birth by sex,A,Annual,YR,Year,T,Total,Y_LT1,Less than 1 year,RS,Serbia,2017,,75.6,,,,,
dataflow,ESTAT:TPS00205(1.0),Life expectancy at birth by sex,A,Annual,YR,Year,T,Total,Y_LT1,Less than 1 year,RS,Serbia,2018,,75.9,,,,,
dataflow,ESTAT:TPS00205(1.0),Life expectancy at birth by sex,A,Annual,YR,Year,T,Total,Y_LT1,Less than 1 year,RS,Serbia,2019,,76.0,,,,,
dataflow,ESTAT:TPS00205(1.0),Life expectancy at birth by sex,A,Annual,YR,Year,T,Total,Y_LT1,Less than 1 year,RS,Serbia,2020,,74.5,,,,,
dataflow,ESTAT:TPS00205(1.0),Life expectancy at birth by sex,A,Annual,YR,Year,T,Total,Y_LT1,Less than 1 year,RS,Serbia,2021,,72.8,,,,,
dataflow,ESTAT:TPS00205(1.0),Life expectancy at birth by sex,A,Annual,YR,Year,T,Total,Y_LT1,Less than 1 year,RS,Serbia,2022,,75.2,,b,break in time series,,
dataflow,ESTAT:TPS00205(1.0),Life expectancy at birth by sex,A,Annual,YR,Year,T,Total,Y_LT1,Less than 1 year,RS,Serbia,2023,,76.2,,b,break in time series,,
dataflow,ESTAT:TPS00205(1.0),Life expectancy at birth by sex,A,Annual,YR,Year,T,Total,Y_LT1,Less than 1 year,RS,Serbia,2024,,76.2,,b,break in time series,,
dataflow,ESTAT:TPS00205(1.0),Life expectancy at birth by sex,A,Annual,YR,Year,T,Total,Y_LT1,Less than 1 year,SE,Sweden,2013,,82.0,,,,,
dataflow,ESTAT:TPS00205(1.0),Life expectancy at birth by sex,A,Annual,YR,Year,T,Total,Y_LT1,Less than 1 year,SE,Sweden,2014,,82.2,,b,break in time series,,
dataflow,ESTAT:TPS00205(1.0),Life expectancy at birth by sex,A,Annual,YR,Year,T,Total,Y_LT1,Less than 1 year,SE,Sweden,2015,,82.2,,,,,
dataflow,ESTAT:TPS00205(1.0),Life expectancy at birth by sex,A,Annual,YR,Year,T,Total,Y_LT1,Less than 1 year,SE,Sweden,2016,,82.3,,,,,
dataflow,ESTAT:TPS00205(1.0),Life expectancy at birth by sex,A,Annual,YR,Year,T,Total,Y_LT1,Less than 1 year,SE,Sweden,2017,,82.4,,,,,
dataflow,ESTAT:TPS00205(1.0),Life expectancy at birth by sex,A,Annual,YR,Year,T,Total,Y_LT1,Less than 1 year,SE,Sweden,2018,,82.5,,,,,
dataflow,ESTAT:TPS00205(1.0),Life expectancy at birth by sex,A,Annual,YR,Year,T,Total,Y_LT1,Less than 1 year,SE,Sweden,2019,,83.1,,,,,
dataflow,ESTAT:TPS00205(1.0),Life expectancy at birth by sex,A,Annual,YR,Year,T,Total,Y_LT1,Less than 1 year,SE,Sweden,2020,,82.4,,,,,
dataflow,ESTAT:TPS00205(1.0),Life expectancy at birth by sex,A,Annual,YR,Year,T,Total,Y_LT1,Less than 1 year,SE,Sweden,2021,,83.0,,,,,
dataflow,ESTAT:TPS00205(1.0),Life expectancy at birth by sex,A,Annual,YR,Year,T,Total,Y_LT1,Less than 1 year,SE,Sweden,2022,,83.0,,,,,
dataflow,ESTAT:TPS00205(1.0),Life expectancy at birth by sex,A,Annual,YR,Year,T,Total,Y_LT1,Less than 1 year,SE,Sweden,2023,,83.2,,,,,
dataflow,ESTAT:TPS00205(1.0),Life expectancy at birth by sex,A,Annual,YR,Year,T,Total,Y_LT1,Less than 1 year,SE,Sweden,2024,,83.8,,,,,
dataflow,ESTAT:TPS00205(1.0),Life expectancy at birth by sex,A,Annual,YR,Year,T,Total,Y_LT1,Less than 1 year,SI,Slovenia,2013,,80.5,,,,,
dataflow,ESTAT:TPS00205(1.0),Life expectancy at birth by sex,A,Annual,YR,Year,T,Total,Y_LT1,Less than 1 year,SI,Slovenia,2014,,80.9,,b,break in time series,,
dataflow,ESTAT:TPS00205(1.0),Life expectancy at birth by sex,A,Annual,YR,Year,T,Total,Y_LT1,Less than 1 year,SI,Slovenia,2015,,80.6,,,,,
dataflow,ESTAT:TPS00205(1.0),Life expectancy at birth by sex,A,Annual,YR,Year,T,Total,Y_LT1,Less than 1 year,SI,Slovenia,2016,,81.0,,,,,
dataflow,ESTAT:TPS00205(1.0),Life expectancy at birth by sex,A,Annual,YR,Year,T,Total,Y_LT1,Less than 1 year,SI,Slovenia,2017,,80.9,,,,,
dataflow,ESTAT:TPS00205(1.0),Life expectancy at birth by sex,A,Annual,YR,Year,T,Total,Y_LT1,Less than 1 year,SI,Slovenia,2018,,81.2,,,,,
dataflow,ESTAT:TPS00205(1.0),Life expectancy at birth by sex,A,Annual,YR,Year,T,Total,Y_LT1,Less than 1 year,SI,Slovenia,2019,,81.4,,,,,
dataflow,ESTAT:TPS00205(1.0),Life expectancy at birth by sex,A,Annual,YR,Year,T,Total,Y_LT1,Less than 1 year,SI,Slovenia,2020,,80.5,,,,,
dataflow,ESTAT:TPS00205(1.0),Life expectancy at birth by sex,A,Annual,YR,Year,T,Total,Y_LT1,Less than 1 year,SI,Slovenia,2021,,80.6,,,,,
dataflow,ESTAT:TPS00205(1.0),Life expectancy at birth by sex,A,Annual,YR,Year,T,Total,Y_LT1,Less than 1 year,SI,Slovenia,2022,,81.2,,,,,
dataflow,ESTAT:TPS00205(1.0),Life expectancy at birth by sex,A,Annual,YR,Year,T,Total,Y_LT1,Less than 1 year,SI,Slovenia,2023,,81.8,,,,,
dataflow,ESTAT:TPS00205(1.0),Life expectancy at birth by sex,A,Annual,YR,Year,T,Total,Y_LT1,Less than 1 year,SI,Slovenia,2024,,82.1,,,,,
dataflow,ESTAT:TPS00205(1.0),Life expectancy at birth by sex,A,Annual,YR,Year,T,Total,Y_LT1,Less than 1 year,SK,Slovakia,2013,,76.6,,,,,
dataflow,ESTAT:TPS00205(1.0),Life expectancy at birth by sex,A,Annual,YR,Year,T,Total,Y_LT1,Less than 1 year,SK,Slovakia,2014,,76.9,,b,break in time series,,
dataflow,ESTAT:TPS00205(1.0),Life expectancy at birth by sex,A,Annual,YR,Year,T,Total,Y_LT1,Less than 1 year,SK,Slovakia,2015,,76.7,,,,,
dataflow,ESTAT:TPS00205(1.0),Life expectancy at birth by sex,A,Annual,YR,Year,T,Total,Y_LT1,Less than 1 year,SK,Slovakia,2016,,77.3,,,,,
dataflow,ESTAT:TPS00205(1.0),Life expectancy at birth by sex,A,Annual,YR,Year,T,Total,Y_LT1,Less than 1 year,SK,Slovakia,2017,,77.3,,,,,
dataflow,ESTAT:TPS00205(1.0),Life expectancy at birth by sex,A,Annual,YR,Year,T,Total,Y_LT1,Less than 1 year,SK,Slovakia,2018,,77.3,,,,,
dataflow,ESTAT:TPS00205(1.0),Life expectancy at birth by sex,A,Annual,YR,Year,T,Total,Y_LT1,Less than 1 year,SK,Slovakia,2019,,77.7,,,,,
dataflow,ESTAT:TPS00205(1.0),Life expectancy at birth by sex,A,Annual,YR,Year,T,Total,Y_LT1,Less than 1 year,SK,Slovakia,2020,,77.0,,,,,
dataflow,ESTAT:TPS00205(1.0),Life expectancy at birth by sex,A,Annual,YR,Year,T,Total,Y_LT1,Less than 1 year,SK,Slovakia,2021,,74.6,,,,,
dataflow,ESTAT:TPS00205(1.0),Life expectancy at birth by sex,A,Annual,YR,Year,T,Total,Y_LT1,Less than 1 year,SK,Slovakia,2022,,77.0,,,,,
dataflow,ESTAT:TPS00205(1.0),Life expectancy at birth by sex,A,Annual,YR,Year,T,Total,Y_LT1,Less than 1 year,SK,Slovakia,2023,,78.1,,,,,
dataflow,ESTAT:TPS00205(1.0),Life expectancy at birth by sex,A,Annual,YR,Year,T,Total,Y_LT1,Less than 1 year,SK,Slovakia,2024,,78.4,,,,,
dataflow,ESTAT:TPS00205(1.0),Life expectancy at birth by sex,A,Annual,YR,Year,T,Total,Y_LT1,Less than 1 year,TR,Türkiye,2013,,78.2,,,,,
dataflow,ESTAT:TPS00205(1.0),Life expectancy at birth by sex,A,Annual,YR,Year,T,Total,Y_LT1,Less than 1 year,TR,Türkiye,2014,,78.1,,,,,
dataflow,ESTAT:TPS00205(1.0),Life expectancy at birth by sex,A,Annual,YR,Year,T,Total,Y_LT1,Less than 1 year,TR,Türkiye,2015,,78.2,,,,,
dataflow,ESTAT:TPS00205(1.0),Life expectancy at birth by sex,A,Annual,YR,Year,T,Total,Y_LT1,Less than 1 year,TR,Türkiye,2016,,78.1,,,,,
dataflow,ESTAT:TPS00205(1.0),Life expectancy at birth by sex,A,Annual,YR,Year,T,Total,Y_LT1,Less than 1 year,TR,Türkiye,2017,,78.5,,,,,
dataflow,ESTAT:TPS00205(1.0),Life expectancy at birth by sex,A,Annual,YR,Year,T,Total,Y_LT1,Less than 1 year,TR,Türkiye,2018,,78.9,,,,,
dataflow,ESTAT:TPS00205(1.0),Life expectancy at birth by sex,A,Annual,YR,Year,T,Total,Y_LT1,Less than 1 year,TR,Türkiye,2019,,79.1,,,,,
dataflow,ESTAT:TPS00205(1.0),Life expectancy at birth by sex,A,Annual,YR,Year,T,Total,Y_LT1,Less than 1 year,TR,Türkiye,2022,,76.3,,,,,
dataflow,ESTAT:TPS00205(1.0),Life expectancy at birth by sex,A,Annual,YR,Year,T,Total,Y_LT1,Less than 1 year,TR,Türkiye,2023,,77.3,,,,,
dataflow,ESTAT:TPS00205(1.0),Life expectancy at birth by sex,A,Annual,YR,Year,T,Total,Y_LT1,Less than 1 year,TR,Türkiye,2024,,79.0,,b,break in time series,,
dataflow,ESTAT:TPS00205(1.0),Life expectancy at birth by sex,A,Annual,YR,Year,T,Total,Y_LT1,Less than 1 year,UA,Ukraine,2014,,71.8,,,,,
dataflow,ESTAT:TPS00205(1.0),Life expectancy at birth by sex,A,Annual,YR,Year,T,Total,Y_LT1,Less than 1 year,UA,Ukraine,2015,,72.5,,,,,
dataflow,ESTAT:TPS00205(1.0),Life expectancy at birth by sex,A,Annual,YR,Year,T,Total,Y_LT1,Less than 1 year,UA,Ukraine,2016,,72.9,,,,,
dataflow,ESTAT:TPS00205(1.0),Life expectancy at birth by sex,A,Annual,YR,Year,T,Total,Y_LT1,Less than 1 year,UA,Ukraine,2017,,73.3,,,,,
dataflow,ESTAT:TPS00205(1.0),Life expectancy at birth by sex,A,Annual,YR,Year,T,Total,Y_LT1,Less than 1 year,UA,Ukraine,2018,,73.2,,,,,
dataflow,ESTAT:TPS00205(1.0),Life expectancy at birth by sex,A,Annual,YR,Year,T,Total,Y_LT1,Less than 1 year,UA,Ukraine,2019,,73.4,,,,,
dataflow,ESTAT:TPS00205(1.0),Life expectancy at birth by sex,A,Annual,YR,Year,T,Total,Y_LT1,Less than 1 year,UK,United Kingdom,2013,,81.1,,,,,
dataflow,ESTAT:TPS00205(1.0),Life expectancy at birth by sex,A,Annual,YR,Year,T,Total,Y_LT1,Less than 1 year,UK,United Kingdom,2014,,81.4,,,,,
dataflow,ESTAT:TPS00205(1.0),Life expectancy at birth by sex,A,Annual,YR,Year,T,Total,Y_LT1,Less than 1 year,UK,United Kingdom,2015,,81.0,,,,,
dataflow,ESTAT:TPS00205(1.0),Life expectancy at birth by sex,A,Annual,YR,Year,T,Total,Y_LT1,Less than 1 year,UK,United Kingdom,2016,,81.2,,,,,
dataflow,ESTAT:TPS00205(1.0),Life expectancy at birth by sex,A,Annual,YR,Year,T,Total,Y_LT1,Less than 1 year,UK,United Kingdom,2017,,81.3,,,,,
dataflow,ESTAT:TPS00205(1.0),Life expectancy at birth by sex,A,Annual,YR,Year,T,Total,Y_LT1,Less than 1 year,UK,United Kingdom,2018,,81.3,,,,,
dataflow,ESTAT:TPS00205(1.0),Life expectancy at birth by sex,A,Annual,YR,Year,T,Total,Y_LT1,Less than 1 year,XK,Kosovo*,2016,,78.6,,p,provisional,,
