STRUCTURE,STRUCTURE_ID,STRUCTURE_NAME,freq,Time frequency,statinfo,Statistical information,unit,Unit of measure,isced11,International Standard Classification of Education (ISCED 2011),life_sat,Life satisfaction,sex,Sex,age,Age class,geo,Geopolitical entity (reporting),TIME_PERIOD,Time,OBS_VALUE,Observation value,OBS_FLAG,Observation status (Flag) V2 structure,CONF_STATUS,Confidentiality status (flag)
dataflow,ESTAT:ILC_PW01$DEFAULTVIEW(1.0),"Overall life satisfaction by sex, age and educational attainment",A,Annual,AVG,Average,RTG,Rating (0-10),TOTAL,All ISCED 2011 levels,LIFE,Life as a whole,T,Total,Y_GE16,16 years or over,AL,Albania,2018,,5.5,,,,,
dataflow,ESTAT:ILC_PW01$DEFAULTVIEW(1.0),"Overall life satisfaction by sex, age and educational attainment",A,Annual,AVG,Average,RTG,Rating (0-10),TOTAL,All ISCED 2011 levels,LIFE,Life as a whole,T,Total,Y_GE16,16 years or over,AL,Albania,2021,,5.7,,,,,
dataflow,ESTAT:ILC_PW01$DEFAULTVIEW(1.0),"Overall life satisfaction by sex, age and educational attainment",A,Annual,AVG,Average,RTG,Rating (0-10),TOTAL,All ISCED 2011 levels,LIFE,Life as a whole,T,Total,Y_GE16,16 years or over,AL,Albania,2022,,6.0,,,,,
dataflow,ESTAT:ILC_PW01$DEFAULTVIEW(1.0),"Overall life satisfaction by sex, age and educational attainment",A,Annual,AVG,Average,RTG,Rating (0-10),TOTAL,All ISCED 2011 levels,LIFE,Life as a whole,T,Total,Y_GE16,16 years or over,AL,Albania,2023,,6.3,,,,,
dataflow,ESTAT:ILC_PW01$DEFAULTVIEW(1.0),"Overall life satisfaction by sex, age and educational attainment",A,Annual,AVG,Average,RTG,Rating (0-10),TOTAL,All ISCED 2011 levels,LIFE,Life as a whole,T,Total,Y_GE16,16 years or over,AT,Austria,2013,,7.8,,,,,
dataflow,ESTAT:ILC_PW01$DEFAULTVIEW(1.0),"Overall life satisfaction by sex, age and educational attainment",A,Annual,AVG,Average,RTG,Rating (0-10),TOTAL,All ISCED 2011 levels,LIFE,Life as a whole,T,Total,Y_GE16,16 years or over,AT,Austria,2018,,8.0,,,,,
dataflow,ESTAT:ILC_PW01$DEFAULTVIEW(1.0),"Overall life satisfaction by sex, age and educational attainment",A,Annual,AVG,Average,RTG,Rating (0-10),TOTAL,All ISCED 2011 levels,LIFE,Life as a whole,T,Total,Y_GE16,16 years or over,AT,Austria,2021,,8.0,,,,,
dataflow,ESTAT:ILC_PW01$DEFAULTVIEW(1.0),"Overall life satisfaction by sex, age and educational attainment",A,Annual,AVG,Average,RTG,Rating (0-10),TOTAL,All ISCED 2011 levels,LIFE,Life as a whole,T,Total,Y_GE16,16 years or over,AT,Austria,2022,,7.9,,,,,
dataflow,ESTAT:ILC_PW01$DEFAULTVIEW(1.0),"Overall life satisfaction by sex, age and educational attainment",A,Annual,AVG,Average,RTG,Rating (0-10),TOTAL,All ISCED 2011 levels,LIFE,Life as a whole,T,Total,Y_GE16,16 years or over,AT,Austria,2023,,7.7,,,,,
dataflow,ESTAT:ILC_PW01$DEFAULTVIEW(1.0),"Overall life satisfaction by sex, age and educational attainment",A,Annual,AVG,Average,RTG,Rating (0-10),TOTAL,All ISCED 2011 levels,LIFE,Life as a whole,T,Total,Y_GE16,16 years or over,AT,Austria,2024,,7.6,,,,,
dataflow,ESTAT:ILC_PW01$DEFAULTVIEW(1.0),"Overall life satisfaction by sex, age and educational attainment",A,Annual,AVG,Average,RTG,Rating (0-10),TOTAL,All ISCED 2011 levels,LIFE,Life as a whole,T,Total,Y_GE16,16 years or over,AT,Austria,2025,,7.7,,,,,
dataflow,ESTAT:ILC_PW01$DEFAULTVIEW(1.0),"Overall life satisfaction by sex, age and educational attainment",A,Annual,AVG,Average,RTG,Rating (0-10),TOTAL,All ISCED 2011 levels,LIFE,Life as a whole,T,Total,Y_GE16,16 years or over,BE,Belgium,2013,,7.5,,,,,
dataflow,ESTAT:ILC_PW01$DEFAULTVIEW(1.0),"Overall life satisfaction by sex, age and educational attainment",A,Annual,AVG,Average,RTG,Rating (0-10),TOTAL,All ISCED 2011 levels,LIFE,Life as a whole,T,Total,Y_GE16,16 years or over,BE,Belgium,2018,,7.6,,,,,
dataflow,ESTAT:ILC_PW01$DEFAULTVIEW(1.0),"Overall life satisfaction by sex, age and educational attainment",A,Annual,AVG,Average,RTG,Rating (0-10),TOTAL,All ISCED 2011 levels,LIFE,Life as a whole,T,Total,Y_GE16,16 years or over,BE,Belgium,2021,,7.5,,,,,
dataflow,ESTAT:ILC_PW01$DEFAULTVIEW(1.0),"Overall life satisfaction by sex, age and educational attainment",A,Annual,AVG,Average,RTG,Rating (0-10),TOTAL,All ISCED 2011 levels,LIFE,Life as a whole,T,Total,Y_GE16,16 years or over,BE,Belgium,2022,,7.6,,,,,
dataflow,ESTAT:ILC_PW01$DEFAULTVIEW(1.0),"Overall life satisfaction by sex, age and educational attainment",A,Annual,AVG,Average,RTG,Rating (0-10),TOTAL,All ISCED 2011 levels,LIFE,Life as a whole,T,Total,Y_GE16,16 years or over,BE,Belgium,2023,,7.7,,,,,
dataflow,ESTAT:ILC_PW01$DEFAULTVIEW(1.0),"Overall life satisfaction by sex, age and educational attainment",A,Annual,AVG,Average,RTG,Rating (0-10),TOTAL,All ISCED 2011 levels,LIFE,Life as a whole,T,Total,Y_GE16,16 years or over,BE,Belgium,2024,,7.6,,,,,
dataflow,ESTAT:ILC_PW01$DEFAULTVIEW(1.0),"Overall life satisfaction by sex, age and educational attainment",A,Annual,AVG,Average,RTG,Rating (0-10),TOTAL,All ISCED 2011 levels,LIFE,Life as a whole,T,Total,Y_GE16,16 years or over,BE,Belgium,2025,,7.6,,,,,
dataflow,ESTAT:ILC_PW01$DEFAULTVIEW(1.0),"Overall life satisfaction by sex, age and educational attainment",A,Annual,AVG,Average,RTG,Rating (0-10),TOTAL,All ISCED 2011 levels,LIFE,Life as a whole,T,Total,Y_GE16,16 years or over,BG,Bulgaria,2013,,4.8,,,,,
dataflow,ESTAT:ILC_PW01$DEFAULTVIEW(1.0),"Overall life satisfaction by sex, age and educational attainment",A,Annual,AVG,Average,RTG,Rating (0-10),TOTAL,All ISCED 2011 levels,LIFE,Life as a whole,T,Total,Y_GE16,16 years or over,BG,Bulgaria,2018,,5.4,,,,,
dataflow,ESTAT:ILC_PW01$DEFAULTVIEW(1.0),"Overall life satisfaction by sex, age and educational attainment",A,Annual,AVG,Average,RTG,Rating (0-10),TOTAL,All ISCED 2011 levels,LIFE,Life as a whole,T,Total,Y_GE16,16 years or over,BG,Bulgaria,2021,,5.7,,,,,
dataflow,ESTAT:ILC_PW01$DEFAULTVIEW(1.0),"Overall life satisfaction by sex, age and educational attainment",A,Annual,AVG,Average,RTG,Rating (0-10),TOTAL,All ISCED 2011 levels,LIFE,Life as a whole,T,Total,Y_GE16,16 years or over,BG,Bulgaria,2022,,5.6,,,,,
dataflow,ESTAT:ILC_PW01$DEFAULTVIEW(1.0),"Overall life satisfaction by sex, age and educational attainment",A,Annual,AVG,Average,RTG,Rating (0-10),TOTAL,All ISCED 2011 levels,LIFE,Life as a whole,T,Total,Y_GE16,16 years or over,BG,Bulgaria,2023,,5.9,,,,,
dataflow,ESTAT:ILC_PW01$DEFAULTVIEW(1.0),"Overall life satisfaction by sex, age and educational attainment",A,Annual,AVG,Average,RTG,Rating (0-10),TOTAL,All ISCED 2011 levels,LIFE,Life as a whole,T,Total,Y_GE16,16 years or over,BG,Bulgaria,2024,,6.2,,,,,
dataflow,ESTAT:ILC_PW01$DEFAULTVIEW(1.0),"Overall life satisfaction by sex, age and educational attainment",A,Annual,AVG,Average,RTG,Rating (0-10),TOTAL,All ISCED 2011 levels,LIFE,Life as a whole,T,Total,Y_GE16,16 years or over,BG,Bulgaria,2025,,6.3,,,,,
dataflow,ESTAT:ILC_PW01$DEFAULTVIEW(1.0),"Overall life satisfaction by sex, age and educational attainment",A,Annual,AVG,Average,RTG,Rating (0-10),TOTAL,All ISCED 2011 levels,LIFE,Life as a whole,T,Total,Y_GE16,16 years or over,CH,Switzerland,2013,,8.0,,,,,
dataflow,ESTAT:ILC_PW01$DEFAULTVIEW(1.0),"Overall life satisfaction by sex, age and educational attainment",A,Annual,AVG,Average,RTG,Rating (0-10),TOTAL,All ISCED 2011 levels,LIFE,Life as a whole,T,Total,Y_GE16,16 years or over,CH,Switzerland,2018,,8.0,,,,,
dataflow,ESTAT:ILC_PW01$DEFAULTVIEW(1.0),"Overall life satisfaction by sex, age and educational attainment",A,Annual,AVG,Average,RTG,Rating (0-10),TOTAL,All ISCED 2011 levels,LIFE,Life as a whole,T,Total,Y_GE16,16 years or over,CH,Switzerland,2021,,7.9,,,,,
dataflow,ESTAT:ILC_PW01$DEFAULTVIEW(1.0),"Overall life satisfaction by sex, age and educational attainment",A,Annual,AVG,Average,RTG,Rating (0-10),TOTAL,All ISCED 2011 levels,LIFE,Life as a whole,T,Total,Y_GE16,16 years or over,CH,Switzerland,2022,,8.0,,,,,
dataflow,ESTAT:ILC_PW01$DEFAULTVIEW(1.0),"Overall life satisfaction by sex, age and educational attainment",A,Annual,AVG,Average,RTG,Rating (0-10),TOTAL,All ISCED 2011 levels,LIFE,Life as a whole,T,Total,Y_GE16,16 years or over,CH,Switzerland,2023,,7.8,,,,,
dataflow,ESTAT:ILC_PW01$DEFAULTVIEW(1.0),"Overall life satisfaction by sex, age and educational attainment",A,Annual,AVG,Average,RTG,Rating (0-10),TOTAL,All ISCED 2011 levels,LIFE,Life as a whole,T,Total,Y_GE16,16 years or over,CH,Switzerland,2024,,7.7,,,,,
dataflow,ESTAT:ILC_PW01$DEFAULTVIEW(1.0),"Overall life satisfaction by sex, age and educational attainment",A,Annual,AVG,Average,RTG,Rating (0-10),TOTAL,All ISCED 2011 levels,LIFE,Life as a whole,T,Total,Y_GE16,16 years or over,CY,Cyprus,2013,,6.2,,,,,
dataflow,ESTAT:ILC_PW01$DEFAULTVIEW(1.0),"Overall life satisfaction by sex, age and educational attainment",A,Annual,AVG,Average,RTG,Rating (0-10),TOTAL,All ISCED 2011 levels,LIFE,Life as a whole,T,Total,Y_GE16,16 years or over,CY,Cyprus,2018,,7.1,,,,,
dataflow,ESTAT:ILC_PW01$DEFAULTVIEW(1.0),"Overall life satisfaction by sex, age and educational attainment",A,Annual,AVG,Average,RTG,Rating (0-10),TOTAL,All ISCED 2011 levels,LIFE,Life as a whole,T,Total,Y_GE16,16 years or over,CY,Cyprus,2021,,6.7,,,,,
dataflow,ESTAT:ILC_PW01$DEFAULTVIEW(1.0),"Overall life satisfaction by sex, age and educational attainment",A,Annual,AVG,Average,RTG,Rating (0-10),TOTAL,All ISCED 2011 levels,LIFE,Life as a whole,T,Total,Y_GE16,16 years or over,CY,Cyprus,2022,,7.1,,,,,
dataflow,ESTAT:ILC_PW01$DEFAULTVIEW(1.0),"Overall life satisfaction by sex, age and educational attainment",A,Annual,AVG,Average,RTG,Rating (0-10),TOTAL,All ISCED 2011 levels,LIFE,Life as a whole,T,Total,Y_GE16,16 years or over,CY,Cyprus,2023,,7.4,,,,,
dataflow,ESTAT:ILC_PW01$DEFAULTVIEW(1.0),"Overall life satisfaction by sex, age and educational attainment",A,Annual,AVG,Average,RTG,Rating (0-10),TOTAL,All ISCED 2011 levels,LIFE,Life as a whole,T,Total,Y_GE16,16 years or over,CY,Cyprus,2024,,7.4,,,,,
dataflow,ESTAT:ILC_PW01$DEFAULTVIEW(1.0),"Overall life satisfaction by sex, age and educational attainment",A,Annual,AVG,Average,RTG,Rating (0-10),TOTAL,All ISCED 2011 levels,LIFE,Life as a whole,T,Total,Y_GE16,16 years or over,CY,Cyprus,2025,,7.4,,,,,
dataflow,ESTAT:ILC_PW01$DEFAULTVIEW(1.0),"Overall life satisfaction by sex, age and educational attainment",A,Annual,AVG,Average,RTG,Rating (0-10),TOTAL,All ISCED 2011 levels,LIFE,Life as a whole,T,Total,Y_GE16,16 years or over,CZ,Czechia,2013,,6.9,,u,low reliability,,
dataflow,ESTAT:ILC_PW01$DEFAULTVIEW(1.0),"Overall life satisfaction by sex, age and educational attainment",A,Annual,AVG,Average,RTG,Rating (0-10),TOTAL,All ISCED 2011 levels,LIFE,Life as a whole,T,Total,Y_GE16,16 years or over,CZ,Czechia,2018,,7.4,,u,low reliability,,
dataflow,ESTAT:ILC_PW01$DEFAULTVIEW(1.0),"Overall life satisfaction by sex, age and educational attainment",A,Annual,AVG,Average,RTG,Rating (0-10),TOTAL,All ISCED 2011 levels,LIFE,Life as a whole,T,Total,Y_GE16,16 years or over,CZ,Czechia,2021,,7.3,,,,,
dataflow,ESTAT:ILC_PW01$DEFAULTVIEW(1.0),"Overall life satisfaction by sex, age and educational attainment",A,Annual,AVG,Average,RTG,Rating (0-10),TOTAL,All ISCED 2011 levels,LIFE,Life as a whole,T,Total,Y_GE16,16 years or over,CZ,Czechia,2022,,7.4,,,,,
dataflow,ESTAT:ILC_PW01$DEFAULTVIEW(1.0),"Overall life satisfaction by sex, age and educational attainment",A,Annual,AVG,Average,RTG,Rating (0-10),TOTAL,All ISCED 2011 levels,LIFE,Life as a whole,T,Total,Y_GE16,16 years or over,CZ,Czechia,2023,,7.4,,,,,
dataflow,ESTAT:ILC_PW01$DEFAULTVIEW(1.0),"Overall life satisfaction by sex, age and educational attainment",A,Annual,AVG,Average,RTG,Rating (0-10),TOTAL,All ISCED 2011 levels,LIFE,Life as a whole,T,Total,Y_GE16,16 years or over,CZ,Czechia,2024,,7.4,,,,,
dataflow,ESTAT:ILC_PW01$DEFAULTVIEW(1.0),"Overall life satisfaction by sex, age and educational attainment",A,Annual,AVG,Average,RTG,Rating (0-10),TOTAL,All ISCED 2011 levels,LIFE,Life as a whole,T,Total,Y_GE16,16 years or over,CZ,Czechia,2025,,7.4,,,,,
dataflow,ESTAT:ILC_PW01$DEFAULTVIEW(1.0),"Overall life satisfaction by sex, age and educational attainment",A,Annual,AVG,Average,RTG,Rating (0-10),TOTAL,All ISCED 2011 levels,LIFE,Life as a whole,T,Total,Y_GE16,16 years or over,DE,Germany,2013,,7.3,,,,,
dataflow,ESTAT:ILC_PW01$DEFAULTVIEW(1.0),"Overall life satisfaction by sex, age and educational attainment",A,Annual,AVG,Average,RTG,Rating (0-10),TOTAL,All ISCED 2011 levels,LIFE,Life as a whole,T,Total,Y_GE16,16 years or over,DE,Germany,2018,,7.4,,,,,
dataflow,ESTAT:ILC_PW01$DEFAULTVIEW(1.0),"Overall life satisfaction by sex, age and educational attainment",A,Annual,AVG,Average,RTG,Rating (0-10),TOTAL,All ISCED 2011 levels,LIFE,Life as a whole,T,Total,Y_GE16,16 years or over,DE,Germany,2021,,,,u,low reliability,,
dataflow,ESTAT:ILC_PW01$DEFAULTVIEW(1.0),"Overall life satisfaction by sex, age and educational attainment",A,Annual,AVG,Average,RTG,Rating (0-10),TOTAL,All ISCED 2011 levels,LIFE,Life as a whole,T,Total,Y_GE16,16 years or over,DE,Germany,2022,,6.5,,u,low reliability,,
dataflow,ESTAT:ILC_PW01$DEFAULTVIEW(1.0),"Overall life satisfaction by sex, age and educational attainment",A,Annual,AVG,Average,RTG,Rating (0-10),TOTAL,All ISCED 2011 levels,LIFE,Life as a whole,T,Total,Y_GE16,16 years or over,DE,Germany,2023,,7.0,,u,low reliability,,
dataflow,ESTAT:ILC_PW01$DEFAULTVIEW(1.0),"Overall life satisfaction by sex, age and educational attainment",A,Annual,AVG,Average,RTG,Rating (0-10),TOTAL,All ISCED 2011 levels,LIFE,Life as a whole,T,Total,Y_GE16,16 years or over,DE,Germany,2024,,7.0,,,,,
dataflow,ESTAT:ILC_PW01$DEFAULTVIEW(1.0),"Overall life satisfaction by sex, age and educational attainment",A,Annual,AVG,Average,RTG,Rating (0-10),TOTAL,All ISCED 2011 levels,LIFE,Life as a whole,T,Total,Y_GE16,16 years or over,DE,Germany,2025,,7.0,,,,,
dataflow,ESTAT:ILC_PW01$DEFAULTVIEW(1.0),"Overall life satisfaction by sex, age and educational attainment",A,Annual,AVG,Average,RTG,Rating (0-10),TOTAL,All ISCED 2011 levels,LIFE,Life as a whole,T,Total,Y_GE16,16 years or over,DK,Denmark,2013,,8.0,,,,,
dataflow,ESTAT:ILC_PW01$DEFAULTVIEW(1.0),"Overall life satisfaction by sex, age and educational attainment",A,Annual,AVG,Average,RTG,Rating (0-10),TOTAL,All ISCED 2011 levels,LIFE,Life as a whole,T,Total,Y_GE16,16 years or over,DK,Denmark,2018,,7.8,,,,,
dataflow,ESTAT:ILC_PW01$DEFAULTVIEW(1.0),"Overall life satisfaction by sex, age and educational attainment",A,Annual,AVG,Average,RTG,Rating (0-10),TOTAL,All ISCED 2011 levels,LIFE,Life as a whole,T,Total,Y_GE16,16 years or over,DK,Denmark,2021,,7.5,,,,,
dataflow,ESTAT:ILC_PW01$DEFAULTVIEW(1.0),"Overall life satisfaction by sex, age and educational attainment",A,Annual,AVG,Average,RTG,Rating (0-10),TOTAL,All ISCED 2011 levels,LIFE,Life as a whole,T,Total,Y_GE16,16 years or over,DK,Denmark,2022,,7.6,,,,,
dataflow,ESTAT:ILC_PW01$DEFAULTVIEW(1.0),"Overall life satisfaction by sex, age and educational attainment",A,Annual,AVG,Average,RTG,Rating (0-10),TOTAL,All ISCED 2011 levels,LIFE,Life as a whole,T,Total,Y_GE16,16 years or over,DK,Denmark,2023,,7.5,,,,,
dataflow,ESTAT:ILC_PW01$DEFAULTVIEW(1.0),"Overall life satisfaction by sex, age and educational attainment",A,Annual,AVG,Average,RTG,Rating (0-10),TOTAL,All ISCED 2011 levels,LIFE,Life as a whole,T,Total,Y_GE16,16 years or over,DK,Denmark,2024,,7.6,,,,,
dataflow,ESTAT:ILC_PW01$DEFAULTVIEW(1.0),"Overall life satisfaction by sex, age and educational attainment",A,Annual,AVG,Average,RTG,Rating (0-10),TOTAL,All ISCED 2011 levels,LIFE,Life as a whole,T,Total,Y_GE16,16 years or over,DK,Denmark,2025,,7.7,,,,,
dataflow,ESTAT:ILC_PW01$DEFAULTVIEW(1.0),"Overall life satisfaction by sex, age and educational attainment",A,Annual,AVG,Average,RTG,Rating (0-10),TOTAL,All ISCED 2011 levels,LIFE,Life as a whole,T,Total,Y_GE16,16 years or over,EA20,Euro area – 20 countries (2023-2025),2022,,7.1,,e,estimated,,
dataflow,ESTAT:ILC_PW01$DEFAULTVIEW(1.0),"Overall life satisfaction by sex, age and educational attainment",A,Annual,AVG,Average,RTG,Rating (0-10),TOTAL,All ISCED 2011 levels,LIFE,Life as a whole,T,Total,Y_GE16,16 years or over,EA20,Euro area – 20 countries (2023-2025),2023,,7.2,,e,estimated,,
dataflow,ESTAT:ILC_PW01$DEFAULTVIEW(1.0),"Overall life satisfaction by sex, age and educational attainment",A,Annual,AVG,Average,RTG,Rating (0-10),TOTAL,All ISCED 2011 levels,LIFE,Life as a whole,T,Total,Y_GE16,16 years or over,EA20,Euro area – 20 countries (2023-2025),2024,,7.2,,,,,
dataflow,ESTAT:ILC_PW01$DEFAULTVIEW(1.0),"Overall life satisfaction by sex, age and educational attainment",A,Annual,AVG,Average,RTG,Rating (0-10),TOTAL,All ISCED 2011 levels,LIFE,Life as a whole,T,Total,Y_GE16,16 years or over,EA20,Euro area – 20 countries (2023-2025),2025,,7.2,,,,,
dataflow,ESTAT:ILC_PW01$DEFAULTVIEW(1.0),"Overall life satisfaction by sex, age and educational attainment",A,Annual,AVG,Average,RTG,Rating (0-10),TOTAL,All ISCED 2011 levels,LIFE,Life as a whole,T,Total,Y_GE16,16 years or over,EA21,Euro area – 21 countries (from 2026),2025,,7.2,,,,,
dataflow,ESTAT:ILC_PW01$DEFAULTVIEW(1.0),"Overall life satisfaction by sex, age and educational attainment",A,Annual,AVG,Average,RTG,Rating (0-10),TOTAL,All ISCED 2011 levels,LIFE,Life as a whole,T,Total,Y_GE16,16 years or over,EE,Estonia,2013,,6.5,,,,,
dataflow,ESTAT:ILC_PW01$DEFAULTVIEW(1.0),"Overall life satisfaction by sex, age and educational attainment",A,Annual,AVG,Average,RTG,Rating (0-10),TOTAL,All ISCED 2011 levels,LIFE,Life as a whole,T,Total,Y_GE16,16 years or over,EE,Estonia,2018,,7.0,,,,,
dataflow,ESTAT:ILC_PW01$DEFAULTVIEW(1.0),"Overall life satisfaction by sex, age and educational attainment",A,Annual,AVG,Average,RTG,Rating (0-10),TOTAL,All ISCED 2011 levels,LIFE,Life as a whole,T,Total,Y_GE16,16 years or over,EE,Estonia,2021,,7.2,,,,,
dataflow,ESTAT:ILC_PW01$DEFAULTVIEW(1.0),"Overall life satisfaction by sex, age and educational attainment",A,Annual,AVG,Average,RTG,Rating (0-10),TOTAL,All ISCED 2011 levels,LIFE,Life as a whole,T,Total,Y_GE16,16 years or over,EE,Estonia,2022,,7.2,,,,,
dataflow,ESTAT:ILC_PW01$DEFAULTVIEW(1.0),"Overall life satisfaction by sex, age and educational attainment",A,Annual,AVG,Average,RTG,Rating (0-10),TOTAL,All ISCED 2011 levels,LIFE,Life as a whole,T,Total,Y_GE16,16 years or over,EE,Estonia,2023,,7.2,,,,,
dataflow,ESTAT:ILC_PW01$DEFAULTVIEW(1.0),"Overall life satisfaction by sex, age and educational attainment",A,Annual,AVG,Average,RTG,Rating (0-10),TOTAL,All ISCED 2011 levels,LIFE,Life as a whole,T,Total,Y_GE16,16 years or over,EE,Estonia,2024,,7.1,,,,,
dataflow,ESTAT:ILC_PW01$DEFAULTVIEW(1.0),"Overall life satisfaction by sex, age and educational attainment",A,Annual,AVG,Average,RTG,Rating (0-10),TOTAL,All ISCED 2011 levels,LIFE,Life as a whole,T,Total,Y_GE16,16 years or over,EE,Estonia,2025,,7.3,,,,,
dataflow,ESTAT:ILC_PW01$DEFAULTVIEW(1.0),"Overall life satisfaction by sex, age and educational attainment",A,Annual,AVG,Average,RTG,Rating (0-10),TOTAL,All ISCED 2011 levels,LIFE,Life as a whole,T,Total,Y_GE16,16 years or over,EL,Greece,2013,,6.2,,,,,
dataflow,ESTAT:ILC_PW01$DEFAULTVIEW(1.0),"Overall life satisfaction by sex, age and educational attainment",A,Annual,AVG,Average,RTG,Rating (0-10),TOTAL,All ISCED 2011 levels,LIFE,Life as a whole,T,Total,Y_GE16,16 years or over,EL,Greece,2018,,6.4,,,,,
dataflow,ESTAT:ILC_PW01$DEFAULTVIEW(1.0),"Overall life satisfaction by sex, age and educational attainment",A,Annual,AVG,Average,RTG,Rating (0-10),TOTAL,All ISCED 2011 levels,LIFE,Life as a whole,T,Total,Y_GE16,16 years or over,EL,Greece,2021,,6.8,,,,,
dataflow,ESTAT:ILC_PW01$DEFAULTVIEW(1.0),"Overall life satisfaction by sex, age and educational attainment",A,Annual,AVG,Average,RTG,Rating (0-10),TOTAL,All ISCED 2011 levels,LIFE,Life as a whole,T,Total,Y_GE16,16 years or over,EL,Greece,2022,,6.7,,,,,
dataflow,ESTAT:ILC_PW01$DEFAULTVIEW(1.0),"Overall life satisfaction by sex, age and educational attainment",A,Annual,AVG,Average,RTG,Rating (0-10),TOTAL,All ISCED 2011 levels,LIFE,Life as a whole,T,Total,Y_GE16,16 years or over,EL,Greece,2023,,6.9,,,,,
dataflow,ESTAT:ILC_PW01$DEFAULTVIEW(1.0),"Overall life satisfaction by sex, age and educational attainment",A,Annual,AVG,Average,RTG,Rating (0-10),TOTAL,All ISCED 2011 levels,LIFE,Life as a whole,T,Total,Y_GE16,16 years or over,EL,Greece,2024,,6.7,,,,,
dataflow,ESTAT:ILC_PW01$DEFAULTVIEW(1.0),"Overall life satisfaction by sex, age and educational attainment",A,Annual,AVG,Average,RTG,Rating (0-10),TOTAL,All ISCED 2011 levels,LIFE,Life as a whole,T,Total,Y_GE16,16 years or over,EL,Greece,2025,,6.9,,,,,
dataflow,ESTAT:ILC_PW01$DEFAULTVIEW(1.0),"Overall life satisfaction by sex, age and educational attainment",A,Annual,AVG,Average,RTG,Rating (0-10),TOTAL,All ISCED 2011 levels,LIFE,Life as a whole,T,Total,Y_GE16,16 years or over,ES,Spain,2013,,6.9,,,,,
dataflow,ESTAT:ILC_PW01$DEFAULTVIEW(1.0),"Overall life satisfaction by sex, age and educational attainment",A,Annual,AVG,Average,RTG,Rating (0-10),TOTAL,All ISCED 2011 levels,LIFE,Life as a whole,T,Total,Y_GE16,16 years or over,ES,Spain,2018,,7.3,,,,,
dataflow,ESTAT:ILC_PW01$DEFAULTVIEW(1.0),"Overall life satisfaction by sex, age and educational attainment",A,Annual,AVG,Average,RTG,Rating (0-10),TOTAL,All ISCED 2011 levels,LIFE,Life as a whole,T,Total,Y_GE16,16 years or over,ES,Spain,2021,,7.2,,,,,
dataflow,ESTAT:ILC_PW01$DEFAULTVIEW(1.0),"Overall life satisfaction by sex, age and educational attainment",A,Annual,AVG,Average,RTG,Rating (0-10),TOTAL,All ISCED 2011 levels,LIFE,Life as a whole,T,Total,Y_GE16,16 years or over,ES,Spain,2022,,7.1,,,,,
dataflow,ESTAT:ILC_PW01$DEFAULTVIEW(1.0),"Overall life satisfaction by sex, age and educational attainment",A,Annual,AVG,Average,RTG,Rating (0-10),TOTAL,All ISCED 2011 levels,LIFE,Life as a whole,T,Total,Y_GE16,16 years or over,ES,Spain,2023,,7.2,,,,,
dataflow,ESTAT:ILC_PW01$DEFAULTVIEW(1.0),"Overall life satisfaction by sex, age and educational attainment",A,Annual,AVG,Average,RTG,Rating (0-10),TOTAL,All ISCED 2011 levels,LIFE,Life as a whole,T,Total,Y_GE16,16 years or over,ES,Spain,2024,,7.2,,,,,
dataflow,ESTAT:ILC_PW01$DEFAULTVIEW(1.0),"Overall life satisfaction by sex, age and educational attainment",A,Annual,AVG,Average,RTG,Rating (0-10),TOTAL,All ISCED 2011 levels,LIFE,Life as a whole,T,Total,Y_GE16,16 years or over,ES,Spain,2025,,7.2,,,,,
dataflow,ESTAT:ILC_PW01$DEFAULTVIEW(1.0),"Overall life satisfaction by sex, age and educational attainment",A,Annual,AVG,Average,RTG,Rating (0-10),TOTAL,All ISCED 2011 levels,LIFE,Life as a whole,T,Total,Y_GE16,16 years or over,EU27_2020,European Union - 27 countries (from 2020),2013,,7.0,,u,low reliability,,
dataflow,ESTAT:ILC_PW01$DEFAULTVIEW(1.0),"Overall life satisfaction by sex, age and educational attainment",A,Annual,AVG,Average,RTG,Rating (0-10),TOTAL,All ISCED 2011 levels,LIFE,Life as a whole,T,Total,Y_GE16,16 years or over,EU27_2020,European Union - 27 countries (from 2020),2018,,7.3,,,,,
dataflow,ESTAT:ILC_PW01$DEFAULTVIEW(1.0),"Overall life satisfaction by sex, age and educational attainment",A,Annual,AVG,Average,RTG,Rating (0-10),TOTAL,All ISCED 2011 levels,LIFE,Life as a whole,T,Total,Y_GE16,16 years or over,EU27_2020,European Union - 27 countries (from 2020),2021,,,,u,low reliability,,
dataflow,ESTAT:ILC_PW01$DEFAULTVIEW(1.0),"Overall life satisfaction by sex, age and educational attainment",A,Annual,AVG,Average,RTG,Rating (0-10),TOTAL,All ISCED 2011 levels,LIFE,Life as a whole,T,Total,Y_GE16,16 years or over,EU27_2020,European Union - 27 countries (from 2020),2022,,7.1,,e,estimated,,
dataflow,ESTAT:ILC_PW01$DEFAULTVIEW(1.0),"Overall life satisfaction by sex, age and educational attainment",A,Annual,AVG,Average,RTG,Rating (0-10),TOTAL,All ISCED 2011 levels,LIFE,Life as a whole,T,Total,Y_GE16,16 years or over,EU27_2020,European Union - 27 countries (from 2020),2023,,7.3,,e,estimated,,
dataflow,ESTAT:ILC_PW01$DEFAULTVIEW(1.0),"Overall life satisfaction by sex, age and educational attainment",A,Annual,AVG,Average,RTG,Rating (0-10),TOTAL,All ISCED 2011 levels,LIFE,Life as a whole,T,Total,Y_GE16,16 years or over,EU27_2020,European Union - 27 countries (from 2020),2024,,7.2,,,,,
dataflow,ESTAT:ILC_PW01$DEFAULTVIEW(1.0),"Overall life satisfaction by sex, age and educational attainment",A,Annual,AVG,Average,RTG,Rating (0-10),TOTAL,All ISCED 2011 levels,LIFE,Life as a whole,T,Total,Y_GE16,16 years or over,EU27_2020,European Union - 27 countries (from 2020),2025,,7.2,,,,,
dataflow,ESTAT:ILC_PW01$DEFAULTVIEW(1.0),"Overall life satisfaction by sex, age and educational attainment",A,Annual,AVG,Average,RTG,Rating (0-10),TOTAL,All ISCED 2011 levels,LIFE,Life as a whole,T,Total,Y_GE16,16 years or over,FI,Finland,2013,,8.0,,,,,
dataflow,ESTAT:ILC_PW01$DEFAULTVIEW(1.0),"Overall life satisfaction by sex, age and educational attainment",A,Annual,AVG,Average,RTG,Rating (0-10),TOTAL,All ISCED 2011 levels,LIFE,Life as a whole,T,Total,Y_GE16,16 years or over,FI,Finland,2018,,8.1,,,,,
dataflow,ESTAT:ILC_PW01$DEFAULTVIEW(1.0),"Overall life satisfaction by sex, age and educational attainment",A,Annual,AVG,Average,RTG,Rating (0-10),TOTAL,All ISCED 2011 levels,LIFE,Life as a whole,T,Total,Y_GE16,16 years or over,FI,Finland,2021,,8.1,,,,,
dataflow,ESTAT:ILC_PW01$DEFAULTVIEW(1.0),"Overall life satisfaction by sex, age and educational attainment",A,Annual,AVG,Average,RTG,Rating (0-10),TOTAL,All ISCED 2011 levels,LIFE,Life as a whole,T,Total,Y_GE16,16 years or over,FI,Finland,2022,,7.9,,,,,
dataflow,ESTAT:ILC_PW01$DEFAULTVIEW(1.0),"Overall life satisfaction by sex, age and educational attainment",A,Annual,AVG,Average,RTG,Rating (0-10),TOTAL,All ISCED 2011 levels,LIFE,Life as a whole,T,Total,Y_GE16,16 years or over,FI,Finland,2023,,7.8,,b,break in time series,,
dataflow,ESTAT:ILC_PW01$DEFAULTVIEW(1.0),"Overall life satisfaction by sex, age and educational attainment",A,Annual,AVG,Average,RTG,Rating (0-10),TOTAL,All ISCED 2011 levels,LIFE,Life as a whole,T,Total,Y_GE16,16 years or over,FI,Finland,2024,,7.8,,,,,
dataflow,ESTAT:ILC_PW01$DEFAULTVIEW(1.0),"Overall life satisfaction by sex, age and educational attainment",A,Annual,AVG,Average,RTG,Rating (0-10),TOTAL,All ISCED 2011 levels,LIFE,Life as a whole,T,Total,Y_GE16,16 years or over,FI,Finland,2025,,7.8,,,,,
dataflow,ESTAT:ILC_PW01$DEFAULTVIEW(1.0),"Overall life satisfaction by sex, age and educational attainment",A,Annual,AVG,Average,RTG,Rating (0-10),TOTAL,All ISCED 2011 levels,LIFE,Life as a whole,T,Total,Y_GE16,16 years or over,FR,France,2013,,7.1,,u,low reliability,,
dataflow,ESTAT:ILC_PW01$DEFAULTVIEW(1.0),"Overall life satisfaction by sex, age and educational attainment",A,Annual,AVG,Average,RTG,Rating (0-10),TOTAL,All ISCED 2011 levels,LIFE,Life as a whole,T,Total,Y_GE16,16 years or over,FR,France,2018,,7.3,,u,low reliability,,
dataflow,ESTAT:ILC_PW01$DEFAULTVIEW(1.0),"Overall life satisfaction by sex, age and educational attainment",A,Annual,AVG,Average,RTG,Rating (0-10),TOTAL,All ISCED 2011 levels,LIFE,Life as a whole,T,Total,Y_GE16,16 years or over,FR,France,2021,,6.8,,u,low reliability,,
dataflow,ESTAT:ILC_PW01$DEFAULTVIEW(1.0),"Overall life satisfaction by sex, age and educational attainment",A,Annual,AVG,Average,RTG,Rating (0-10),TOTAL,All ISCED 2011 levels,LIFE,Life as a whole,T,Total,Y_GE16,16 years or over,FR,France,2022,,7.0,,bu,"break in time series, low reliability",,
dataflow,ESTAT:ILC_PW01$DEFAULTVIEW(1.0),"Overall life satisfaction by sex, age and educational attainment",A,Annual,AVG,Average,RTG,Rating (0-10),TOTAL,All ISCED 2011 levels,LIFE,Life as a whole,T,Total,Y_GE16,16 years or over,FR,France,2023,,7.1,,u,low reliability,,
dataflow,ESTAT:ILC_PW01$DEFAULTVIEW(1.0),"Overall life satisfaction by sex, age and educational attainment",A,Annual,AVG,Average,RTG,Rating (0-10),TOTAL,All ISCED 2011 levels,LIFE,Life as a whole,T,Total,Y_GE16,16 years or over,FR,France,2024,,7.1,,u,low reliability,,
dataflow,ESTAT:ILC_PW01$DEFAULTVIEW(1.0),"Overall life satisfaction by sex, age and educational attainment",A,Annual,AVG,Average,RTG,Rating (0-10),TOTAL,All ISCED 2011 levels,LIFE,Life as a whole,T,Total,Y_GE16,16 years or over,FR,France,2025,,7.1,,u,low reliability,,
dataflow,ESTAT:ILC_PW01$DEFAULTVIEW(1.0),"Overall life satisfaction by sex, age and educational attainment",A,Annual,AVG,Average,RTG,Rating (0-10),TOTAL,All ISCED 2011 levels,LIFE,Life as a whole,T,Total,Y_GE16,16 years or over,HR,Croatia,2013,,6.4,,u,low reliability,,
dataflow,ESTAT:ILC_PW01$DEFAULTVIEW(1.0),"Overall life satisfaction by sex, age and educational attainment",A,Annual,AVG,Average,RTG,Rating (0-10),TOTAL,All ISCED 2011 levels,LIFE,Life as a whole,T,Total,Y_GE16,16 years or over,HR,Croatia,2018,,6.3,,u,low reliability,,
dataflow,ESTAT:ILC_PW01$DEFAULTVIEW(1.0),"Overall life satisfaction by sex, age and educational attainment",A,Annual,AVG,Average,RTG,Rating (0-10),TOTAL,All ISCED 2011 levels,LIFE,Life as a whole,T,Total,Y_GE16,16 years or over,HR,Croatia,2021,,6.8,,,,,
dataflow,ESTAT:ILC_PW01$DEFAULTVIEW(1.0),"Overall life satisfaction by sex, age and educational attainment",A,Annual,AVG,Average,RTG,Rating (0-10),TOTAL,All ISCED 2011 levels,LIFE,Life as a whole,T,Total,Y_GE16,16 years or over,HR,Croatia,2022,,6.8,,,,,
dataflow,ESTAT:ILC_PW01$DEFAULTVIEW(1.0),"Overall life satisfaction by sex, age and educational attainment",A,Annual,AVG,Average,RTG,Rating (0-10),TOTAL,All ISCED 2011 levels,LIFE,Life as a whole,T,Total,Y_GE16,16 years or over,HR,Croatia,2023,,7.1,,b,break in time series,,
dataflow,ESTAT:ILC_PW01$DEFAULTVIEW(1.0),"Overall life satisfaction by sex, age and educational attainment",A,Annual,AVG,Average,RTG,Rating (0-10),TOTAL,All ISCED 2011 levels,LIFE,Life as a whole,T,Total,Y_GE16,16 years or over,HR,Croatia,2024,,7.2,,,,,
dataflow,ESTAT:ILC_PW01$DEFAULTVIEW(1.0),"Overall life satisfaction by sex, age and educational attainment",A,Annual,AVG,Average,RTG,Rating (0-10),TOTAL,All ISCED 2011 levels,LIFE,Life as a whole,T,Total,Y_GE16,16 years or over,HR,Croatia,2025,,7.4,,,,,
dataflow,ESTAT:ILC_PW01$DEFAULTVIEW(1.0),"Overall life satisfaction by sex, age and educational attainment",A,Annual,AVG,Average,RTG,Rating (0-10),TOTAL,All ISCED 2011 levels,LIFE,Life as a whole,T,Total,Y_GE16,16 years or over,HU,Hungary,2013,,6.1,,,,,
dataflow,ESTAT:ILC_PW01$DEFAULTVIEW(1.0),"Overall life satisfaction by sex, age and educational attainment",A,Annual,AVG,Average,RTG,Rating (0-10),TOTAL,All ISCED 2011 levels,LIFE,Life as a whole,T,Total,Y_GE16,16 years or over,HU,Hungary,2018,,6.5,,,,,
dataflow,ESTAT:ILC_PW01$DEFAULTVIEW(1.0),"Overall life satisfaction by sex, age and educational attainment",A,Annual,AVG,Average,RTG,Rating (0-10),TOTAL,All ISCED 2011 levels,LIFE,Life as a whole,T,Total,Y_GE16,16 years or over,HU,Hungary,2021,,6.5,,u,low reliability,,
dataflow,ESTAT:ILC_PW01$DEFAULTVIEW(1.0),"Overall life satisfaction by sex, age and educational attainment",A,Annual,AVG,Average,RTG,Rating (0-10),TOTAL,All ISCED 2011 levels,LIFE,Life as a whole,T,Total,Y_GE16,16 years or over,HU,Hungary,2022,,6.9,,u,low reliability,,
dataflow,ESTAT:ILC_PW01$DEFAULTVIEW(1.0),"Overall life satisfaction by sex, age and educational attainment",A,Annual,AVG,Average,RTG,Rating (0-10),TOTAL,All ISCED 2011 levels,LIFE,Life as a whole,T,Total,Y_GE16,16 years or over,HU,Hungary,2023,,7.2,,u,low reliability,,
dataflow,ESTAT:ILC_PW01$DEFAULTVIEW(1.0),"Overall life satisfaction by sex, age and educational attainment",A,Annual,AVG,Average,RTG,Rating (0-10),TOTAL,All ISCED 2011 levels,LIFE,Life as a whole,T,Total,Y_GE16,16 years or over,HU,Hungary,2024,,7.1,,u,low reliability,,
dataflow,ESTAT:ILC_PW01$DEFAULTVIEW(1.0),"Overall life satisfaction by sex, age and educational attainment",A,Annual,AVG,Average,RTG,Rating (0-10),TOTAL,All ISCED 2011 levels,LIFE,Life as a whole,T,Total,Y_GE16,16 years or over,HU,Hungary,2025,,7.1,,u,low reliability,,
dataflow,ESTAT:ILC_PW01$DEFAULTVIEW(1.0),"Overall life satisfaction by sex, age and educational attainment",A,Annual,AVG,Average,RTG,Rating (0-10),TOTAL,All ISCED 2011 levels,LIFE,Life as a whole,T,Total,Y_GE16,16 years or over,IE,Ireland,2013,,7.5,,u,low reliability,,
dataflow,ESTAT:ILC_PW01$DEFAULTVIEW(1.0),"Overall life satisfaction by sex, age and educational attainment",A,Annual,AVG,Average,RTG,Rating (0-10),TOTAL,All ISCED 2011 levels,LIFE,Life as a whole,T,Total,Y_GE16,16 years or over,IE,Ireland,2018,,8.1,,u,low reliability,,
dataflow,ESTAT:ILC_PW01$DEFAULTVIEW(1.0),"Overall life satisfaction by sex, age and educational attainment",A,Annual,AVG,Average,RTG,Rating (0-10),TOTAL,All ISCED 2011 levels,LIFE,Life as a whole,T,Total,Y_GE16,16 years or over,IE,Ireland,2021,,7.3,,,,,
dataflow,ESTAT:ILC_PW01$DEFAULTVIEW(1.0),"Overall life satisfaction by sex, age and educational attainment",A,Annual,AVG,Average,RTG,Rating (0-10),TOTAL,All ISCED 2011 levels,LIFE,Life as a whole,T,Total,Y_GE16,16 years or over,IE,Ireland,2022,,7.4,,,,,
dataflow,ESTAT:ILC_PW01$DEFAULTVIEW(1.0),"Overall life satisfaction by sex, age and educational attainment",A,Annual,AVG,Average,RTG,Rating (0-10),TOTAL,All ISCED 2011 levels,LIFE,Life as a whole,T,Total,Y_GE16,16 years or over,IE,Ireland,2023,,7.6,,,,,
dataflow,ESTAT:ILC_PW01$DEFAULTVIEW(1.0),"Overall life satisfaction by sex, age and educational attainment",A,Annual,AVG,Average,RTG,Rating (0-10),TOTAL,All ISCED 2011 levels,LIFE,Life as a whole,T,Total,Y_GE16,16 years or over,IE,Ireland,2024,,7.5,,,,,
dataflow,ESTAT:ILC_PW01$DEFAULTVIEW(1.0),"Overall life satisfaction by sex, age and educational attainment",A,Annual,AVG,Average,RTG,Rating (0-10),TOTAL,All ISCED 2011 levels,LIFE,Life as a whole,T,Total,Y_GE16,16 years or over,IE,Ireland,2025,,7.6,,,,,
dataflow,ESTAT:ILC_PW01$DEFAULTVIEW(1.0),"Overall life satisfaction by sex, age and educational attainment",A,Annual,AVG,Average,RTG,Rating (0-10),TOTAL,All ISCED 2011 levels,LIFE,Life as a whole,T,Total,Y_GE16,16 years or over,IS,Iceland,2013,,8.0,,,,,
dataflow,ESTAT:ILC_PW01$DEFAULTVIEW(1.0),"Overall life satisfaction by sex, age and educational attainment",A,Annual,AVG,Average,RTG,Rating (0-10),TOTAL,All ISCED 2011 levels,LIFE,Life as a whole,T,Total,Y_GE16,16 years or over,IS,Iceland,2018,,8.1,,,,,
dataflow,ESTAT:ILC_PW01$DEFAULTVIEW(1.0),"Overall life satisfaction by sex, age and educational attainment",A,Annual,AVG,Average,RTG,Rating (0-10),TOTAL,All ISCED 2011 levels,LIFE,Life as a whole,T,Total,Y_GE16,16 years or over,IT,Italy,2013,,6.6,,u,low reliability,,
dataflow,ESTAT:ILC_PW01$DEFAULTVIEW(1.0),"Overall life satisfaction by sex, age and educational attainment",A,Annual,AVG,Average,RTG,Rating (0-10),TOTAL,All ISCED 2011 levels,LIFE,Life as a whole,T,Total,Y_GE16,16 years or over,IT,Italy,2018,,7.0,,,,,
dataflow,ESTAT:ILC_PW01$DEFAULTVIEW(1.0),"Overall life satisfaction by sex, age and educational attainment",A,Annual,AVG,Average,RTG,Rating (0-10),TOTAL,All ISCED 2011 levels,LIFE,Life as a whole,T,Total,Y_GE16,16 years or over,IT,Italy,2021,,7.2,,,,,
dataflow,ESTAT:ILC_PW01$DEFAULTVIEW(1.0),"Overall life satisfaction by sex, age and educational attainment",A,Annual,AVG,Average,RTG,Rating (0-10),TOTAL,All ISCED 2011 levels,LIFE,Life as a whole,T,Total,Y_GE16,16 years or over,IT,Italy,2022,,7.2,,,,,
dataflow,ESTAT:ILC_PW01$DEFAULTVIEW(1.0),"Overall life satisfaction by sex, age and educational attainment",A,Annual,AVG,Average,RTG,Rating (0-10),TOTAL,All ISCED 2011 levels,LIFE,Life as a whole,T,Total,Y_GE16,16 years or over,IT,Italy,2023,,7.2,,,,,
dataflow,ESTAT:ILC_PW01$DEFAULTVIEW(1.0),"Overall life satisfaction by sex, age and educational attainment",A,Annual,AVG,Average,RTG,Rating (0-10),TOTAL,All ISCED 2011 levels,LIFE,Life as a whole,T,Total,Y_GE16,16 years or over,IT,Italy,2024,,7.2,,,,,
dataflow,ESTAT:ILC_PW01$DEFAULTVIEW(1.0),"Overall life satisfaction by sex, age and educational attainment",A,Annual,AVG,Average,RTG,Rating (0-10),TOTAL,All ISCED 2011 levels,LIFE,Life as a whole,T,Total,Y_GE16,16 years or over,IT,Italy,2025,,7.1,,,,,
dataflow,ESTAT:ILC_PW01$DEFAULTVIEW(1.0),"Overall life satisfaction by sex, age and educational attainment",A,Annual,AVG,Average,RTG,Rating (0-10),TOTAL,All ISCED 2011 levels,LIFE,Life as a whole,T,Total,Y_GE16,16 years or over,LT,Lithuania,2013,,6.7,,u,low reliability,,
dataflow,ESTAT:ILC_PW01$DEFAULTVIEW(1.0),"Overall life satisfaction by sex, age and educational attainment",A,Annual,AVG,Average,RTG,Rating (0-10),TOTAL,All ISCED 2011 levels,LIFE,Life as a whole,T,Total,Y_GE16,16 years or over,LT,Lithuania,2018,,6.4,,u,low reliability,,
dataflow,ESTAT:ILC_PW01$DEFAULTVIEW(1.0),"Overall life satisfaction by sex, age and educational attainment",A,Annual,AVG,Average,RTG,Rating (0-10),TOTAL,All ISCED 2011 levels,LIFE,Life as a whole,T,Total,Y_GE16,16 years or over,LT,Lithuania,2021,,7.0,,,,,
dataflow,ESTAT:ILC_PW01$DEFAULTVIEW(1.0),"Overall life satisfaction by sex, age and educational attainment",A,Annual,AVG,Average,RTG,Rating (0-10),TOTAL,All ISCED 2011 levels,LIFE,Life as a whole,T,Total,Y_GE16,16 years or over,LT,Lithuania,2022,,7.1,,,,,
dataflow,ESTAT:ILC_PW01$DEFAULTVIEW(1.0),"Overall life satisfaction by sex, age and educational attainment",A,Annual,AVG,Average,RTG,Rating (0-10),TOTAL,All ISCED 2011 levels,LIFE,Life as a whole,T,Total,Y_GE16,16 years or over,LT,Lithuania,2023,,7.2,,,,,
dataflow,ESTAT:ILC_PW01$DEFAULTVIEW(1.0),"Overall life satisfaction by sex, age and educational attainment",A,Annual,AVG,Average,RTG,Rating (0-10),TOTAL,All ISCED 2011 levels,LIFE,Life as a whole,T,Total,Y_GE16,16 years or over,LT,Lithuania,2024,,7.2,,p,provisional,,
dataflow,ESTAT:ILC_PW01$DEFAULTVIEW(1.0),"Overall life satisfaction by sex, age and educational attainment",A,Annual,AVG,Average,RTG,Rating (0-10),TOTAL,All ISCED 2011 levels,LIFE,Life as a whole,T,Total,Y_GE16,16 years or over,LT,Lithuania,2025,,7.3,,p,provisional,,
dataflow,ESTAT:ILC_PW01$DEFAULTVIEW(1.0),"Overall life satisfaction by sex, age and educational attainment",A,Annual,AVG,Average,RTG,Rating (0-10),TOTAL,All ISCED 2011 levels,LIFE,Life as a whole,T,Total,Y_GE16,16 years or over,LU,Luxembourg,2013,,7.4,,u,low reliability,,
dataflow,ESTAT:ILC_PW01$DEFAULTVIEW(1.0),"Overall life satisfaction by sex, age and educational attainment",A,Annual,AVG,Average,RTG,Rating (0-10),TOTAL,All ISCED 2011 levels,LIFE,Life as a whole,T,Total,Y_GE16,16 years or over,LU,Luxembourg,2018,,7.5,,,,,
dataflow,ESTAT:ILC_PW01$DEFAULTVIEW(1.0),"Overall life satisfaction by sex, age and educational attainment",A,Annual,AVG,Average,RTG,Rating (0-10),TOTAL,All ISCED 2011 levels,LIFE,Life as a whole,T,Total,Y_GE16,16 years or over,LU,Luxembourg,2021,,7.4,,,,,
dataflow,ESTAT:ILC_PW01$DEFAULTVIEW(1.0),"Overall life satisfaction by sex, age and educational attainment",A,Annual,AVG,Average,RTG,Rating (0-10),TOTAL,All ISCED 2011 levels,LIFE,Life as a whole,T,Total,Y_GE16,16 years or over,LU,Luxembourg,2022,,7.2,,b,break in time series,,
dataflow,ESTAT:ILC_PW01$DEFAULTVIEW(1.0),"Overall life satisfaction by sex, age and educational attainment",A,Annual,AVG,Average,RTG,Rating (0-10),TOTAL,All ISCED 2011 levels,LIFE,Life as a whole,T,Total,Y_GE16,16 years or over,LU,Luxembourg,2023,,7.3,,,,,
dataflow,ESTAT:ILC_PW01$DEFAULTVIEW(1.0),"Overall life satisfaction by sex, age and educational attainment",A,Annual,AVG,Average,RTG,Rating (0-10),TOTAL,All ISCED 2011 levels,LIFE,Life as a whole,T,Total,Y_GE16,16 years or over,LU,Luxembourg,2024,,7.2,,,,,
dataflow,ESTAT:ILC_PW01$DEFAULTVIEW(1.0),"Overall life satisfaction by sex, age and educational attainment",A,Annual,AVG,Average,RTG,Rating (0-10),TOTAL,All ISCED 2011 levels,LIFE,Life as a whole,T,Total,Y_GE16,16 years or over,LU,Luxembourg,2025,,7.4,,b,break in time series,,
dataflow,ESTAT:ILC_PW01$DEFAULTVIEW(1.0),"Overall life satisfaction by sex, age and educational attainment",A,Annual,AVG,Average,RTG,Rating (0-10),TOTAL,All ISCED 2011 levels,LIFE,Life as a whole,T,Total,Y_GE16,16 years or over,LV,Latvia,2013,,6.5,,,,,
dataflow,ESTAT:ILC_PW01$DEFAULTVIEW(1.0),"Overall life satisfaction by sex, age and educational attainment",A,Annual,AVG,Average,RTG,Rating (0-10),TOTAL,All ISCED 2011 levels,LIFE,Life as a whole,T,Total,Y_GE16,16 years or over,LV,Latvia,2018,,6.7,,u,low reliability,,
dataflow,ESTAT:ILC_PW01$DEFAULTVIEW(1.0),"Overall life satisfaction by sex, age and educational attainment",A,Annual,AVG,Average,RTG,Rating (0-10),TOTAL,All ISCED 2011 levels,LIFE,Life as a whole,T,Total,Y_GE16,16 years or over,LV,Latvia,2021,,6.7,,,,,
dataflow,ESTAT:ILC_PW01$DEFAULTVIEW(1.0),"Overall life satisfaction by sex, age and educational attainment",A,Annual,AVG,Average,RTG,Rating (0-10),TOTAL,All ISCED 2011 levels,LIFE,Life as a whole,T,Total,Y_GE16,16 years or over,LV,Latvia,2022,,6.8,,,,,
dataflow,ESTAT:ILC_PW01$DEFAULTVIEW(1.0),"Overall life satisfaction by sex, age and educational attainment",A,Annual,AVG,Average,RTG,Rating (0-10),TOTAL,All ISCED 2011 levels,LIFE,Life as a whole,T,Total,Y_GE16,16 years or over,LV,Latvia,2023,,6.9,,,,,
dataflow,ESTAT:ILC_PW01$DEFAULTVIEW(1.0),"Overall life satisfaction by sex, age and educational attainment",A,Annual,AVG,Average,RTG,Rating (0-10),TOTAL,All ISCED 2011 levels,LIFE,Life as a whole,T,Total,Y_GE16,16 years or over,LV,Latvia,2024,,6.9,,,,,
dataflow,ESTAT:ILC_PW01$DEFAULTVIEW(1.0),"Overall life satisfaction by sex, age and educational attainment",A,Annual,AVG,Average,RTG,Rating (0-10),TOTAL,All ISCED 2011 levels,LIFE,Life as a whole,T,Total,Y_GE16,16 years or over,LV,Latvia,2025,,6.9,,,,,
dataflow,ESTAT:ILC_PW01$DEFAULTVIEW(1.0),"Overall life satisfaction by sex, age and educational attainment",A,Annual,AVG,Average,RTG,Rating (0-10),TOTAL,All ISCED 2011 levels,LIFE,Life as a whole,T,Total,Y_GE16,16 years or over,ME,Montenegro,2013,,5.7,,,,,
dataflow,ESTAT:ILC_PW01$DEFAULTVIEW(1.0),"Overall life satisfaction by sex, age and educational attainment",A,Annual,AVG,Average,RTG,Rating (0-10),TOTAL,All ISCED 2011 levels,LIFE,Life as a whole,T,Total,Y_GE16,16 years or over,ME,Montenegro,2018,,6.5,,,,,
dataflow,ESTAT:ILC_PW01$DEFAULTVIEW(1.0),"Overall life satisfaction by sex, age and educational attainment",A,Annual,AVG,Average,RTG,Rating (0-10),TOTAL,All ISCED 2011 levels,LIFE,Life as a whole,T,Total,Y_GE16,16 years or over,ME,Montenegro,2021,,6.4,,,,,
dataflow,ESTAT:ILC_PW01$DEFAULTVIEW(1.0),"Overall life satisfaction by sex, age and educational attainment",A,Annual,AVG,Average,RTG,Rating (0-10),TOTAL,All ISCED 2011 levels,LIFE,Life as a whole,T,Total,Y_GE16,16 years or over,ME,Montenegro,2022,,5.8,,b,break in time series,,
dataflow,ESTAT:ILC_PW01$DEFAULTVIEW(1.0),"Overall life satisfaction by sex, age and educational attainment",A,Annual,AVG,Average,RTG,Rating (0-10),TOTAL,All ISCED 2011 levels,LIFE,Life as a whole,T,Total,Y_GE16,16 years or over,ME,Montenegro,2023,,6.6,,,,,
dataflow,ESTAT:ILC_PW01$DEFAULTVIEW(1.0),"Overall life satisfaction by sex, age and educational attainment",A,Annual,AVG,Average,RTG,Rating (0-10),TOTAL,All ISCED 2011 levels,LIFE,Life as a whole,T,Total,Y_GE16,16 years or over,MK,North Macedonia,2013,,,,u,low reliability,,
dataflow,ESTAT:ILC_PW01$DEFAULTVIEW(1.0),"Overall life satisfaction by sex, age and educational attainment",A,Annual,AVG,Average,RTG,Rating (0-10),TOTAL,All ISCED 2011 levels,LIFE,Life as a whole,T,Total,Y_GE16,16 years or over,MK,North Macedonia,2018,,6.0,,,,,
dataflow,ESTAT:ILC_PW01$DEFAULTVIEW(1.0),"Overall life satisfaction by sex, age and educational attainment",A,Annual,AVG,Average,RTG,Rating (0-10),TOTAL,All ISCED 2011 levels,LIFE,Life as a whole,T,Total,Y_GE16,16 years or over,MK,North Macedonia,2021,,5.7,,b,break in time series,,
dataflow,ESTAT:ILC_PW01$DEFAULTVIEW(1.0),"Overall life satisfaction by sex, age and educational attainment",A,Annual,AVG,Average,RTG,Rating (0-10),TOTAL,All ISCED 2011 levels,LIFE,Life as a whole,T,Total,Y_GE16,16 years or over,MK,North Macedonia,2022,,5.4,,,,,
dataflow,ESTAT:ILC_PW01$DEFAULTVIEW(1.0),"Overall life satisfaction by sex, age and educational attainment",A,Annual,AVG,Average,RTG,Rating (0-10),TOTAL,All ISCED 2011 levels,LIFE,Life as a whole,T,Total,Y_GE16,16 years or over,MK,North Macedonia,2023,,5.8,,,,,
dataflow,ESTAT:ILC_PW01$DEFAULTVIEW(1.0),"Overall life satisfaction by sex, age and educational attainment",A,Annual,AVG,Average,RTG,Rating (0-10),TOTAL,All ISCED 2011 levels,LIFE,Life as a whole,T,Total,Y_GE16,16 years or over,MK,North Macedonia,2024,,6.2,,,,,
dataflow,ESTAT:ILC_PW01$DEFAULTVIEW(1.0),"Overall life satisfaction by sex, age and educational attainment",A,Annual,AVG,Average,RTG,Rating (0-10),TOTAL,All ISCED 2011 levels,LIFE,Life as a whole,T,Total,Y_GE16,16 years or over,MT,Malta,2013,,7.1,,u,low reliability,,
dataflow,ESTAT:ILC_PW01$DEFAULTVIEW(1.0),"Overall life satisfaction by sex, age and educational attainment",A,Annual,AVG,Average,RTG,Rating (0-10),TOTAL,All ISCED 2011 levels,LIFE,Life as a whole,T,Total,Y_GE16,16 years or over,MT,Malta,2018,,7.5,,,,,
dataflow,ESTAT:ILC_PW01$DEFAULTVIEW(1.0),"Overall life satisfaction by sex, age and educational attainment",A,Annual,AVG,Average,RTG,Rating (0-10),TOTAL,All ISCED 2011 levels,LIFE,Life as a whole,T,Total,Y_GE16,16 years or over,MT,Malta,2021,,7.1,,,,,
dataflow,ESTAT:ILC_PW01$DEFAULTVIEW(1.0),"Overall life satisfaction by sex, age and educational attainment",A,Annual,AVG,Average,RTG,Rating (0-10),TOTAL,All ISCED 2011 levels,LIFE,Life as a whole,T,Total,Y_GE16,16 years or over,MT,Malta,2022,,7.4,,,,,
dataflow,ESTAT:ILC_PW01$DEFAULTVIEW(1.0),"Overall life satisfaction by sex, age and educational attainment",A,Annual,AVG,Average,RTG,Rating (0-10),TOTAL,All ISCED 2011 levels,LIFE,Life as a whole,T,Total,Y_GE16,16 years or over,MT,Malta,2023,,7.4,,,,,
dataflow,ESTAT:ILC_PW01$DEFAULTVIEW(1.0),"Overall life satisfaction by sex, age and educational attainment",A,Annual,AVG,Average,RTG,Rating (0-10),TOTAL,All ISCED 2011 levels,LIFE,Life as a whole,T,Total,Y_GE16,16 years or over,MT,Malta,2024,,7.5,,,,,
dataflow,ESTAT:ILC_PW01$DEFAULTVIEW(1.0),"Overall life satisfaction by sex, age and educational attainment",A,Annual,AVG,Average,RTG,Rating (0-10),TOTAL,All ISCED 2011 levels,LIFE,Life as a whole,T,Total,Y_GE16,16 years or over,MT,Malta,2025,,7.6,,,,,
dataflow,ESTAT:ILC_PW01$DEFAULTVIEW(1.0),"Overall life satisfaction by sex, age and educational attainment",A,Annual,AVG,Average,RTG,Rating (0-10),TOTAL,All ISCED 2011 levels,LIFE,Life as a whole,T,Total,Y_GE16,16 years or over,NL,Netherlands,2013,,7.8,,,,,
dataflow,ESTAT:ILC_PW01$DEFAULTVIEW(1.0),"Overall life satisfaction by sex, age and educational attainment",A,Annual,AVG,Average,RTG,Rating (0-10),TOTAL,All ISCED 2011 levels,LIFE,Life as a whole,T,Total,Y_GE16,16 years or over,NL,Netherlands,2018,,7.7,,,,,
dataflow,ESTAT:ILC_PW01$DEFAULTVIEW(1.0),"Overall life satisfaction by sex, age and educational attainment",A,Annual,AVG,Average,RTG,Rating (0-10),TOTAL,All ISCED 2011 levels,LIFE,Life as a whole,T,Total,Y_GE16,16 years or over,NL,Netherlands,2021,,7.7,,,,,
dataflow,ESTAT:ILC_PW01$DEFAULTVIEW(1.0),"Overall life satisfaction by sex, age and educational attainment",A,Annual,AVG,Average,RTG,Rating (0-10),TOTAL,All ISCED 2011 levels,LIFE,Life as a whole,T,Total,Y_GE16,16 years or over,NL,Netherlands,2022,,7.7,,,,,
dataflow,ESTAT:ILC_PW01$DEFAULTVIEW(1.0),"Overall life satisfaction by sex, age and educational attainment",A,Annual,AVG,Average,RTG,Rating (0-10),TOTAL,All ISCED 2011 levels,LIFE,Life as a whole,T,Total,Y_GE16,16 years or over,NL,Netherlands,2023,,7.6,,,,,
dataflow,ESTAT:ILC_PW01$DEFAULTVIEW(1.0),"Overall life satisfaction by sex, age and educational attainment",A,Annual,AVG,Average,RTG,Rating (0-10),TOTAL,All ISCED 2011 levels,LIFE,Life as a whole,T,Total,Y_GE16,16 years or over,NL,Netherlands,2024,,7.6,,,,,
dataflow,ESTAT:ILC_PW01$DEFAULTVIEW(1.0),"Overall life satisfaction by sex, age and educational attainment",A,Annual,AVG,Average,RTG,Rating (0-10),TOTAL,All ISCED 2011 levels,LIFE,Life as a whole,T,Total,Y_GE16,16 years or over,NL,Netherlands,2025,,7.6,,,,,
dataflow,ESTAT:ILC_PW01$DEFAULTVIEW(1.0),"Overall life satisfaction by sex, age and educational attainment",A,Annual,AVG,Average,RTG,Rating (0-10),TOTAL,All ISCED 2011 levels,LIFE,Life as a whole,T,Total,Y_GE16,16 years or over,NO,Norway,2013,,7.9,,,,,
dataflow,ESTAT:ILC_PW01$DEFAULTVIEW(1.0),"Overall life satisfaction by sex, age and educational attainment",A,Annual,AVG,Average,RTG,Rating (0-10),TOTAL,All ISCED 2011 levels,LIFE,Life as a whole,T,Total,Y_GE16,16 years or over,NO,Norway,2018,,8.0,,,,,
dataflow,ESTAT:ILC_PW01$DEFAULTVIEW(1.0),"Overall life satisfaction by sex, age and educational attainment",A,Annual,AVG,Average,RTG,Rating (0-10),TOTAL,All ISCED 2011 levels,LIFE,Life as a whole,T,Total,Y_GE16,16 years or over,NO,Norway,2021,,7.5,,,,,
dataflow,ESTAT:ILC_PW01$DEFAULTVIEW(1.0),"Overall life satisfaction by sex, age and educational attainment",A,Annual,AVG,Average,RTG,Rating (0-10),TOTAL,All ISCED 2011 levels,LIFE,Life as a whole,T,Total,Y_GE16,16 years or over,NO,Norway,2022,,7.7,,,,,
dataflow,ESTAT:ILC_PW01$DEFAULTVIEW(1.0),"Overall life satisfaction by sex, age and educational attainment",A,Annual,AVG,Average,RTG,Rating (0-10),TOTAL,All ISCED 2011 levels,LIFE,Life as a whole,T,Total,Y_GE16,16 years or over,NO,Norway,2023,,7.6,,,,,
dataflow,ESTAT:ILC_PW01$DEFAULTVIEW(1.0),"Overall life satisfaction by sex, age and educational attainment",A,Annual,AVG,Average,RTG,Rating (0-10),TOTAL,All ISCED 2011 levels,LIFE,Life as a whole,T,Total,Y_GE16,16 years or over,NO,Norway,2024,,7.6,,,,,
dataflow,ESTAT:ILC_PW01$DEFAULTVIEW(1.0),"Overall life satisfaction by sex, age and educational attainment",A,Annual,AVG,Average,RTG,Rating (0-10),TOTAL,All ISCED 2011 levels,LIFE,Life as a whole,T,Total,Y_GE16,16 years or over,NO,Norway,2025,,7.7,,,,,
dataflow,ESTAT:ILC_PW01$DEFAULTVIEW(1.0),"Overall life satisfaction by sex, age and educational attainment",A,Annual,AVG,Average,RTG,Rating (0-10),TOTAL,All ISCED 2011 levels,LIFE,Life as a whole,T,Total,Y_GE16,16 years or over,PL,Poland,2013,,7.3,,u,low reliability,,
dataflow,ESTAT:ILC_PW01$DEFAULTVIEW(1.0),"Overall life satisfaction by sex, age and educational attainment",A,Annual,AVG,Average,RTG,Rating (0-10),TOTAL,All ISCED 2011 levels,LIFE,Life as a whole,T,Total,Y_GE16,16 years or over,PL,Poland,2018,,7.7,,u,low reliability,,
dataflow,ESTAT:ILC_PW01$DEFAULTVIEW(1.0),"Overall life satisfaction by sex, age and educational attainment",A,Annual,AVG,Average,RTG,Rating (0-10),TOTAL,All ISCED 2011 levels,LIFE,Life as a whole,T,Total,Y_GE16,16 years or over,PL,Poland,2021,,7.5,,u,low reliability,,
dataflow,ESTAT:ILC_PW01$DEFAULTVIEW(1.0),"Overall life satisfaction by sex, age and educational attainment",A,Annual,AVG,Average,RTG,Rating (0-10),TOTAL,All ISCED 2011 levels,LIFE,Life as a whole,T,Total,Y_GE16,16 years or over,PL,Poland,2022,,7.7,,u,low reliability,,
dataflow,ESTAT:ILC_PW01$DEFAULTVIEW(1.0),"Overall life satisfaction by sex, age and educational attainment",A,Annual,AVG,Average,RTG,Rating (0-10),TOTAL,All ISCED 2011 levels,LIFE,Life as a whole,T,Total,Y_GE16,16 years or over,PL,Poland,2023,,7.6,,u,low reliability,,
dataflow,ESTAT:ILC_PW01$DEFAULTVIEW(1.0),"Overall life satisfaction by sex, age and educational attainment",A,Annual,AVG,Average,RTG,Rating (0-10),TOTAL,All ISCED 2011 levels,LIFE,Life as a whole,T,Total,Y_GE16,16 years or over,PL,Poland,2024,,7.6,,u,low reliability,,
dataflow,ESTAT:ILC_PW01$DEFAULTVIEW(1.0),"Overall life satisfaction by sex, age and educational attainment",A,Annual,AVG,Average,RTG,Rating (0-10),TOTAL,All ISCED 2011 levels,LIFE,Life as a whole,T,Total,Y_GE16,16 years or over,PL,Poland,2025,,7.7,,u,low reliability,,
dataflow,ESTAT:ILC_PW01$DEFAULTVIEW(1.0),"Overall life satisfaction by sex, age and educational attainment",A,Annual,AVG,Average,RTG,Rating (0-10),TOTAL,All ISCED 2011 levels,LIFE,Life as a whole,T,Total,Y_GE16,16 years or over,PT,Portugal,2013,,6.2,,u,low reliability,,
dataflow,ESTAT:ILC_PW01$DEFAULTVIEW(1.0),"Overall life satisfaction by sex, age and educational attainment",A,Annual,AVG,Average,RTG,Rating (0-10),TOTAL,All ISCED 2011 levels,LIFE,Life as a whole,T,Total,Y_GE16,16 years or over,PT,Portugal,2018,,6.7,,,,,
dataflow,ESTAT:ILC_PW01$DEFAULTVIEW(1.0),"Overall life satisfaction by sex, age and educational attainment",A,Annual,AVG,Average,RTG,Rating (0-10),TOTAL,All ISCED 2011 levels,LIFE,Life as a whole,T,Total,Y_GE16,16 years or over,PT,Portugal,2021,,,,u,low reliability,,
dataflow,ESTAT:ILC_PW01$DEFAULTVIEW(1.0),"Overall life satisfaction by sex, age and educational attainment",A,Annual,AVG,Average,RTG,Rating (0-10),TOTAL,All ISCED 2011 levels,LIFE,Life as a whole,T,Total,Y_GE16,16 years or over,PT,Portugal,2022,,7.0,,u,low reliability,,
dataflow,ESTAT:ILC_PW01$DEFAULTVIEW(1.0),"Overall life satisfaction by sex, age and educational attainment",A,Annual,AVG,Average,RTG,Rating (0-10),TOTAL,All ISCED 2011 levels,LIFE,Life as a whole,T,Total,Y_GE16,16 years or over,PT,Portugal,2023,,7.1,,u,low reliability,,
dataflow,ESTAT:ILC_PW01$DEFAULTVIEW(1.0),"Overall life satisfaction by sex, age and educational attainment",A,Annual,AVG,Average,RTG,Rating (0-10),TOTAL,All ISCED 2011 levels,LIFE,Life as a whole,T,Total,Y_GE16,16 years or over,PT,Portugal,2024,,7.3,,u,low reliability,,
dataflow,ESTAT:ILC_PW01$DEFAULTVIEW(1.0),"Overall life satisfaction by sex, age and educational attainment",A,Annual,AVG,Average,RTG,Rating (0-10),TOTAL,All ISCED 2011 levels,LIFE,Life as a whole,T,Total,Y_GE16,16 years or over,PT,Portugal,2025,,7.3,,u,low reliability,,
dataflow,ESTAT:ILC_PW01$DEFAULTVIEW(1.0),"Overall life satisfaction by sex, age and educational attainment",A,Annual,AVG,Average,RTG,Rating (0-10),TOTAL,All ISCED 2011 levels,LIFE,Life as a whole,T,Total,Y_GE16,16 years or over,RO,Romania,2013,,7.2,,,,,
dataflow,ESTAT:ILC_PW01$DEFAULTVIEW(1.0),"Overall life satisfaction by sex, age and educational attainment",A,Annual,AVG,Average,RTG,Rating (0-10),TOTAL,All ISCED 2011 levels,LIFE,Life as a whole,T,Total,Y_GE16,16 years or over,RO,Romania,2018,,7.4,,,,,
dataflow,ESTAT:ILC_PW01$DEFAULTVIEW(1.0),"Overall life satisfaction by sex, age and educational attainment",A,Annual,AVG,Average,RTG,Rating (0-10),TOTAL,All ISCED 2011 levels,LIFE,Life as a whole,T,Total,Y_GE16,16 years or over,RO,Romania,2021,,7.7,,,,,
dataflow,ESTAT:ILC_PW01$DEFAULTVIEW(1.0),"Overall life satisfaction by sex, age and educational attainment",A,Annual,AVG,Average,RTG,Rating (0-10),TOTAL,All ISCED 2011 levels,LIFE,Life as a whole,T,Total,Y_GE16,16 years or over,RO,Romania,2022,,7.7,,,,,
dataflow,ESTAT:ILC_PW01$DEFAULTVIEW(1.0),"Overall life satisfaction by sex, age and educational attainment",A,Annual,AVG,Average,RTG,Rating (0-10),TOTAL,All ISCED 2011 levels,LIFE,Life as a whole,T,Total,Y_GE16,16 years or over,RO,Romania,2023,,7.7,,,,,
dataflow,ESTAT:ILC_PW01$DEFAULTVIEW(1.0),"Overall life satisfaction by sex, age and educational attainment",A,Annual,AVG,Average,RTG,Rating (0-10),TOTAL,All ISCED 2011 levels,LIFE,Life as a whole,T,Total,Y_GE16,16 years or over,RO,Romania,2024,,7.7,,,,,
dataflow,ESTAT:ILC_PW01$DEFAULTVIEW(1.0),"Overall life satisfaction by sex, age and educational attainment",A,Annual,AVG,Average,RTG,Rating (0-10),TOTAL,All ISCED 2011 levels,LIFE,Life as a whole,T,Total,Y_GE16,16 years or over,RO,Romania,2025,,7.8,,,,,
dataflow,ESTAT:ILC_PW01$DEFAULTVIEW(1.0),"Overall life satisfaction by sex, age and educational attainment",A,Annual,AVG,Average,RTG,Rating (0-10),TOTAL,All ISCED 2011 levels,LIFE,Life as a whole,T,Total,Y_GE16,16 years or over,RS,Serbia,2013,,5.0,,u,low reliability,,
dataflow,ESTAT:ILC_PW01$DEFAULTVIEW(1.0),"Overall life satisfaction by sex, age and educational attainment",A,Annual,AVG,Average,RTG,Rating (0-10),TOTAL,All ISCED 2011 levels,LIFE,Life as a whole,T,Total,Y_GE16,16 years or over,RS,Serbia,2018,,5.6,,,,,
dataflow,ESTAT:ILC_PW01$DEFAULTVIEW(1.0),"Overall life satisfaction by sex, age and educational attainment",A,Annual,AVG,Average,RTG,Rating (0-10),TOTAL,All ISCED 2011 levels,LIFE,Life as a whole,T,Total,Y_GE16,16 years or over,RS,Serbia,2021,,5.9,,,,,
dataflow,ESTAT:ILC_PW01$DEFAULTVIEW(1.0),"Overall life satisfaction by sex, age and educational attainment",A,Annual,AVG,Average,RTG,Rating (0-10),TOTAL,All ISCED 2011 levels,LIFE,Life as a whole,T,Total,Y_GE16,16 years or over,RS,Serbia,2022,,6.1,,,,,
dataflow,ESTAT:ILC_PW01$DEFAULTVIEW(1.0),"Overall life satisfaction by sex, age and educational attainment",A,Annual,AVG,Average,RTG,Rating (0-10),TOTAL,All ISCED 2011 levels,LIFE,Life as a whole,T,Total,Y_GE16,16 years or over,RS,Serbia,2023,,6.4,,,,,
dataflow,ESTAT:ILC_PW01$DEFAULTVIEW(1.0),"Overall life satisfaction by sex, age and educational attainment",A,Annual,AVG,Average,RTG,Rating (0-10),TOTAL,All ISCED 2011 levels,LIFE,Life as a whole,T,Total,Y_GE16,16 years or over,RS,Serbia,2024,,6.5,,,,,
dataflow,ESTAT:ILC_PW01$DEFAULTVIEW(1.0),"Overall life satisfaction by sex, age and educational attainment",A,Annual,AVG,Average,RTG,Rating (0-10),TOTAL,All ISCED 2011 levels,LIFE,Life as a whole,T,Total,Y_GE16,16 years or over,RS,Serbia,2025,,6.6,,,,,
dataflow,ESTAT:ILC_PW01$DEFAULTVIEW(1.0),"Overall life satisfaction by sex, age and educational attainment",A,Annual,AVG,Average,RTG,Rating (0-10),TOTAL,All ISCED 2011 levels,LIFE,Life as a whole,T,Total,Y_GE16,16 years or over,SE,Sweden,2013,,7.9,,,,,
dataflow,ESTAT:ILC_PW01$DEFAULTVIEW(1.0),"Overall life satisfaction by sex, age and educational attainment",A,Annual,AVG,Average,RTG,Rating (0-10),TOTAL,All ISCED 2011 levels,LIFE,Life as a whole,T,Total,Y_GE16,16 years or over,SE,Sweden,2018,,7.8,,,,,
dataflow,ESTAT:ILC_PW01$DEFAULTVIEW(1.0),"Overall life satisfaction by sex, age and educational attainment",A,Annual,AVG,Average,RTG,Rating (0-10),TOTAL,All ISCED 2011 levels,LIFE,Life as a whole,T,Total,Y_GE16,16 years or over,SE,Sweden,2021,,7.6,,,,,
dataflow,ESTAT:ILC_PW01$DEFAULTVIEW(1.0),"Overall life satisfaction by sex, age and educational attainment",A,Annual,AVG,Average,RTG,Rating (0-10),TOTAL,All ISCED 2011 levels,LIFE,Life as a whole,T,Total,Y_GE16,16 years or over,SE,Sweden,2022,,7.5,,,,,
dataflow,ESTAT:ILC_PW01$DEFAULTVIEW(1.0),"Overall life satisfaction by sex, age and educational attainment",A,Annual,AVG,Average,RTG,Rating (0-10),TOTAL,All ISCED 2011 levels,LIFE,Life as a whole,T,Total,Y_GE16,16 years or over,SE,Sweden,2023,,7.5,,,,,
dataflow,ESTAT:ILC_PW01$DEFAULTVIEW(1.0),"Overall life satisfaction by sex, age and educational attainment",A,Annual,AVG,Average,RTG,Rating (0-10),TOTAL,All ISCED 2011 levels,LIFE,Life as a whole,T,Total,Y_GE16,16 years or over,SE,Sweden,2024,,7.4,,,,,
dataflow,ESTAT:ILC_PW01$DEFAULTVIEW(1.0),"Overall life satisfaction by sex, age and educational attainment",A,Annual,AVG,Average,RTG,Rating (0-10),TOTAL,All ISCED 2011 levels,LIFE,Life as a whole,T,Total,Y_GE16,16 years or over,SE,Sweden,2025,,7.4,,,,,
dataflow,ESTAT:ILC_PW01$DEFAULTVIEW(1.0),"Overall life satisfaction by sex, age and educational attainment",A,Annual,AVG,Average,RTG,Rating (0-10),TOTAL,All ISCED 2011 levels,LIFE,Life as a whole,T,Total,Y_GE16,16 years or over,SI,Slovenia,2013,,7.0,,,,,
dataflow,ESTAT:ILC_PW01$DEFAULTVIEW(1.0),"Overall life satisfaction by sex, age and educational attainment",A,Annual,AVG,Average,RTG,Rating (0-10),TOTAL,All ISCED 2011 levels,LIFE,Life as a whole,T,Total,Y_GE16,16 years or over,SI,Slovenia,2018,,7.2,,,,,
dataflow,ESTAT:ILC_PW01$DEFAULTVIEW(1.0),"Overall life satisfaction by sex, age and educational attainment",A,Annual,AVG,Average,RTG,Rating (0-10),TOTAL,All ISCED 2011 levels,LIFE,Life as a whole,T,Total,Y_GE16,16 years or over,SI,Slovenia,2021,,7.6,,,,,
dataflow,ESTAT:ILC_PW01$DEFAULTVIEW(1.0),"Overall life satisfaction by sex, age and educational attainment",A,Annual,AVG,Average,RTG,Rating (0-10),TOTAL,All ISCED 2011 levels,LIFE,Life as a whole,T,Total,Y_GE16,16 years or over,SI,Slovenia,2022,,7.6,,,,,
dataflow,ESTAT:ILC_PW01$DEFAULTVIEW(1.0),"Overall life satisfaction by sex, age and educational attainment",A,Annual,AVG,Average,RTG,Rating (0-10),TOTAL,All ISCED 2011 levels,LIFE,Life as a whole,T,Total,Y_GE16,16 years or over,SI,Slovenia,2023,,7.7,,b,break in time series,,
dataflow,ESTAT:ILC_PW01$DEFAULTVIEW(1.0),"Overall life satisfaction by sex, age and educational attainment",A,Annual,AVG,Average,RTG,Rating (0-10),TOTAL,All ISCED 2011 levels,LIFE,Life as a whole,T,Total,Y_GE16,16 years or over,SI,Slovenia,2024,,7.7,,,,,
dataflow,ESTAT:ILC_PW01$DEFAULTVIEW(1.0),"Overall life satisfaction by sex, age and educational attainment",A,Annual,AVG,Average,RTG,Rating (0-10),TOTAL,All ISCED 2011 levels,LIFE,Life as a whole,T,Total,Y_GE16,16 years or over,SI,Slovenia,2025,,7.6,,,,,
dataflow,ESTAT:ILC_PW01$DEFAULTVIEW(1.0),"Overall life satisfaction by sex, age and educational attainment",A,Annual,AVG,Average,RTG,Rating (0-10),TOTAL,All ISCED 2011 levels,LIFE,Life as a whole,T,Total,Y_GE16,16 years or over,SK,Slovakia,2013,,7.0,,,,,
dataflow,ESTAT:ILC_PW01$DEFAULTVIEW(1.0),"Overall life satisfaction by sex, age and educational attainment",A,Annual,AVG,Average,RTG,Rating (0-10),TOTAL,All ISCED 2011 levels,LIFE,Life as a whole,T,Total,Y_GE16,16 years or over,SK,Slovakia,2018,,7.1,,,,,
dataflow,ESTAT:ILC_PW01$DEFAULTVIEW(1.0),"Overall life satisfaction by sex, age and educational attainment",A,Annual,AVG,Average,RTG,Rating (0-10),TOTAL,All ISCED 2011 levels,LIFE,Life as a whole,T,Total,Y_GE16,16 years or over,SK,Slovakia,2021,,7.1,,,,,
dataflow,ESTAT:ILC_PW01$DEFAULTVIEW(1.0),"Overall life satisfaction by sex, age and educational attainment",A,Annual,AVG,Average,RTG,Rating (0-10),TOTAL,All ISCED 2011 levels,LIFE,Life as a whole,T,Total,Y_GE16,16 years or over,SK,Slovakia,2022,,7.0,,,,,
dataflow,ESTAT:ILC_PW01$DEFAULTVIEW(1.0),"Overall life satisfaction by sex, age and educational attainment",A,Annual,AVG,Average,RTG,Rating (0-10),TOTAL,All ISCED 2011 levels,LIFE,Life as a whole,T,Total,Y_GE16,16 years or over,SK,Slovakia,2023,,7.3,,,,,
dataflow,ESTAT:ILC_PW01$DEFAULTVIEW(1.0),"Overall life satisfaction by sex, age and educational attainment",A,Annual,AVG,Average,RTG,Rating (0-10),TOTAL,All ISCED 2011 levels,LIFE,Life as a whole,T,Total,Y_GE16,16 years or over,SK,Slovakia,2024,,7.3,,,,,
dataflow,ESTAT:ILC_PW01$DEFAULTVIEW(1.0),"Overall life satisfaction by sex, age and educational attainment",A,Annual,AVG,Average,RTG,Rating (0-10),TOTAL,All ISCED 2011 levels,LIFE,Life as a whole,T,Total,Y_GE16,16 years or over,SK,Slovakia,2025,,7.4,,,,,
dataflow,ESTAT:ILC_PW01$DEFAULTVIEW(1.0),"Overall life satisfaction by sex, age and educational attainment",A,Annual,AVG,Average,RTG,Rating (0-10),TOTAL,All ISCED 2011 levels,LIFE,Life as a whole,T,Total,Y_GE16,16 years or over,TR,Türkiye,2013,,5.8,,u,low reliability,,
dataflow,ESTAT:ILC_PW01$DEFAULTVIEW(1.0),"Overall life satisfaction by sex, age and educational attainment",A,Annual,AVG,Average,RTG,Rating (0-10),TOTAL,All ISCED 2011 levels,LIFE,Life as a whole,T,Total,Y_GE16,16 years or over,TR,Türkiye,2018,,5.7,,,,,
dataflow,ESTAT:ILC_PW01$DEFAULTVIEW(1.0),"Overall life satisfaction by sex, age and educational attainment",A,Annual,AVG,Average,RTG,Rating (0-10),TOTAL,All ISCED 2011 levels,LIFE,Life as a whole,T,Total,Y_GE16,16 years or over,TR,Türkiye,2021,,5.6,,,,,
dataflow,ESTAT:ILC_PW01$DEFAULTVIEW(1.0),"Overall life satisfaction by sex, age and educational attainment",A,Annual,AVG,Average,RTG,Rating (0-10),TOTAL,All ISCED 2011 levels,LIFE,Life as a whole,T,Total,Y_GE16,16 years or over,TR,Türkiye,2022,,5.4,,,,,
dataflow,ESTAT:ILC_PW01$DEFAULTVIEW(1.0),"Overall life satisfaction by sex, age and educational attainment",A,Annual,AVG,Average,RTG,Rating (0-10),TOTAL,All ISCED 2011 levels,LIFE,Life as a whole,T,Total,Y_GE16,16 years or over,TR,Türkiye,2023,,5.6,,,,,
dataflow,ESTAT:ILC_PW01$DEFAULTVIEW(1.0),"Overall life satisfaction by sex, age and educational attainment",A,Annual,AVG,Average,RTG,Rating (0-10),TOTAL,All ISCED 2011 levels,LIFE,Life as a whole,T,Total,Y_GE16,16 years or over,TR,Türkiye,2024,,5.8,,,,,
dataflow,ESTAT:ILC_PW01$DEFAULTVIEW(1.0),"Overall life satisfaction by sex, age and educational attainment",A,Annual,AVG,Average,RTG,Rating (0-10),TOTAL,All ISCED 2011 levels,LIFE,Life as a whole,T,Total,Y_GE16,16 years or over,TR,Türkiye,2025,,5.7,,,,,
dataflow,ESTAT:ILC_PW01$DEFAULTVIEW(1.0),"Overall life satisfaction by sex, age and educational attainment",A,Annual,AVG,Average,RTG,Rating (0-10),TOTAL,All ISCED 2011 levels,LIFE,Life as a whole,T,Total,Y_GE16,16 years or over,UK,United Kingdom,2013,,7.3,,u,low reliability,,
dataflow,ESTAT:ILC_PW01$DEFAULTVIEW(1.0),"Overall life satisfaction by sex, age and educational attainment",A,Annual,AVG,Average,RTG,Rating (0-10),TOTAL,All ISCED 2011 levels,LIFE,Life as a whole,T,Total,Y_GE16,16 years or over,UK,United Kingdom,2018,,7.6,,,,,
dataflow,ESTAT:ILC_PW01$DEFAULTVIEW(1.0),"Overall life satisfaction by sex, age and educational attainment",A,Annual,AVG,Average,RTG,Rating (0-10),TOTAL,All ISCED 2011 levels,LIFE,Life as a whole,T,Total,Y_GE16,16 years or over,XK,Kosovo*,2018,,5.9,,,,,
